#
# There is insufficient memory for the Java Runtime Environment to continue.
# Native memory allocation (malloc) failed to allocate 1848192 bytes. Error detail: Chunk::new
# Possible reasons:
#   The system is out of physical RAM or swap space
#   This process is running with CompressedOops enabled, and the Java Heap may be blocking the growth of the native heap
# Possible solutions:
#   Reduce memory load on the system
#   Increase physical memory or swap space
#   Check if swap backing store is full
#   Decrease Java heap size (-Xmx/-Xms)
#   Decrease number of Java threads
#   Decrease Java thread stack sizes (-Xss)
#   Set larger code cache with -XX:ReservedCodeCacheSize=
#   JVM is running with Zero Based Compressed Oops mode in which the Java heap is
#     placed in the first 32GB address space. The Java Heap base address is the
#     maximum limit for the native heap growth. Please use -XX:HeapBaseMinAddress
#     to set the Java Heap base and to place the Java Heap above 32GB virtual address.
# This output file may be truncated or incomplete.
#
#  Out of Memory Error (arena.cpp:191), pid=15252, tid=29560
#
# JRE version: OpenJDK Runtime Environment Microsoft-13106358 (17.0.18+8) (build 17.0.18+8-LTS)
# Java VM: OpenJDK 64-Bit Server VM Microsoft-13106358 (17.0.18+8-LTS, mixed mode, sharing, tiered, compressed oops, compressed class ptrs, g1 gc, windows-amd64)
# No core dump will be written. Minidumps are not enabled by default on client versions of Windows
#

---------------  S U M M A R Y ------------

Command Line: --add-opens=java.base/java.util=ALL-UNNAMED --add-opens=java.base/java.lang=ALL-UNNAMED --add-opens=java.base/java.lang.invoke=ALL-UNNAMED --add-opens=java.prefs/java.util.prefs=ALL-UNNAMED --add-opens=java.base/java.nio.charset=ALL-UNNAMED --add-opens=java.base/java.net=ALL-UNNAMED --add-opens=java.base/java.util.concurrent.atomic=ALL-UNNAMED -Xmx3G -Dfile.encoding=UTF-8 -Duser.country=CN -Duser.language=zh -Duser.variant -javaagent:C:\Users\Lenovo\.gradle\wrapper\dists\gradle-8.8-bin\dl7vupf4psengwqhwktix4v1\gradle-8.8\lib\agents\gradle-instrumentation-agent-8.8.jar org.gradle.launcher.daemon.bootstrap.GradleDaemon 8.8

Host: 12th Gen Intel(R) Core(TM) i7-12700H, 20 cores, 15G,  Windows 11 , 64 bit Build 26100 (10.0.26100.7920)
Time: Thu May  7 04:18:42 2026  Windows 11 , 64 bit Build 26100 (10.0.26100.7920) elapsed time: 17.562754 seconds (0d 0h 0m 17s)

---------------  T H R E A D  ---------------

Current thread (0x000001d915ceff20):  JavaThread "C2 CompilerThread5" daemon [_thread_in_native, id=29560, stack(0x00000043d3200000,0x00000043d3300000)]


Current CompileTask:
C2:17562 12289       4       com.sun.tools.javac.code.Types::union (134 bytes)

Stack: [0x00000043d3200000,0x00000043d3300000]
Native frames: (J=compiled Java code, j=interpreted, Vv=VM code, C=native code)
V  [jvm.dll+0x68c879]  (no source info available)
V  [jvm.dll+0x845979]  (no source info available)
V  [jvm.dll+0x8476e8]  (no source info available)
V  [jvm.dll+0x847d73]  (no source info available)
V  [jvm.dll+0x24cf6f]  (no source info available)
V  [jvm.dll+0xaecb6]  (no source info available)
V  [jvm.dll+0xaf35c]  (no source info available)
V  [jvm.dll+0x37174e]  (no source info available)
V  [jvm.dll+0x33b985]  (no source info available)
V  [jvm.dll+0x33adea]  (no source info available)
V  [jvm.dll+0x21df29]  (no source info available)
V  [jvm.dll+0x21d36d]  (no source info available)
V  [jvm.dll+0x1a8ce6]  (no source info available)
V  [jvm.dll+0x22db1b]  (no source info available)
V  [jvm.dll+0x22bca6]  (no source info available)
V  [jvm.dll+0x7fbabb]  (no source info available)
V  [jvm.dll+0x7f5ebc]  (no source info available)
V  [jvm.dll+0x68de17]  (no source info available)
C  [ucrtbase.dll+0x37b0]  (no source info available)
C  [KERNEL32.DLL+0x2e8d7]  (no source info available)
C  [ntdll.dll+0x8c48c]  (no source info available)


---------------  P R O C E S S  ---------------

Threads class SMR info:
_java_thread_list=0x000001d9191e2150, length=182, elements={
0x000001d8add3c8b0, 0x000001d8cf835db0, 0x000001d8cf836880, 0x000001d8cf84ff00,
0x000001d8cf8527e0, 0x000001d8cf853c20, 0x000001d8cf859070, 0x000001d8cf85d360,
0x000001d8cf870990, 0x000001d8cf8912b0, 0x000001d8cf94d1e0, 0x000001d8cf5fb2e0,
0x000001d8cf5fb9c0, 0x000001d8cfa8ab10, 0x000001d916383830, 0x000001d8cf9ea400,
0x000001d916ed53f0, 0x000001d916ec85d0, 0x000001d916e60040, 0x000001d9166f10f0,
0x000001d9166f3e80, 0x000001d9166f48a0, 0x000001d9166f2f50, 0x000001d9166f1600,
0x000001d9166f4390, 0x000001d917457f80, 0x000001d917458eb0, 0x000001d9174593c0,
0x000001d9174589a0, 0x000001d917456120, 0x000001d917459de0, 0x000001d917456630,
0x000001d91745a2f0, 0x000001d917457050, 0x000001d91745b730, 0x000001d91745d080,
0x000001d91745cb70, 0x000001d9166f2020, 0x000001d917315e60, 0x000001d9173130d0,
0x000001d917316880, 0x000001d9173135e0, 0x000001d917316370, 0x000001d917314000,
0x000001d917314510, 0x000001d917313af0, 0x000001d917314a20, 0x000001d917314f30,
0x000001d917315440, 0x000001d917315950, 0x000001d9173754a0, 0x000001d9173763d0,
0x000001d917375ec0, 0x000001d917374570, 0x000001d917377300, 0x000001d9173768e0,
0x000001d917376df0, 0x000001d9173759b0, 0x000001d917374a80, 0x000001d917374f90,
0x000001d917377810, 0x000001d917374060, 0x000001d917378740, 0x000001d917377d20,
0x000001d917379670, 0x000001d91737a090, 0x000001d91737a5a0, 0x000001d91737afc0,
0x000001d917379b80, 0x000001d91737b4d0, 0x000001d91737b9e0, 0x000001d917378c50,
0x000001d91737aab0, 0x000001d917378230, 0x000001d917379160, 0x000001d91c5a7d30,
0x000001d91c5a9680, 0x000001d91c5a9b90, 0x000001d91c5a6e00, 0x000001d91c5a9170,
0x000001d91c5aa0a0, 0x000001d91c5a7310, 0x000001d91c5a68f0, 0x000001d91c5aa5b0,
0x000001d91c5a7820, 0x000001d91c5aaac0, 0x000001d91c5a8240, 0x000001d91c5a8c60,
0x000001d91c5ab4e0, 0x000001d91c5aafd0, 0x000001d91c5ab9f0, 0x000001d91c5abf00,
0x000001d91c5a8750, 0x000001d91c5ac410, 0x000001d91c5ac920, 0x000001d91c5ae270,
0x000001d91c5ace30, 0x000001d91c5ad340, 0x000001d91c5ad850, 0x000001d91c5add60,
0x000001d91a4bc890, 0x000001d91a4baa30, 0x000001d91a4ba010, 0x000001d91a4bec00,
0x000001d91a4bdcd0, 0x000001d91a4be6f0, 0x000001d91a4bb450, 0x000001d91a4bcda0,
0x000001d91a4be1e0, 0x000001d91a4bf110, 0x000001d91a4bd2b0, 0x000001d919ac35b0,
0x000001d91a4bfb30, 0x000001d91a4c0f70, 0x000001d91a4c1990, 0x000001d91a4c0550,
0x000001d91a4c0040, 0x000001d91a4c0a60, 0x000001d91a4c1480, 0x000001d916f7ae80,
0x000001d916f7bdb0, 0x000001d916f7a970, 0x000001d916f79f50, 0x000001d916f79a40,
0x000001d916f7a460, 0x000001d916f78600, 0x000001d916f7b390, 0x000001d916f7b8a0,
0x000001d916f7c2c0, 0x000001d916f78b10, 0x000001d916f7c7d0, 0x000001d916f7cce0,
0x000001d916f79530, 0x000001d916f7f560, 0x000001d916f7d1f0, 0x000001d916f7e630,
0x000001d916f7f050, 0x000001d916f7d700, 0x000001d916f7e120, 0x000001d916f7dc10,
0x000001d916f7eb40, 0x000001d916f7fa70, 0x000001d916f7ff80, 0x000001d917455c10,
0x000001d91745ad10, 0x000001d9166f1b10, 0x000001d91b75cc80, 0x000001d91b75bd50,
0x000001d919ac45a0, 0x000001d91b75c260, 0x000001d91b75d190, 0x000001d91b75c770,
0x000001d91b75d6a0, 0x000001d91b75ae20, 0x000001d91b75dbb0, 0x000001d91b75e0c0,
0x000001d91b75e5d0, 0x000001d91b75eae0, 0x000001d91b761d80, 0x000001d91b75eff0,
0x000001d91b75b840, 0x000001d91b75fa10, 0x000001d91b75ff20, 0x000001d91b760940,
0x000001d91b75f500, 0x000001d91b762290, 0x000001d91b761360, 0x000001d91b760430,
0x000001d91b7627a0, 0x000001d91b761870, 0x000001d919058e70, 0x000001d919058450,
0x000001d919057a30, 0x000001d9190560e0, 0x000001d919059890, 0x000001d919059da0,
0x000001d919ac3060, 0x000001d919ac5590, 0x000001d919ac4af0, 0x000001d915ceff20,
0x000001d915ceca00, 0x000001d915cedf40
}

Java Threads: ( => current thread )
  0x000001d8add3c8b0 JavaThread "main" [_thread_blocked, id=8224, stack(0x00000043c6500000,0x00000043c6600000)]
  0x000001d8cf835db0 JavaThread "Reference Handler" daemon [_thread_blocked, id=30408, stack(0x00000043c6c00000,0x00000043c6d00000)]
  0x000001d8cf836880 JavaThread "Finalizer" daemon [_thread_blocked, id=25540, stack(0x00000043c6d00000,0x00000043c6e00000)]
  0x000001d8cf84ff00 JavaThread "Signal Dispatcher" daemon [_thread_blocked, id=26692, stack(0x00000043c6e00000,0x00000043c6f00000)]
  0x000001d8cf8527e0 JavaThread "Attach Listener" daemon [_thread_blocked, id=25844, stack(0x00000043c6f00000,0x00000043c7000000)]
  0x000001d8cf853c20 JavaThread "Service Thread" daemon [_thread_blocked, id=25940, stack(0x00000043c7000000,0x00000043c7100000)]
  0x000001d8cf859070 JavaThread "Monitor Deflation Thread" daemon [_thread_blocked, id=28016, stack(0x00000043c7100000,0x00000043c7200000)]
  0x000001d8cf85d360 JavaThread "C2 CompilerThread0" daemon [_thread_in_vm, id=30176, stack(0x00000043c7200000,0x00000043c7300000)]
  0x000001d8cf870990 JavaThread "C1 CompilerThread0" daemon [_thread_in_native, id=29864, stack(0x00000043c7300000,0x00000043c7400000)]
  0x000001d8cf8912b0 JavaThread "Sweeper thread" daemon [_thread_blocked, id=10156, stack(0x00000043c7400000,0x00000043c7500000)]
  0x000001d8cf94d1e0 JavaThread "C1 CompilerThread1" daemon [_thread_blocked, id=21708, stack(0x00000043c7500000,0x00000043c7600000)]
  0x000001d8cf5fb2e0 JavaThread "Common-Cleaner" daemon [_thread_blocked, id=15348, stack(0x00000043c7600000,0x00000043c7700000)]
  0x000001d8cf5fb9c0 JavaThread "C1 CompilerThread2" daemon [_thread_blocked, id=29776, stack(0x00000043c7700000,0x00000043c7800000)]
  0x000001d8cfa8ab10 JavaThread "Notification Thread" daemon [_thread_blocked, id=18032, stack(0x00000043c7900000,0x00000043c7a00000)]
  0x000001d916383830 JavaThread "Daemon health stats" [_thread_blocked, id=15316, stack(0x00000043c7b00000,0x00000043c7c00000)]
  0x000001d8cf9ea400 JavaThread "Incoming local TCP Connector on port 61934" [_thread_in_native, id=18880, stack(0x00000043c7800000,0x00000043c7900000)]
  0x000001d916ed53f0 JavaThread "Daemon periodic checks" [_thread_blocked, id=17356, stack(0x00000043c7c00000,0x00000043c7d00000)]
  0x000001d916ec85d0 JavaThread "Daemon" [_thread_blocked, id=30564, stack(0x00000043c8400000,0x00000043c8500000)]
  0x000001d916e60040 JavaThread "Handler for socket connection from /127.0.0.1:61934 to /127.0.0.1:61935" [_thread_in_native, id=8372, stack(0x00000043c8500000,0x00000043c8600000)]
  0x000001d9166f10f0 JavaThread "Cancel handler" [_thread_blocked, id=30512, stack(0x00000043c8600000,0x00000043c8700000)]
  0x000001d9166f3e80 JavaThread "Daemon worker" [_thread_blocked, id=10352, stack(0x00000043c8700000,0x00000043c8800000)]
  0x000001d9166f48a0 JavaThread "Asynchronous log dispatcher for DefaultDaemonConnection: socket connection from /127.0.0.1:61934 to /127.0.0.1:61935" [_thread_blocked, id=30480, stack(0x00000043c8800000,0x00000043c8900000)]
  0x000001d9166f2f50 JavaThread "Stdin handler" [_thread_blocked, id=12484, stack(0x00000043c8900000,0x00000043c8a00000)]
  0x000001d9166f1600 JavaThread "Daemon client event forwarder" [_thread_blocked, id=11760, stack(0x00000043c8a00000,0x00000043c8b00000)]
  0x000001d9166f4390 JavaThread "Cache worker for journal cache (C:\Users\Lenovo\.gradle\caches\journal-1)" [_thread_blocked, id=19384, stack(0x00000043c8b00000,0x00000043c8c00000)]
  0x000001d917457f80 JavaThread "File lock request listener" [_thread_in_native, id=21200, stack(0x00000043c8c00000,0x00000043c8d00000)]
  0x000001d917458eb0 JavaThread "Cache worker for file hash cache (C:\Users\Lenovo\.gradle\caches\8.8\fileHashes)" [_thread_blocked, id=26340, stack(0x00000043c8d00000,0x00000043c8e00000)]
  0x000001d9174593c0 JavaThread "Cache worker for file hash cache (C:\Users\Lenovo\Desktop\Ai_Run\better-luck-lootr-1.20.1\.gradle\8.8\fileHashes)" [_thread_blocked, id=11392, stack(0x00000043c8f00000,0x00000043c9000000)]
  0x000001d9174589a0 JavaThread "File watcher server" daemon [_thread_in_native, id=26332, stack(0x00000043c9000000,0x00000043c9100000)]
  0x000001d917456120 JavaThread "File watcher consumer" daemon [_thread_blocked, id=15908, stack(0x00000043c9100000,0x00000043c9200000)]
  0x000001d917459de0 JavaThread "Cache worker for checksums cache (C:\Users\Lenovo\Desktop\Ai_Run\better-luck-lootr-1.20.1\.gradle\8.8\checksums)" [_thread_blocked, id=7312, stack(0x00000043c9e00000,0x00000043c9f00000)]
  0x000001d917456630 JavaThread "Cache worker for file content cache (C:\Users\Lenovo\.gradle\caches\8.8\fileContent)" [_thread_blocked, id=14964, stack(0x00000043c9f00000,0x00000043ca000000)]
  0x000001d91745a2f0 JavaThread "Cache worker for cache directory md-rule (C:\Users\Lenovo\.gradle\caches\8.8\md-rule)" [_thread_blocked, id=21776, stack(0x00000043ca000000,0x00000043ca100000)]
  0x000001d917457050 JavaThread "Cache worker for cache directory md-supplier (C:\Users\Lenovo\.gradle\caches\8.8\md-supplier)" [_thread_blocked, id=4000, stack(0x00000043ca100000,0x00000043ca200000)]
  0x000001d91745b730 JavaThread "jar transforms" [_thread_blocked, id=21928, stack(0x00000043ca400000,0x00000043ca500000)]
  0x000001d91745d080 JavaThread "Unconstrained build operations" [_thread_blocked, id=15164, stack(0x00000043ca500000,0x00000043ca600000)]
  0x000001d91745cb70 JavaThread "Unconstrained build operations Thread 2" [_thread_blocked, id=19448, stack(0x00000043ca600000,0x00000043ca700000)]
  0x000001d9166f2020 JavaThread "Unconstrained build operations Thread 3" [_thread_blocked, id=30692, stack(0x00000043ca700000,0x00000043ca800000)]
  0x000001d917315e60 JavaThread "Unconstrained build operations Thread 4" [_thread_blocked, id=16488, stack(0x00000043ca800000,0x00000043ca900000)]
  0x000001d9173130d0 JavaThread "Unconstrained build operations Thread 5" [_thread_blocked, id=30124, stack(0x00000043ca900000,0x00000043caa00000)]
  0x000001d917316880 JavaThread "Unconstrained build operations Thread 6" [_thread_blocked, id=25460, stack(0x00000043caa00000,0x00000043cab00000)]
  0x000001d9173135e0 JavaThread "jar transforms Thread 2" [_thread_blocked, id=30532, stack(0x00000043cab00000,0x00000043cac00000)]
  0x000001d917316370 JavaThread "Cache worker for Build Output Cleanup Cache (C:\Users\Lenovo\Desktop\Ai_Run\better-luck-lootr-1.20.1\.gradle\buildOutputCleanup)" [_thread_blocked, id=11868, stack(0x00000043cac00000,0x00000043cad00000)]
  0x000001d917314000 JavaThread "jar transforms Thread 3" [_thread_blocked, id=12152, stack(0x00000043cad00000,0x00000043cae00000)]
  0x000001d917314510 JavaThread "Unconstrained build operations Thread 7" [_thread_blocked, id=29056, stack(0x00000043cae00000,0x00000043caf00000)]
  0x000001d917313af0 JavaThread "Unconstrained build operations Thread 8" [_thread_blocked, id=16088, stack(0x00000043caf00000,0x00000043cb000000)]
  0x000001d917314a20 JavaThread "Unconstrained build operations Thread 9" [_thread_blocked, id=7176, stack(0x00000043cb000000,0x00000043cb100000)]
  0x000001d917314f30 JavaThread "Unconstrained build operations Thread 10" [_thread_blocked, id=3628, stack(0x00000043cb100000,0x00000043cb200000)]
  0x000001d917315440 JavaThread "Unconstrained build operations Thread 11" [_thread_blocked, id=8188, stack(0x00000043cb200000,0x00000043cb300000)]
  0x000001d917315950 JavaThread "Unconstrained build operations Thread 12" [_thread_blocked, id=30552, stack(0x00000043cb300000,0x00000043cb400000)]
  0x000001d9173754a0 JavaThread "Unconstrained build operations Thread 13" [_thread_blocked, id=24748, stack(0x00000043cb400000,0x00000043cb500000)]
  0x000001d9173763d0 JavaThread "Unconstrained build operations Thread 14" [_thread_blocked, id=27284, stack(0x00000043cb500000,0x00000043cb600000)]
  0x000001d917375ec0 JavaThread "Unconstrained build operations Thread 15" [_thread_blocked, id=24252, stack(0x00000043cb600000,0x00000043cb700000)]
  0x000001d917374570 JavaThread "Unconstrained build operations Thread 16" [_thread_blocked, id=8392, stack(0x00000043cb700000,0x00000043cb800000)]
  0x000001d917377300 JavaThread "Unconstrained build operations Thread 17" [_thread_blocked, id=16564, stack(0x00000043cb800000,0x00000043cb900000)]
  0x000001d9173768e0 JavaThread "Unconstrained build operations Thread 18" [_thread_blocked, id=30148, stack(0x00000043cb900000,0x00000043cba00000)]
  0x000001d917376df0 JavaThread "Unconstrained build operations Thread 19" [_thread_blocked, id=1940, stack(0x00000043cba00000,0x00000043cbb00000)]
  0x000001d9173759b0 JavaThread "Unconstrained build operations Thread 20" [_thread_blocked, id=11780, stack(0x00000043cbb00000,0x00000043cbc00000)]
  0x000001d917374a80 JavaThread "Unconstrained build operations Thread 21" [_thread_blocked, id=9340, stack(0x00000043cbc00000,0x00000043cbd00000)]
  0x000001d917374f90 JavaThread "Unconstrained build operations Thread 22" [_thread_blocked, id=11936, stack(0x00000043cbd00000,0x00000043cbe00000)]
  0x000001d917377810 JavaThread "Unconstrained build operations Thread 23" [_thread_blocked, id=12744, stack(0x00000043cbe00000,0x00000043cbf00000)]
  0x000001d917374060 JavaThread "Unconstrained build operations Thread 24" [_thread_blocked, id=7064, stack(0x00000043cbf00000,0x00000043cc000000)]
  0x000001d917378740 JavaThread "Unconstrained build operations Thread 25" [_thread_blocked, id=27704, stack(0x00000043cc000000,0x00000043cc100000)]
  0x000001d917377d20 JavaThread "Unconstrained build operations Thread 26" [_thread_blocked, id=24700, stack(0x00000043cc100000,0x00000043cc200000)]
  0x000001d917379670 JavaThread "Unconstrained build operations Thread 27" [_thread_blocked, id=21696, stack(0x00000043cc200000,0x00000043cc300000)]
  0x000001d91737a090 JavaThread "Unconstrained build operations Thread 28" [_thread_blocked, id=18456, stack(0x00000043cc300000,0x00000043cc400000)]
  0x000001d91737a5a0 JavaThread "Unconstrained build operations Thread 29" [_thread_blocked, id=4992, stack(0x00000043cc400000,0x00000043cc500000)]
  0x000001d91737afc0 JavaThread "Unconstrained build operations Thread 30" [_thread_blocked, id=7248, stack(0x00000043cc500000,0x00000043cc600000)]
  0x000001d917379b80 JavaThread "Unconstrained build operations Thread 31" [_thread_blocked, id=29268, stack(0x00000043cc600000,0x00000043cc700000)]
  0x000001d91737b4d0 JavaThread "Unconstrained build operations Thread 32" [_thread_blocked, id=30364, stack(0x00000043cc700000,0x00000043cc800000)]
  0x000001d91737b9e0 JavaThread "Unconstrained build operations Thread 33" [_thread_blocked, id=2188, stack(0x00000043cc800000,0x00000043cc900000)]
  0x000001d917378c50 JavaThread "Unconstrained build operations Thread 34" [_thread_blocked, id=29872, stack(0x00000043cc900000,0x00000043cca00000)]
  0x000001d91737aab0 JavaThread "Unconstrained build operations Thread 35" [_thread_blocked, id=29232, stack(0x00000043cca00000,0x00000043ccb00000)]
  0x000001d917378230 JavaThread "Unconstrained build operations Thread 36" [_thread_blocked, id=28796, stack(0x00000043ccb00000,0x00000043ccc00000)]
  0x000001d917379160 JavaThread "Unconstrained build operations Thread 37" [_thread_blocked, id=29652, stack(0x00000043ccc00000,0x00000043ccd00000)]
  0x000001d91c5a7d30 JavaThread "Unconstrained build operations Thread 38" [_thread_blocked, id=18784, stack(0x00000043ccd00000,0x00000043cce00000)]
  0x000001d91c5a9680 JavaThread "Unconstrained build operations Thread 39" [_thread_blocked, id=11372, stack(0x00000043cce00000,0x00000043ccf00000)]
  0x000001d91c5a9b90 JavaThread "Unconstrained build operations Thread 40" [_thread_blocked, id=29592, stack(0x00000043ccf00000,0x00000043cd000000)]
  0x000001d91c5a6e00 JavaThread "Unconstrained build operations Thread 41" [_thread_blocked, id=1936, stack(0x00000043cd000000,0x00000043cd100000)]
  0x000001d91c5a9170 JavaThread "Unconstrained build operations Thread 42" [_thread_blocked, id=29172, stack(0x00000043cd100000,0x00000043cd200000)]
  0x000001d91c5aa0a0 JavaThread "Unconstrained build operations Thread 43" [_thread_blocked, id=23932, stack(0x00000043cd200000,0x00000043cd300000)]
  0x000001d91c5a7310 JavaThread "Unconstrained build operations Thread 44" [_thread_blocked, id=4668, stack(0x00000043cd300000,0x00000043cd400000)]
  0x000001d91c5a68f0 JavaThread "Unconstrained build operations Thread 45" [_thread_blocked, id=26176, stack(0x00000043cd400000,0x00000043cd500000)]
  0x000001d91c5aa5b0 JavaThread "Unconstrained build operations Thread 46" [_thread_blocked, id=25500, stack(0x00000043cd500000,0x00000043cd600000)]
  0x000001d91c5a7820 JavaThread "Unconstrained build operations Thread 47" [_thread_blocked, id=21848, stack(0x00000043cd600000,0x00000043cd700000)]
  0x000001d91c5aaac0 JavaThread "Unconstrained build operations Thread 48" [_thread_blocked, id=14092, stack(0x00000043cd700000,0x00000043cd800000)]
  0x000001d91c5a8240 JavaThread "Unconstrained build operations Thread 49" [_thread_blocked, id=22384, stack(0x00000043cd800000,0x00000043cd900000)]
  0x000001d91c5a8c60 JavaThread "Unconstrained build operations Thread 50" [_thread_blocked, id=18904, stack(0x00000043cd900000,0x00000043cda00000)]
  0x000001d91c5ab4e0 JavaThread "Unconstrained build operations Thread 51" [_thread_blocked, id=17476, stack(0x00000043cda00000,0x00000043cdb00000)]
  0x000001d91c5aafd0 JavaThread "Unconstrained build operations Thread 52" [_thread_blocked, id=23396, stack(0x00000043cdb00000,0x00000043cdc00000)]
  0x000001d91c5ab9f0 JavaThread "Unconstrained build operations Thread 53" [_thread_blocked, id=18948, stack(0x00000043cdc00000,0x00000043cdd00000)]
  0x000001d91c5abf00 JavaThread "Unconstrained build operations Thread 54" [_thread_blocked, id=19672, stack(0x00000043cdd00000,0x00000043cde00000)]
  0x000001d91c5a8750 JavaThread "Unconstrained build operations Thread 55" [_thread_blocked, id=29832, stack(0x00000043cde00000,0x00000043cdf00000)]
  0x000001d91c5ac410 JavaThread "Unconstrained build operations Thread 56" [_thread_blocked, id=27960, stack(0x00000043cdf00000,0x00000043ce000000)]
  0x000001d91c5ac920 JavaThread "Unconstrained build operations Thread 57" [_thread_blocked, id=29812, stack(0x00000043ce000000,0x00000043ce100000)]
  0x000001d91c5ae270 JavaThread "Unconstrained build operations Thread 58" [_thread_blocked, id=28944, stack(0x00000043ce100000,0x00000043ce200000)]
  0x000001d91c5ace30 JavaThread "Unconstrained build operations Thread 59" [_thread_blocked, id=6032, stack(0x00000043ce200000,0x00000043ce300000)]
  0x000001d91c5ad340 JavaThread "Unconstrained build operations Thread 60" [_thread_blocked, id=29464, stack(0x00000043ce300000,0x00000043ce400000)]
  0x000001d91c5ad850 JavaThread "Unconstrained build operations Thread 61" [_thread_blocked, id=29852, stack(0x00000043ce400000,0x00000043ce500000)]
  0x000001d91c5add60 JavaThread "Unconstrained build operations Thread 62" [_thread_blocked, id=12984, stack(0x00000043ce500000,0x00000043ce600000)]
  0x000001d91a4bc890 JavaThread "Unconstrained build operations Thread 63" [_thread_blocked, id=9496, stack(0x00000043ce600000,0x00000043ce700000)]
  0x000001d91a4baa30 JavaThread "Memory manager" [_thread_blocked, id=16076, stack(0x00000043c8e00000,0x00000043c8f00000)]
  0x000001d91a4ba010 JavaThread "jar transforms Thread 4" [_thread_blocked, id=7544, stack(0x00000043ce900000,0x00000043cea00000)]
  0x000001d91a4bec00 JavaThread "Unconstrained build operations Thread 64" [_thread_blocked, id=25956, stack(0x00000043cec00000,0x00000043ced00000)]
  0x000001d91a4bdcd0 JavaThread "Unconstrained build operations Thread 65" [_thread_blocked, id=26720, stack(0x00000043ced00000,0x00000043cee00000)]
  0x000001d91a4be6f0 JavaThread "Unconstrained build operations Thread 66" [_thread_blocked, id=27204, stack(0x00000043cee00000,0x00000043cef00000)]
  0x000001d91a4bb450 JavaThread "Unconstrained build operations Thread 67" [_thread_blocked, id=30024, stack(0x00000043cef00000,0x00000043cf000000)]
  0x000001d91a4bcda0 JavaThread "Unconstrained build operations Thread 68" [_thread_blocked, id=976, stack(0x00000043cf000000,0x00000043cf100000)]
  0x000001d91a4be1e0 JavaThread "Unconstrained build operations Thread 69" [_thread_blocked, id=24876, stack(0x00000043cf100000,0x00000043cf200000)]
  0x000001d91a4bf110 JavaThread "Unconstrained build operations Thread 70" [_thread_blocked, id=28264, stack(0x00000043cf200000,0x00000043cf300000)]
  0x000001d91a4bd2b0 JavaThread "Unconstrained build operations Thread 71" [_thread_blocked, id=27380, stack(0x00000043cf300000,0x00000043cf400000)]
  0x000001d919ac35b0 JavaThread "C1 CompilerThread3" daemon [_thread_in_native, id=28176, stack(0x00000043cf400000,0x00000043cf500000)]
  0x000001d91a4bfb30 JavaThread "Unconstrained build operations Thread 72" [_thread_blocked, id=30476, stack(0x00000043c8200000,0x00000043c8300000)]
  0x000001d91a4c0f70 JavaThread "Unconstrained build operations Thread 73" [_thread_blocked, id=29572, stack(0x00000043ca200000,0x00000043ca300000)]
  0x000001d91a4c1990 JavaThread "Unconstrained build operations Thread 74" [_thread_blocked, id=28524, stack(0x00000043ca300000,0x00000043ca400000)]
  0x000001d91a4c0550 JavaThread "Unconstrained build operations Thread 75" [_thread_blocked, id=9436, stack(0x00000043ce700000,0x00000043ce800000)]
  0x000001d91a4c0040 JavaThread "Unconstrained build operations Thread 76" [_thread_blocked, id=8676, stack(0x00000043ce800000,0x00000043ce900000)]
  0x000001d91a4c0a60 JavaThread "Unconstrained build operations Thread 77" [_thread_blocked, id=8840, stack(0x00000043cea00000,0x00000043ceb00000)]
  0x000001d91a4c1480 JavaThread "Unconstrained build operations Thread 78" [_thread_blocked, id=27040, stack(0x00000043ceb00000,0x00000043cec00000)]
  0x000001d916f7ae80 JavaThread "Unconstrained build operations Thread 79" [_thread_blocked, id=8528, stack(0x00000043cf600000,0x00000043cf700000)]
  0x000001d916f7bdb0 JavaThread "Unconstrained build operations Thread 80" [_thread_blocked, id=6588, stack(0x00000043cf700000,0x00000043cf800000)]
  0x000001d916f7a970 JavaThread "Unconstrained build operations Thread 81" [_thread_blocked, id=29684, stack(0x00000043cf800000,0x00000043cf900000)]
  0x000001d916f79f50 JavaThread "Unconstrained build operations Thread 82" [_thread_blocked, id=28916, stack(0x00000043cf900000,0x00000043cfa00000)]
  0x000001d916f79a40 JavaThread "Unconstrained build operations Thread 83" [_thread_blocked, id=12420, stack(0x00000043cfa00000,0x00000043cfb00000)]
  0x000001d916f7a460 JavaThread "Unconstrained build operations Thread 84" [_thread_blocked, id=29740, stack(0x00000043cfb00000,0x00000043cfc00000)]
  0x000001d916f78600 JavaThread "Unconstrained build operations Thread 85" [_thread_blocked, id=26936, stack(0x00000043cfc00000,0x00000043cfd00000)]
  0x000001d916f7b390 JavaThread "Unconstrained build operations Thread 86" [_thread_blocked, id=27340, stack(0x00000043cfd00000,0x00000043cfe00000)]
  0x000001d916f7b8a0 JavaThread "Unconstrained build operations Thread 87" [_thread_blocked, id=19508, stack(0x00000043cfe00000,0x00000043cff00000)]
  0x000001d916f7c2c0 JavaThread "Unconstrained build operations Thread 88" [_thread_blocked, id=22364, stack(0x00000043cff00000,0x00000043d0000000)]
  0x000001d916f78b10 JavaThread "Unconstrained build operations Thread 89" [_thread_blocked, id=13588, stack(0x00000043d0000000,0x00000043d0100000)]
  0x000001d916f7c7d0 JavaThread "Unconstrained build operations Thread 90" [_thread_blocked, id=30632, stack(0x00000043d0100000,0x00000043d0200000)]
  0x000001d916f7cce0 JavaThread "ForkJoinPool.commonPool-worker-1" daemon [_thread_blocked, id=13280, stack(0x00000043d0700000,0x00000043d0800000)]
  0x000001d916f79530 JavaThread "ForkJoinPool.commonPool-worker-2" daemon [_thread_blocked, id=11072, stack(0x00000043d0800000,0x00000043d0900000)]
  0x000001d916f7f560 JavaThread "ForkJoinPool.commonPool-worker-3" daemon [_thread_blocked, id=28824, stack(0x00000043d0900000,0x00000043d0a00000)]
  0x000001d916f7d1f0 JavaThread "ForkJoinPool.commonPool-worker-4" daemon [_thread_blocked, id=14852, stack(0x00000043d0a00000,0x00000043d0b00000)]
  0x000001d916f7e630 JavaThread "ForkJoinPool.commonPool-worker-5" daemon [_thread_blocked, id=18392, stack(0x00000043d0b00000,0x00000043d0c00000)]
  0x000001d916f7f050 JavaThread "ForkJoinPool.commonPool-worker-6" daemon [_thread_blocked, id=13480, stack(0x00000043d0c00000,0x00000043d0d00000)]
  0x000001d916f7d700 JavaThread "ForkJoinPool.commonPool-worker-7" daemon [_thread_blocked, id=30008, stack(0x00000043d0d00000,0x00000043d0e00000)]
  0x000001d916f7e120 JavaThread "ForkJoinPool.commonPool-worker-8" daemon [_thread_blocked, id=27368, stack(0x00000043d0e00000,0x00000043d0f00000)]
  0x000001d916f7dc10 JavaThread "ForkJoinPool.commonPool-worker-9" daemon [_thread_blocked, id=15132, stack(0x00000043d0f00000,0x00000043d1000000)]
  0x000001d916f7eb40 JavaThread "ForkJoinPool.commonPool-worker-10" daemon [_thread_blocked, id=29604, stack(0x00000043d1000000,0x00000043d1100000)]
  0x000001d916f7fa70 JavaThread "Exec process" daemon [_thread_blocked, id=9228, stack(0x00000043d1100000,0x00000043d1200000)]
  0x000001d916f7ff80 JavaThread "ForkJoinPool.commonPool-worker-11" daemon [_thread_blocked, id=12600, stack(0x00000043d1200000,0x00000043d1300000)]
  0x000001d917455c10 JavaThread "Exec process Thread 2" daemon [_thread_blocked, id=16608, stack(0x00000043d1300000,0x00000043d1400000)]
  0x000001d91745ad10 JavaThread "Exec process Thread 3" daemon [_thread_blocked, id=2772, stack(0x00000043d1400000,0x00000043d1500000)]
  0x000001d9166f1b10 JavaThread "ForkJoinPool.commonPool-worker-12" daemon [_thread_blocked, id=16328, stack(0x00000043d1500000,0x00000043d1600000)]
  0x000001d91b75cc80 JavaThread "ForkJoinPool.commonPool-worker-13" daemon [_thread_blocked, id=23180, stack(0x00000043d0200000,0x00000043d0300000)]
  0x000001d91b75bd50 JavaThread "ForkJoinPool.commonPool-worker-14" daemon [_thread_blocked, id=21604, stack(0x00000043d0300000,0x00000043d0400000)]
  0x000001d919ac45a0 JavaThread "C2 CompilerThread1" daemon [_thread_blocked, id=21936, stack(0x00000043d0400000,0x00000043d0500000)]
  0x000001d91b75c260 JavaThread "included builds" [_thread_blocked, id=26668, stack(0x00000043d0600000,0x00000043d0700000)]
  0x000001d91b75d190 JavaThread "Execution worker" [_thread_blocked, id=16500, stack(0x00000043d1600000,0x00000043d1700000)]
  0x000001d91b75c770 JavaThread "Execution worker Thread 2" [_thread_blocked, id=9628, stack(0x00000043d1700000,0x00000043d1800000)]
  0x000001d91b75d6a0 JavaThread "Execution worker Thread 3" [_thread_blocked, id=30704, stack(0x00000043d1800000,0x00000043d1900000)]
  0x000001d91b75ae20 JavaThread "Execution worker Thread 4" [_thread_blocked, id=20928, stack(0x00000043d1900000,0x00000043d1a00000)]
  0x000001d91b75dbb0 JavaThread "Execution worker Thread 5" [_thread_blocked, id=20220, stack(0x00000043d1a00000,0x00000043d1b00000)]
  0x000001d91b75e0c0 JavaThread "Execution worker Thread 6" [_thread_blocked, id=10040, stack(0x00000043d1b00000,0x00000043d1c00000)]
  0x000001d91b75e5d0 JavaThread "Execution worker Thread 7" [_thread_blocked, id=23644, stack(0x00000043d1c00000,0x00000043d1d00000)]
  0x000001d91b75eae0 JavaThread "Execution worker Thread 8" [_thread_blocked, id=20552, stack(0x00000043d1d00000,0x00000043d1e00000)]
  0x000001d91b761d80 JavaThread "Execution worker Thread 9" [_thread_blocked, id=25648, stack(0x00000043d1e00000,0x00000043d1f00000)]
  0x000001d91b75eff0 JavaThread "Execution worker Thread 10" [_thread_blocked, id=10104, stack(0x00000043d1f00000,0x00000043d2000000)]
  0x000001d91b75b840 JavaThread "Execution worker Thread 11" [_thread_blocked, id=7180, stack(0x00000043d2000000,0x00000043d2100000)]
  0x000001d91b75fa10 JavaThread "Execution worker Thread 12" [_thread_blocked, id=7040, stack(0x00000043d2100000,0x00000043d2200000)]
  0x000001d91b75ff20 JavaThread "Execution worker Thread 13" [_thread_in_vm, id=24448, stack(0x00000043d2200000,0x00000043d2300000)]
  0x000001d91b760940 JavaThread "Execution worker Thread 14" [_thread_blocked, id=9800, stack(0x00000043d2300000,0x00000043d2400000)]
  0x000001d91b75f500 JavaThread "Execution worker Thread 15" [_thread_blocked, id=23784, stack(0x00000043d2400000,0x00000043d2500000)]
  0x000001d91b762290 JavaThread "Execution worker Thread 16" [_thread_blocked, id=27352, stack(0x00000043d2500000,0x00000043d2600000)]
  0x000001d91b761360 JavaThread "Execution worker Thread 17" [_thread_blocked, id=2440, stack(0x00000043d2600000,0x00000043d2700000)]
  0x000001d91b760430 JavaThread "Execution worker Thread 18" [_thread_blocked, id=1088, stack(0x00000043d2700000,0x00000043d2800000)]
  0x000001d91b7627a0 JavaThread "Execution worker Thread 19" [_thread_blocked, id=29340, stack(0x00000043d2800000,0x00000043d2900000)]
  0x000001d91b761870 JavaThread "Cache worker for execution history cache (C:\Users\Lenovo\Desktop\Ai_Run\better-luck-lootr-1.20.1\.gradle\8.8\executionHistory)" [_thread_blocked, id=21184, stack(0x00000043d2900000,0x00000043d2a00000)]
  0x000001d919058e70 JavaThread "Unconstrained build operations Thread 91" [_thread_blocked, id=30588, stack(0x00000043d2a00000,0x00000043d2b00000)]
  0x000001d919058450 JavaThread "Unconstrained build operations Thread 92" [_thread_blocked, id=23512, stack(0x00000043d2b00000,0x00000043d2c00000)]
  0x000001d919057a30 JavaThread "Unconstrained build operations Thread 93" [_thread_blocked, id=17332, stack(0x00000043d2c00000,0x00000043d2d00000)]
  0x000001d9190560e0 JavaThread "Unconstrained build operations Thread 94" [_thread_blocked, id=26628, stack(0x00000043d2d00000,0x00000043d2e00000)]
  0x000001d919059890 JavaThread "Unconstrained build operations Thread 95" [_thread_blocked, id=2092, stack(0x00000043d2e00000,0x00000043d2f00000)]
  0x000001d919059da0 JavaThread "Cache worker for Java compile cache (C:\Users\Lenovo\.gradle\caches\8.8\javaCompile)" [_thread_blocked, id=3632, stack(0x00000043d2f00000,0x00000043d3000000)]
  0x000001d919ac3060 JavaThread "C2 CompilerThread2" daemon [_thread_in_native, id=5396, stack(0x00000043d0500000,0x00000043d0600000)]
  0x000001d919ac5590 JavaThread "C2 CompilerThread3" daemon [_thread_in_native, id=5640, stack(0x00000043d3000000,0x00000043d3100000)]
  0x000001d919ac4af0 JavaThread "C2 CompilerThread4" daemon [_thread_blocked, id=28288, stack(0x00000043d3100000,0x00000043d3200000)]
=>0x000001d915ceff20 JavaThread "C2 CompilerThread5" daemon [_thread_in_native, id=29560, stack(0x00000043d3200000,0x00000043d3300000)]
  0x000001d915ceca00 JavaThread "C2 CompilerThread6" daemon [_thread_in_native, id=16528, stack(0x00000043d3300000,0x00000043d3400000)]
  0x000001d915cedf40 JavaThread "C2 CompilerThread7" daemon [_thread_in_native, id=3480, stack(0x00000043d3400000,0x00000043d3500000)]

Other Threads:
  0x000001d8cf830240 VMThread "VM Thread" [stack: 0x00000043c6b00000,0x00000043c6c00000] [id=20816]
  0x000001d8cfa80050 WatcherThread [stack: 0x00000043c7a00000,0x00000043c7b00000] [id=17724]
  0x000001d8add99920 GCTaskThread "GC Thread#0" [stack: 0x00000043c6600000,0x00000043c6700000] [id=30112]
  0x000001d915382eb0 GCTaskThread "GC Thread#1" [stack: 0x00000043c7d00000,0x00000043c7e00000] [id=13468]
  0x000001d915382640 GCTaskThread "GC Thread#2" [stack: 0x00000043c7e00000,0x00000043c7f00000] [id=26724]
  0x000001d915382be0 GCTaskThread "GC Thread#3" [stack: 0x00000043c7f00000,0x00000043c8000000] [id=2268]
  0x000001d915381290 GCTaskThread "GC Thread#4" [stack: 0x00000043c8000000,0x00000043c8100000] [id=9656]
  0x000001d915381560 GCTaskThread "GC Thread#5" [stack: 0x00000043c8100000,0x00000043c8200000] [id=8064]
  0x000001d91a3e04e0 GCTaskThread "GC Thread#6" [stack: 0x00000043c9200000,0x00000043c9300000] [id=592]
  0x000001d91a3dee60 GCTaskThread "GC Thread#7" [stack: 0x00000043c9300000,0x00000043c9400000] [id=13296]
  0x000001d91a3dff40 GCTaskThread "GC Thread#8" [stack: 0x00000043c9400000,0x00000043c9500000] [id=9680]
  0x000001d91a3ddd80 GCTaskThread "GC Thread#9" [stack: 0x00000043c9500000,0x00000043c9600000] [id=27688]
  0x000001d91a3dc9d0 GCTaskThread "GC Thread#10" [stack: 0x00000043c9600000,0x00000043c9700000] [id=9544]
  0x000001d91a3e0210 GCTaskThread "GC Thread#11" [stack: 0x00000043c9700000,0x00000043c9800000] [id=24076]
  0x000001d91a3de050 GCTaskThread "GC Thread#12" [stack: 0x00000043c9800000,0x00000043c9900000] [id=18488]
  0x000001d91a3dcca0 GCTaskThread "GC Thread#13" [stack: 0x00000043c9900000,0x00000043c9a00000] [id=21008]
  0x000001d91a3dcf70 GCTaskThread "GC Thread#14" [stack: 0x00000043c9a00000,0x00000043c9b00000] [id=464]
  0x000001d8adda7460 ConcurrentGCThread "G1 Main Marker" [stack: 0x00000043c6700000,0x00000043c6800000] [id=14668]
  0x000001d8adda7d90 ConcurrentGCThread "G1 Conc#0" [stack: 0x00000043c6800000,0x00000043c6900000] [id=29668]
  0x000001d91a3deb90 ConcurrentGCThread "G1 Conc#1" [stack: 0x00000043c9b00000,0x00000043c9c00000] [id=29948]
  0x000001d91a3de320 ConcurrentGCThread "G1 Conc#2" [stack: 0x00000043c9c00000,0x00000043c9d00000] [id=19036]
  0x000001d91a3dd510 ConcurrentGCThread "G1 Conc#3" [stack: 0x00000043c9d00000,0x00000043c9e00000] [id=1716]
  0x000001d8cf4c5fd0 ConcurrentGCThread "G1 Refine#0" [stack: 0x00000043c6900000,0x00000043c6a00000] [id=29352]
  0x000001d91ad0a490 ConcurrentGCThread "G1 Refine#1" [stack: 0x00000043d3500000,0x00000043d3600000] [id=15168]
  0x000001d91ad06e90 ConcurrentGCThread "G1 Refine#2" [stack: 0x00000043d3600000,0x00000043d3700000] [id=30700]
  0x000001d91ad06890 ConcurrentGCThread "G1 Refine#3" [stack: 0x00000043d3700000,0x00000043d3800000] [id=20828]
  0x000001d91ad09890 ConcurrentGCThread "G1 Refine#4" [stack: 0x00000043d3800000,0x00000043d3900000] [id=13460]
  0x000001d91ad06b90 ConcurrentGCThread "G1 Refine#5" [stack: 0x00000043d3900000,0x00000043d3a00000] [id=9728]
  0x000001d91ad0a190 ConcurrentGCThread "G1 Refine#6" [stack: 0x00000043d3a00000,0x00000043d3b00000] [id=28728]
  0x000001d91ad07190 ConcurrentGCThread "G1 Refine#7" [stack: 0x00000043d3b00000,0x00000043d3c00000] [id=21084]
  0x000001d91ad07490 ConcurrentGCThread "G1 Refine#8" [stack: 0x00000043d3c00000,0x00000043d3d00000] [id=27908]
  0x000001d8cf4c6920 ConcurrentGCThread "G1 Service" [stack: 0x00000043c6a00000,0x00000043c6b00000] [id=16124]

Threads with active compile tasks:
C1 CompilerThread0  17599 12607       3       java.util.EnumMap::clear (14 bytes)
C1 CompilerThread1  18599 12608       3       com.sun.tools.javac.code.Types$HashCodeVisitor::visitWildcardType (10 bytes)
C1 CompilerThread2  18599 12609       3       com.sun.tools.javac.code.Types$HashCodeVisitor::visitWildcardType (42 bytes)
C1 CompilerThread3  18599 12606       3       com.sun.tools.javac.util.ListBuffer::of (16 bytes)
C2 CompilerThread2  18599 12556       4       com.sun.tools.javac.code.Types$15::visitClassType (130 bytes)
C2 CompilerThread3  18600 12555       4       com.sun.tools.javac.code.Types$15::visitClassType (10 bytes)
C2 CompilerThread5  18600 12289       4       com.sun.tools.javac.code.Types::union (134 bytes)
C2 CompilerThread6  18600 12602       4       com.sun.tools.javac.code.Type$UndetVar::getBounds (60 bytes)
C2 CompilerThread7  18600 12422       4       com.sun.tools.javac.jvm.ClassReader::setParameters (334 bytes)

VM state: synchronizing (normal execution)

VM Mutex/Monitor currently owned by a thread:  ([mutex/lock_event])
[0x000001d8aba3af20] Threads_lock - owner thread: 0x000001d8cf830240

Heap address: 0x0000000740000000, size: 3072 MB, Compressed Oops mode: Zero based, Oop shift amount: 3

CDS archive(s) mapped at: [0x000001d8d0000000-0x000001d8d0bb0000-0x000001d8d0bb0000), size 12255232, SharedBaseAddress: 0x000001d8d0000000, ArchiveRelocationMode: 1.
Compressed class space mapped at: 0x000001d8d1000000-0x000001d911000000, reserved size: 1073741824
Narrow klass base: 0x000001d8d0000000, Narrow klass shift: 0, Narrow klass range: 0x100000000

GC Precious Log:
 CPUs: 20 total, 20 available
 Memory: 16193M
 Large Page Support: Disabled
 NUMA Support: Disabled
 Compressed Oops: Enabled (Zero based)
 Heap Region Size: 2M
 Heap Min Capacity: 8M
 Heap Initial Capacity: 254M
 Heap Max Capacity: 3G
 Pre-touch: Disabled
 Parallel Workers: 15
 Concurrent Workers: 4
 Concurrent Refinement Workers: 15
 Periodic GC: Disabled

Heap:
 garbage-first heap   total 747520K, used 171206K [0x0000000740000000, 0x0000000800000000)
  region size 2048K, 10 young (20480K), 4 survivors (8192K)
 Metaspace       used 81721K, committed 82496K, reserved 1179648K
  class space    used 11216K, committed 11584K, reserved 1048576K

Heap Regions: E=young(eden), S=young(survivor), O=old, HS=humongous(starts), HC=humongous(continues), CS=collection set, F=free, OA=open archive, CA=closed archive, TAMS=top-at-mark-start (previous, next)
|   0|0x0000000740000000, 0x0000000740200000, 0x0000000740200000|100%|HS|  |TAMS 0x0000000740200000, 0x0000000740000000| Complete 
|   1|0x0000000740200000, 0x0000000740400000, 0x0000000740400000|100%|HC|  |TAMS 0x0000000740400000, 0x0000000740200000| Complete 
|   2|0x0000000740400000, 0x0000000740600000, 0x0000000740600000|100%| O|  |TAMS 0x0000000740600000, 0x0000000740400000| Untracked 
|   3|0x0000000740600000, 0x0000000740800000, 0x0000000740800000|100%| O|  |TAMS 0x0000000740800000, 0x0000000740600000| Untracked 
|   4|0x0000000740800000, 0x0000000740a00000, 0x0000000740a00000|100%| O|  |TAMS 0x0000000740a00000, 0x0000000740800000| Untracked 
|   5|0x0000000740a00000, 0x0000000740c00000, 0x0000000740c00000|100%| O|  |TAMS 0x0000000740c00000, 0x0000000740a00000| Untracked 
|   6|0x0000000740c00000, 0x0000000740e00000, 0x0000000740e00000|100%| O|  |TAMS 0x0000000740e00000, 0x0000000740c00000| Untracked 
|   7|0x0000000740e00000, 0x0000000741000000, 0x0000000741000000|100%| O|  |TAMS 0x0000000741000000, 0x0000000740e00000| Untracked 
|   8|0x0000000741000000, 0x0000000741200000, 0x0000000741200000|100%| O|  |TAMS 0x0000000741200000, 0x0000000741000000| Untracked 
|   9|0x0000000741200000, 0x0000000741400000, 0x0000000741400000|100%| O|  |TAMS 0x0000000741400000, 0x0000000741200000| Untracked 
|  10|0x0000000741400000, 0x0000000741600000, 0x0000000741600000|100%| O|  |TAMS 0x0000000741600000, 0x0000000741400000| Untracked 
|  11|0x0000000741600000, 0x0000000741800000, 0x0000000741800000|100%| O|  |TAMS 0x0000000741800000, 0x0000000741600000| Untracked 
|  12|0x0000000741800000, 0x0000000741a00000, 0x0000000741a00000|100%|HS|  |TAMS 0x0000000741a00000, 0x0000000741800000| Complete 
|  13|0x0000000741a00000, 0x0000000741c00000, 0x0000000741c00000|100%| O|  |TAMS 0x0000000741c00000, 0x0000000741a00000| Untracked 
|  14|0x0000000741c00000, 0x0000000741e00000, 0x0000000741e00000|100%| O|  |TAMS 0x0000000741e00000, 0x0000000741c00000| Untracked 
|  15|0x0000000741e00000, 0x0000000742000000, 0x0000000742000000|100%| O|  |TAMS 0x0000000742000000, 0x0000000741e00000| Untracked 
|  16|0x0000000742000000, 0x0000000742200000, 0x0000000742200000|100%| O|  |TAMS 0x0000000742200000, 0x0000000742000000| Untracked 
|  17|0x0000000742200000, 0x0000000742400000, 0x0000000742400000|100%| O|  |TAMS 0x0000000742400000, 0x0000000742200000| Untracked 
|  18|0x0000000742400000, 0x0000000742600000, 0x0000000742600000|100%| O|  |TAMS 0x0000000742600000, 0x0000000742400000| Untracked 
|  19|0x0000000742600000, 0x0000000742800000, 0x0000000742800000|100%| O|  |TAMS 0x0000000742800000, 0x0000000742600000| Untracked 
|  20|0x0000000742800000, 0x0000000742a00000, 0x0000000742a00000|100%| O|  |TAMS 0x0000000742a00000, 0x0000000742800000| Untracked 
|  21|0x0000000742a00000, 0x0000000742c00000, 0x0000000742c00000|100%| O|  |TAMS 0x0000000742c00000, 0x0000000742a00000| Untracked 
|  22|0x0000000742c00000, 0x0000000742e00000, 0x0000000742e00000|100%| O|  |TAMS 0x0000000742e00000, 0x0000000742c00000| Untracked 
|  23|0x0000000742e00000, 0x0000000743000000, 0x0000000743000000|100%| O|  |TAMS 0x0000000743000000, 0x0000000742e00000| Untracked 
|  24|0x0000000743000000, 0x0000000743200000, 0x0000000743200000|100%| O|  |TAMS 0x0000000743200000, 0x0000000743000000| Untracked 
|  25|0x0000000743200000, 0x0000000743400000, 0x0000000743400000|100%| O|  |TAMS 0x0000000743400000, 0x0000000743200000| Untracked 
|  26|0x0000000743400000, 0x0000000743600000, 0x0000000743600000|100%| O|  |TAMS 0x0000000743600000, 0x0000000743400000| Untracked 
|  27|0x0000000743600000, 0x0000000743800000, 0x0000000743800000|100%|HS|  |TAMS 0x0000000743800000, 0x0000000743600000| Complete 
|  28|0x0000000743800000, 0x0000000743a00000, 0x0000000743a00000|100%| O|  |TAMS 0x0000000743a00000, 0x0000000743800000| Untracked 
|  29|0x0000000743a00000, 0x0000000743c00000, 0x0000000743c00000|100%| O|  |TAMS 0x0000000743c00000, 0x0000000743a00000| Untracked 
|  30|0x0000000743c00000, 0x0000000743e00000, 0x0000000743e00000|100%| O|  |TAMS 0x0000000743e00000, 0x0000000743c00000| Untracked 
|  31|0x0000000743e00000, 0x0000000744000000, 0x0000000744000000|100%| O|  |TAMS 0x0000000744000000, 0x0000000743e00000| Untracked 
|  32|0x0000000744000000, 0x0000000744200000, 0x0000000744200000|100%| O|  |TAMS 0x0000000744200000, 0x0000000744000000| Untracked 
|  33|0x0000000744200000, 0x0000000744400000, 0x0000000744400000|100%| O|  |TAMS 0x0000000744400000, 0x0000000744200000| Untracked 
|  34|0x0000000744400000, 0x0000000744600000, 0x0000000744600000|100%|HS|  |TAMS 0x0000000744600000, 0x0000000744400000| Complete 
|  35|0x0000000744600000, 0x0000000744800000, 0x0000000744800000|100%| O|  |TAMS 0x0000000744600000, 0x0000000744600000| Untracked 
|  36|0x0000000744800000, 0x0000000744a00000, 0x0000000744a00000|100%| O|  |TAMS 0x0000000744a00000, 0x0000000744800000| Untracked 
|  37|0x0000000744a00000, 0x0000000744c00000, 0x0000000744c00000|100%| O|  |TAMS 0x0000000744c00000, 0x0000000744a00000| Untracked 
|  38|0x0000000744c00000, 0x0000000744e00000, 0x0000000744e00000|100%| O|  |TAMS 0x0000000744e00000, 0x0000000744c00000| Untracked 
|  39|0x0000000744e00000, 0x0000000745000000, 0x0000000745000000|100%| O|  |TAMS 0x0000000745000000, 0x0000000744e00000| Untracked 
|  40|0x0000000745000000, 0x0000000745200000, 0x0000000745200000|100%| O|  |TAMS 0x0000000745200000, 0x0000000745000000| Untracked 
|  41|0x0000000745200000, 0x0000000745400000, 0x0000000745400000|100%| O|  |TAMS 0x0000000745400000, 0x0000000745200000| Untracked 
|  42|0x0000000745400000, 0x0000000745600000, 0x0000000745600000|100%| O|  |TAMS 0x0000000745600000, 0x0000000745400000| Untracked 
|  43|0x0000000745600000, 0x0000000745800000, 0x0000000745800000|100%| O|  |TAMS 0x000000074575a800, 0x0000000745600000| Untracked 
|  44|0x0000000745800000, 0x0000000745a00000, 0x0000000745a00000|100%| O|  |TAMS 0x0000000745800000, 0x0000000745800000| Untracked 
|  45|0x0000000745a00000, 0x0000000745c00000, 0x0000000745c00000|100%| O|  |TAMS 0x0000000745a00000, 0x0000000745a00000| Untracked 
|  46|0x0000000745c00000, 0x0000000745e00000, 0x0000000745e00000|100%| O|  |TAMS 0x0000000745c00000, 0x0000000745c00000| Untracked 
|  47|0x0000000745e00000, 0x0000000746000000, 0x0000000746000000|100%| O|  |TAMS 0x0000000745e00000, 0x0000000745e00000| Untracked 
|  48|0x0000000746000000, 0x0000000746200000, 0x0000000746200000|100%| O|  |TAMS 0x0000000746000000, 0x0000000746000000| Untracked 
|  49|0x0000000746200000, 0x0000000746400000, 0x0000000746400000|100%| O|  |TAMS 0x0000000746200000, 0x0000000746200000| Untracked 
|  50|0x0000000746400000, 0x0000000746600000, 0x0000000746600000|100%| O|  |TAMS 0x0000000746400000, 0x0000000746400000| Untracked 
|  51|0x0000000746600000, 0x0000000746800000, 0x0000000746800000|100%| O|  |TAMS 0x0000000746600000, 0x0000000746600000| Untracked 
|  52|0x0000000746800000, 0x0000000746a00000, 0x0000000746a00000|100%| O|  |TAMS 0x0000000746800000, 0x0000000746800000| Untracked 
|  53|0x0000000746a00000, 0x0000000746c00000, 0x0000000746c00000|100%| O|  |TAMS 0x0000000746a00000, 0x0000000746a00000| Untracked 
|  54|0x0000000746c00000, 0x0000000746e00000, 0x0000000746e00000|100%| O|  |TAMS 0x0000000746c00000, 0x0000000746c00000| Untracked 
|  55|0x0000000746e00000, 0x0000000747000000, 0x0000000747000000|100%| O|  |TAMS 0x0000000746e00000, 0x0000000746e00000| Untracked 
|  56|0x0000000747000000, 0x0000000747200000, 0x0000000747200000|100%| O|  |TAMS 0x0000000747000000, 0x0000000747000000| Untracked 
|  57|0x0000000747200000, 0x0000000747400000, 0x0000000747400000|100%| O|  |TAMS 0x0000000747200000, 0x0000000747200000| Untracked 
|  58|0x0000000747400000, 0x0000000747600000, 0x0000000747600000|100%| O|  |TAMS 0x0000000747400000, 0x0000000747400000| Untracked 
|  59|0x0000000747600000, 0x0000000747800000, 0x0000000747800000|100%| O|  |TAMS 0x0000000747600000, 0x0000000747600000| Untracked 
|  60|0x0000000747800000, 0x0000000747a00000, 0x0000000747a00000|100%| O|  |TAMS 0x0000000747800000, 0x0000000747800000| Untracked 
|  61|0x0000000747a00000, 0x0000000747c00000, 0x0000000747c00000|100%| O|  |TAMS 0x0000000747a00000, 0x0000000747a00000| Untracked 
|  62|0x0000000747c00000, 0x0000000747e00000, 0x0000000747e00000|100%| O|  |TAMS 0x0000000747c00000, 0x0000000747c00000| Untracked 
|  63|0x0000000747e00000, 0x0000000748000000, 0x0000000748000000|100%| O|  |TAMS 0x0000000747e00000, 0x0000000747e00000| Untracked 
|  64|0x0000000748000000, 0x0000000748200000, 0x0000000748200000|100%| O|  |TAMS 0x0000000748000000, 0x0000000748000000| Untracked 
|  65|0x0000000748200000, 0x0000000748400000, 0x0000000748400000|100%| O|  |TAMS 0x0000000748200000, 0x0000000748200000| Untracked 
|  66|0x0000000748400000, 0x0000000748600000, 0x0000000748600000|100%| O|  |TAMS 0x0000000748400000, 0x0000000748400000| Untracked 
|  67|0x0000000748600000, 0x0000000748800000, 0x0000000748800000|100%| O|  |TAMS 0x0000000748600000, 0x0000000748600000| Untracked 
|  68|0x0000000748800000, 0x0000000748a00000, 0x0000000748a00000|100%| O|  |TAMS 0x0000000748800000, 0x0000000748800000| Untracked 
|  69|0x0000000748a00000, 0x0000000748c00000, 0x0000000748c00000|100%| O|  |TAMS 0x0000000748a00000, 0x0000000748a00000| Untracked 
|  70|0x0000000748c00000, 0x0000000748e00000, 0x0000000748e00000|100%| O|  |TAMS 0x0000000748c00000, 0x0000000748c00000| Untracked 
|  71|0x0000000748e00000, 0x0000000749000000, 0x0000000749000000|100%| O|  |TAMS 0x0000000748e00000, 0x0000000748e00000| Untracked 
|  72|0x0000000749000000, 0x0000000749200000, 0x0000000749200000|100%| O|  |TAMS 0x0000000749000000, 0x0000000749000000| Untracked 
|  73|0x0000000749200000, 0x0000000749400000, 0x0000000749400000|100%| O|  |TAMS 0x0000000749200000, 0x0000000749200000| Untracked 
|  74|0x0000000749400000, 0x0000000749531a00, 0x0000000749600000| 59%| O|  |TAMS 0x0000000749400000, 0x0000000749400000| Untracked 
|  75|0x0000000749600000, 0x0000000749600000, 0x0000000749800000|  0%| F|  |TAMS 0x0000000749600000, 0x0000000749600000| Untracked 
|  76|0x0000000749800000, 0x0000000749800000, 0x0000000749a00000|  0%| F|  |TAMS 0x0000000749800000, 0x0000000749800000| Untracked 
|  77|0x0000000749a00000, 0x0000000749a00000, 0x0000000749c00000|  0%| F|  |TAMS 0x0000000749a00000, 0x0000000749a00000| Untracked 
|  78|0x0000000749c00000, 0x0000000749c00000, 0x0000000749e00000|  0%| F|  |TAMS 0x0000000749c00000, 0x0000000749c00000| Untracked 
|  79|0x0000000749e00000, 0x0000000749e00000, 0x000000074a000000|  0%| F|  |TAMS 0x0000000749e00000, 0x0000000749e00000| Untracked 
|  80|0x000000074a000000, 0x000000074a000000, 0x000000074a200000|  0%| F|  |TAMS 0x000000074a000000, 0x000000074a000000| Untracked 
|  81|0x000000074a200000, 0x000000074a200000, 0x000000074a400000|  0%| F|  |TAMS 0x000000074a200000, 0x000000074a200000| Untracked 
|  82|0x000000074a400000, 0x000000074a400000, 0x000000074a600000|  0%| F|  |TAMS 0x000000074a400000, 0x000000074a400000| Untracked 
|  83|0x000000074a600000, 0x000000074a600000, 0x000000074a800000|  0%| F|  |TAMS 0x000000074a600000, 0x000000074a600000| Untracked 
|  84|0x000000074a800000, 0x000000074a800000, 0x000000074aa00000|  0%| F|  |TAMS 0x000000074a800000, 0x000000074a800000| Untracked 
|  85|0x000000074aa00000, 0x000000074aa00000, 0x000000074ac00000|  0%| F|  |TAMS 0x000000074aa00000, 0x000000074aa00000| Untracked 
|  86|0x000000074ac00000, 0x000000074ac00000, 0x000000074ae00000|  0%| F|  |TAMS 0x000000074ac00000, 0x000000074ac00000| Untracked 
|  87|0x000000074ae00000, 0x000000074ae00000, 0x000000074b000000|  0%| F|  |TAMS 0x000000074ae00000, 0x000000074ae00000| Untracked 
|  88|0x000000074b000000, 0x000000074b000000, 0x000000074b200000|  0%| F|  |TAMS 0x000000074b000000, 0x000000074b000000| Untracked 
|  89|0x000000074b200000, 0x000000074b200000, 0x000000074b400000|  0%| F|  |TAMS 0x000000074b200000, 0x000000074b200000| Untracked 
|  90|0x000000074b400000, 0x000000074b400000, 0x000000074b600000|  0%| F|  |TAMS 0x000000074b400000, 0x000000074b400000| Untracked 
|  91|0x000000074b600000, 0x000000074b600000, 0x000000074b800000|  0%| F|  |TAMS 0x000000074b600000, 0x000000074b600000| Untracked 
|  92|0x000000074b800000, 0x000000074b800000, 0x000000074ba00000|  0%| F|  |TAMS 0x000000074b800000, 0x000000074b800000| Untracked 
|  93|0x000000074ba00000, 0x000000074ba00000, 0x000000074bc00000|  0%| F|  |TAMS 0x000000074ba00000, 0x000000074ba00000| Untracked 
|  94|0x000000074bc00000, 0x000000074bc00000, 0x000000074be00000|  0%| F|  |TAMS 0x000000074bc00000, 0x000000074bc00000| Untracked 
|  95|0x000000074be00000, 0x000000074be00000, 0x000000074c000000|  0%| F|  |TAMS 0x000000074be00000, 0x000000074be00000| Untracked 
|  96|0x000000074c000000, 0x000000074c200000, 0x000000074c200000|100%| S|CS|TAMS 0x000000074c000000, 0x000000074c000000| Complete 
|  97|0x000000074c200000, 0x000000074c400000, 0x000000074c400000|100%| S|CS|TAMS 0x000000074c200000, 0x000000074c200000| Complete 
|  98|0x000000074c400000, 0x000000074c600000, 0x000000074c600000|100%| S|CS|TAMS 0x000000074c400000, 0x000000074c400000| Complete 
|  99|0x000000074c600000, 0x000000074c800000, 0x000000074c800000|100%| S|CS|TAMS 0x000000074c600000, 0x000000074c600000| Complete 
| 100|0x000000074c800000, 0x000000074c800000, 0x000000074ca00000|  0%| F|  |TAMS 0x000000074c800000, 0x000000074c800000| Untracked 
| 101|0x000000074ca00000, 0x000000074ca00000, 0x000000074cc00000|  0%| F|  |TAMS 0x000000074ca00000, 0x000000074ca00000| Untracked 
| 102|0x000000074cc00000, 0x000000074cc00000, 0x000000074ce00000|  0%| F|  |TAMS 0x000000074cc00000, 0x000000074cc00000| Untracked 
| 103|0x000000074ce00000, 0x000000074ce00000, 0x000000074d000000|  0%| F|  |TAMS 0x000000074ce00000, 0x000000074ce00000| Untracked 
| 104|0x000000074d000000, 0x000000074d000000, 0x000000074d200000|  0%| F|  |TAMS 0x000000074d000000, 0x000000074d000000| Untracked 
| 105|0x000000074d200000, 0x000000074d200000, 0x000000074d400000|  0%| F|  |TAMS 0x000000074d200000, 0x000000074d200000| Untracked 
| 106|0x000000074d400000, 0x000000074d400000, 0x000000074d600000|  0%| F|  |TAMS 0x000000074d400000, 0x000000074d400000| Untracked 
| 107|0x000000074d600000, 0x000000074d600000, 0x000000074d800000|  0%| F|  |TAMS 0x000000074d600000, 0x000000074d600000| Untracked 
| 108|0x000000074d800000, 0x000000074d800000, 0x000000074da00000|  0%| F|  |TAMS 0x000000074d800000, 0x000000074d800000| Untracked 
| 109|0x000000074da00000, 0x000000074da00000, 0x000000074dc00000|  0%| F|  |TAMS 0x000000074da00000, 0x000000074da00000| Untracked 
| 110|0x000000074dc00000, 0x000000074dc00000, 0x000000074de00000|  0%| F|  |TAMS 0x000000074dc00000, 0x000000074dc00000| Untracked 
| 111|0x000000074de00000, 0x000000074de00000, 0x000000074e000000|  0%| F|  |TAMS 0x000000074de00000, 0x000000074de00000| Untracked 
| 112|0x000000074e000000, 0x000000074e000000, 0x000000074e200000|  0%| F|  |TAMS 0x000000074e000000, 0x000000074e000000| Untracked 
| 113|0x000000074e200000, 0x000000074e200000, 0x000000074e400000|  0%| F|  |TAMS 0x000000074e200000, 0x000000074e200000| Untracked 
| 114|0x000000074e400000, 0x000000074e400000, 0x000000074e600000|  0%| F|  |TAMS 0x000000074e400000, 0x000000074e400000| Untracked 
| 115|0x000000074e600000, 0x000000074e600000, 0x000000074e800000|  0%| F|  |TAMS 0x000000074e600000, 0x000000074e600000| Untracked 
| 116|0x000000074e800000, 0x000000074e800000, 0x000000074ea00000|  0%| F|  |TAMS 0x000000074e800000, 0x000000074e800000| Untracked 
| 117|0x000000074ea00000, 0x000000074ea00000, 0x000000074ec00000|  0%| F|  |TAMS 0x000000074ea00000, 0x000000074ea00000| Untracked 
| 118|0x000000074ec00000, 0x000000074ec00000, 0x000000074ee00000|  0%| F|  |TAMS 0x000000074ec00000, 0x000000074ec00000| Untracked 
| 119|0x000000074ee00000, 0x000000074ee00000, 0x000000074f000000|  0%| F|  |TAMS 0x000000074ee00000, 0x000000074ee00000| Untracked 
| 120|0x000000074f000000, 0x000000074f000000, 0x000000074f200000|  0%| F|  |TAMS 0x000000074f000000, 0x000000074f000000| Untracked 
| 121|0x000000074f200000, 0x000000074f200000, 0x000000074f400000|  0%| F|  |TAMS 0x000000074f200000, 0x000000074f200000| Untracked 
| 122|0x000000074f400000, 0x000000074f400000, 0x000000074f600000|  0%| F|  |TAMS 0x000000074f400000, 0x000000074f400000| Untracked 
| 123|0x000000074f600000, 0x000000074f600000, 0x000000074f800000|  0%| F|  |TAMS 0x000000074f600000, 0x000000074f600000| Untracked 
| 124|0x000000074f800000, 0x000000074f800000, 0x000000074fa00000|  0%| F|  |TAMS 0x000000074f800000, 0x000000074f800000| Untracked 
| 125|0x000000074fa00000, 0x000000074fa00000, 0x000000074fc00000|  0%| F|  |TAMS 0x000000074fa00000, 0x000000074fa00000| Untracked 
| 126|0x000000074fc00000, 0x000000074fc00000, 0x000000074fe00000|  0%| F|  |TAMS 0x000000074fc00000, 0x000000074fc00000| Untracked 
| 127|0x000000074fe00000, 0x000000074fe00000, 0x0000000750000000|  0%| F|  |TAMS 0x000000074fe00000, 0x000000074fe00000| Untracked 
| 128|0x0000000750000000, 0x0000000750000000, 0x0000000750200000|  0%| F|  |TAMS 0x0000000750000000, 0x0000000750000000| Untracked 
| 129|0x0000000750200000, 0x0000000750200000, 0x0000000750400000|  0%| F|  |TAMS 0x0000000750200000, 0x0000000750200000| Untracked 
| 130|0x0000000750400000, 0x0000000750400000, 0x0000000750600000|  0%| F|  |TAMS 0x0000000750400000, 0x0000000750400000| Untracked 
| 131|0x0000000750600000, 0x0000000750600000, 0x0000000750800000|  0%| F|  |TAMS 0x0000000750600000, 0x0000000750600000| Untracked 
| 132|0x0000000750800000, 0x0000000750800000, 0x0000000750a00000|  0%| F|  |TAMS 0x0000000750800000, 0x0000000750800000| Untracked 
| 133|0x0000000750a00000, 0x0000000750a00000, 0x0000000750c00000|  0%| F|  |TAMS 0x0000000750a00000, 0x0000000750a00000| Untracked 
| 134|0x0000000750c00000, 0x0000000750c00000, 0x0000000750e00000|  0%| F|  |TAMS 0x0000000750c00000, 0x0000000750c00000| Untracked 
| 135|0x0000000750e00000, 0x0000000750e00000, 0x0000000751000000|  0%| F|  |TAMS 0x0000000750e00000, 0x0000000750e00000| Untracked 
| 136|0x0000000751000000, 0x0000000751000000, 0x0000000751200000|  0%| F|  |TAMS 0x0000000751000000, 0x0000000751000000| Untracked 
| 137|0x0000000751200000, 0x0000000751200000, 0x0000000751400000|  0%| F|  |TAMS 0x0000000751200000, 0x0000000751200000| Untracked 
| 138|0x0000000751400000, 0x0000000751400000, 0x0000000751600000|  0%| F|  |TAMS 0x0000000751400000, 0x0000000751400000| Untracked 
| 139|0x0000000751600000, 0x0000000751600000, 0x0000000751800000|  0%| F|  |TAMS 0x0000000751600000, 0x0000000751600000| Untracked 
| 140|0x0000000751800000, 0x0000000751800000, 0x0000000751a00000|  0%| F|  |TAMS 0x0000000751800000, 0x0000000751800000| Untracked 
| 141|0x0000000751a00000, 0x0000000751a00000, 0x0000000751c00000|  0%| F|  |TAMS 0x0000000751a00000, 0x0000000751a00000| Untracked 
| 142|0x0000000751c00000, 0x0000000751c00000, 0x0000000751e00000|  0%| F|  |TAMS 0x0000000751c00000, 0x0000000751c00000| Untracked 
| 143|0x0000000751e00000, 0x0000000751e00000, 0x0000000752000000|  0%| F|  |TAMS 0x0000000751e00000, 0x0000000751e00000| Untracked 
| 144|0x0000000752000000, 0x0000000752000000, 0x0000000752200000|  0%| F|  |TAMS 0x0000000752000000, 0x0000000752000000| Untracked 
| 145|0x0000000752200000, 0x0000000752200000, 0x0000000752400000|  0%| F|  |TAMS 0x0000000752200000, 0x0000000752200000| Untracked 
| 146|0x0000000752400000, 0x0000000752400000, 0x0000000752600000|  0%| F|  |TAMS 0x0000000752400000, 0x0000000752400000| Untracked 
| 147|0x0000000752600000, 0x0000000752600000, 0x0000000752800000|  0%| F|  |TAMS 0x0000000752600000, 0x0000000752600000| Untracked 
| 148|0x0000000752800000, 0x0000000752800000, 0x0000000752a00000|  0%| F|  |TAMS 0x0000000752800000, 0x0000000752800000| Untracked 
| 149|0x0000000752a00000, 0x0000000752a00000, 0x0000000752c00000|  0%| F|  |TAMS 0x0000000752a00000, 0x0000000752a00000| Untracked 
| 150|0x0000000752c00000, 0x0000000752c00000, 0x0000000752e00000|  0%| F|  |TAMS 0x0000000752c00000, 0x0000000752c00000| Untracked 
| 151|0x0000000752e00000, 0x0000000752e00000, 0x0000000753000000|  0%| F|  |TAMS 0x0000000752e00000, 0x0000000752e00000| Untracked 
| 152|0x0000000753000000, 0x0000000753000000, 0x0000000753200000|  0%| F|  |TAMS 0x0000000753000000, 0x0000000753000000| Untracked 
| 153|0x0000000753200000, 0x0000000753200000, 0x0000000753400000|  0%| F|  |TAMS 0x0000000753200000, 0x0000000753200000| Untracked 
| 154|0x0000000753400000, 0x0000000753400000, 0x0000000753600000|  0%| F|  |TAMS 0x0000000753400000, 0x0000000753400000| Untracked 
| 155|0x0000000753600000, 0x0000000753600000, 0x0000000753800000|  0%| F|  |TAMS 0x0000000753600000, 0x0000000753600000| Untracked 
| 156|0x0000000753800000, 0x0000000753800000, 0x0000000753a00000|  0%| F|  |TAMS 0x0000000753800000, 0x0000000753800000| Untracked 
| 157|0x0000000753a00000, 0x0000000753a00000, 0x0000000753c00000|  0%| F|  |TAMS 0x0000000753a00000, 0x0000000753a00000| Untracked 
| 158|0x0000000753c00000, 0x0000000753c00000, 0x0000000753e00000|  0%| F|  |TAMS 0x0000000753c00000, 0x0000000753c00000| Untracked 
| 159|0x0000000753e00000, 0x0000000753e00000, 0x0000000754000000|  0%| F|  |TAMS 0x0000000753e00000, 0x0000000753e00000| Untracked 
| 160|0x0000000754000000, 0x0000000754000000, 0x0000000754200000|  0%| F|  |TAMS 0x0000000754000000, 0x0000000754000000| Untracked 
| 161|0x0000000754200000, 0x0000000754200000, 0x0000000754400000|  0%| F|  |TAMS 0x0000000754200000, 0x0000000754200000| Untracked 
| 162|0x0000000754400000, 0x0000000754400000, 0x0000000754600000|  0%| F|  |TAMS 0x0000000754400000, 0x0000000754400000| Untracked 
| 163|0x0000000754600000, 0x0000000754600000, 0x0000000754800000|  0%| F|  |TAMS 0x0000000754600000, 0x0000000754600000| Untracked 
| 164|0x0000000754800000, 0x0000000754800000, 0x0000000754a00000|  0%| F|  |TAMS 0x0000000754800000, 0x0000000754800000| Untracked 
| 165|0x0000000754a00000, 0x0000000754a00000, 0x0000000754c00000|  0%| F|  |TAMS 0x0000000754a00000, 0x0000000754a00000| Untracked 
| 166|0x0000000754c00000, 0x0000000754c00000, 0x0000000754e00000|  0%| F|  |TAMS 0x0000000754c00000, 0x0000000754c00000| Untracked 
| 167|0x0000000754e00000, 0x0000000754e00000, 0x0000000755000000|  0%| F|  |TAMS 0x0000000754e00000, 0x0000000754e00000| Untracked 
| 168|0x0000000755000000, 0x0000000755000000, 0x0000000755200000|  0%| F|  |TAMS 0x0000000755000000, 0x0000000755000000| Untracked 
| 169|0x0000000755200000, 0x0000000755200000, 0x0000000755400000|  0%| F|  |TAMS 0x0000000755200000, 0x0000000755200000| Untracked 
| 170|0x0000000755400000, 0x0000000755400000, 0x0000000755600000|  0%| F|  |TAMS 0x0000000755400000, 0x0000000755400000| Untracked 
| 171|0x0000000755600000, 0x0000000755600000, 0x0000000755800000|  0%| F|  |TAMS 0x0000000755600000, 0x0000000755600000| Untracked 
| 172|0x0000000755800000, 0x0000000755800000, 0x0000000755a00000|  0%| F|  |TAMS 0x0000000755800000, 0x0000000755800000| Untracked 
| 173|0x0000000755a00000, 0x0000000755a00000, 0x0000000755c00000|  0%| F|  |TAMS 0x0000000755a00000, 0x0000000755a00000| Untracked 
| 174|0x0000000755c00000, 0x0000000755c00000, 0x0000000755e00000|  0%| F|  |TAMS 0x0000000755c00000, 0x0000000755c00000| Untracked 
| 175|0x0000000755e00000, 0x0000000755e00000, 0x0000000756000000|  0%| F|  |TAMS 0x0000000755e00000, 0x0000000755e00000| Untracked 
| 176|0x0000000756000000, 0x0000000756000000, 0x0000000756200000|  0%| F|  |TAMS 0x0000000756000000, 0x0000000756000000| Untracked 
| 177|0x0000000756200000, 0x0000000756200000, 0x0000000756400000|  0%| F|  |TAMS 0x0000000756200000, 0x0000000756200000| Untracked 
| 178|0x0000000756400000, 0x0000000756400000, 0x0000000756600000|  0%| F|  |TAMS 0x0000000756400000, 0x0000000756400000| Untracked 
| 179|0x0000000756600000, 0x0000000756600000, 0x0000000756800000|  0%| F|  |TAMS 0x0000000756600000, 0x0000000756600000| Untracked 
| 180|0x0000000756800000, 0x0000000756800000, 0x0000000756a00000|  0%| F|  |TAMS 0x0000000756800000, 0x0000000756800000| Untracked 
| 181|0x0000000756a00000, 0x0000000756a00000, 0x0000000756c00000|  0%| F|  |TAMS 0x0000000756a00000, 0x0000000756a00000| Untracked 
| 182|0x0000000756c00000, 0x0000000756c00000, 0x0000000756e00000|  0%| F|  |TAMS 0x0000000756c00000, 0x0000000756c00000| Untracked 
| 183|0x0000000756e00000, 0x0000000756e00000, 0x0000000757000000|  0%| F|  |TAMS 0x0000000756e00000, 0x0000000756e00000| Untracked 
| 184|0x0000000757000000, 0x0000000757000000, 0x0000000757200000|  0%| F|  |TAMS 0x0000000757000000, 0x0000000757000000| Untracked 
| 185|0x0000000757200000, 0x0000000757200000, 0x0000000757400000|  0%| F|  |TAMS 0x0000000757200000, 0x0000000757200000| Untracked 
| 186|0x0000000757400000, 0x0000000757400000, 0x0000000757600000|  0%| F|  |TAMS 0x0000000757400000, 0x0000000757400000| Untracked 
| 187|0x0000000757600000, 0x0000000757600000, 0x0000000757800000|  0%| F|  |TAMS 0x0000000757600000, 0x0000000757600000| Untracked 
| 188|0x0000000757800000, 0x0000000757800000, 0x0000000757a00000|  0%| F|  |TAMS 0x0000000757800000, 0x0000000757800000| Untracked 
| 189|0x0000000757a00000, 0x0000000757a00000, 0x0000000757c00000|  0%| F|  |TAMS 0x0000000757a00000, 0x0000000757a00000| Untracked 
| 190|0x0000000757c00000, 0x0000000757c00000, 0x0000000757e00000|  0%| F|  |TAMS 0x0000000757c00000, 0x0000000757c00000| Untracked 
| 191|0x0000000757e00000, 0x0000000757e00000, 0x0000000758000000|  0%| F|  |TAMS 0x0000000757e00000, 0x0000000757e00000| Untracked 
| 192|0x0000000758000000, 0x0000000758000000, 0x0000000758200000|  0%| F|  |TAMS 0x0000000758000000, 0x0000000758000000| Untracked 
| 193|0x0000000758200000, 0x0000000758200000, 0x0000000758400000|  0%| F|  |TAMS 0x0000000758200000, 0x0000000758200000| Untracked 
| 194|0x0000000758400000, 0x0000000758400000, 0x0000000758600000|  0%| F|  |TAMS 0x0000000758400000, 0x0000000758400000| Untracked 
| 195|0x0000000758600000, 0x0000000758600000, 0x0000000758800000|  0%| F|  |TAMS 0x0000000758600000, 0x0000000758600000| Untracked 
| 196|0x0000000758800000, 0x0000000758800000, 0x0000000758a00000|  0%| F|  |TAMS 0x0000000758800000, 0x0000000758800000| Untracked 
| 197|0x0000000758a00000, 0x0000000758a00000, 0x0000000758c00000|  0%| F|  |TAMS 0x0000000758a00000, 0x0000000758a00000| Untracked 
| 198|0x0000000758c00000, 0x0000000758c00000, 0x0000000758e00000|  0%| F|  |TAMS 0x0000000758c00000, 0x0000000758c00000| Untracked 
| 199|0x0000000758e00000, 0x0000000758e00000, 0x0000000759000000|  0%| F|  |TAMS 0x0000000758e00000, 0x0000000758e00000| Untracked 
| 200|0x0000000759000000, 0x0000000759000000, 0x0000000759200000|  0%| F|  |TAMS 0x0000000759000000, 0x0000000759000000| Untracked 
| 201|0x0000000759200000, 0x0000000759200000, 0x0000000759400000|  0%| F|  |TAMS 0x0000000759200000, 0x0000000759200000| Untracked 
| 202|0x0000000759400000, 0x0000000759400000, 0x0000000759600000|  0%| F|  |TAMS 0x0000000759400000, 0x0000000759400000| Untracked 
| 203|0x0000000759600000, 0x0000000759600000, 0x0000000759800000|  0%| F|  |TAMS 0x0000000759600000, 0x0000000759600000| Untracked 
| 204|0x0000000759800000, 0x0000000759800000, 0x0000000759a00000|  0%| F|  |TAMS 0x0000000759800000, 0x0000000759800000| Untracked 
| 205|0x0000000759a00000, 0x0000000759a00000, 0x0000000759c00000|  0%| F|  |TAMS 0x0000000759a00000, 0x0000000759a00000| Untracked 
| 206|0x0000000759c00000, 0x0000000759c00000, 0x0000000759e00000|  0%| F|  |TAMS 0x0000000759c00000, 0x0000000759c00000| Untracked 
| 207|0x0000000759e00000, 0x0000000759e00000, 0x000000075a000000|  0%| F|  |TAMS 0x0000000759e00000, 0x0000000759e00000| Untracked 
| 208|0x000000075a000000, 0x000000075a000000, 0x000000075a200000|  0%| F|  |TAMS 0x000000075a000000, 0x000000075a000000| Untracked 
| 209|0x000000075a200000, 0x000000075a200000, 0x000000075a400000|  0%| F|  |TAMS 0x000000075a200000, 0x000000075a200000| Untracked 
| 210|0x000000075a400000, 0x000000075a400000, 0x000000075a600000|  0%| F|  |TAMS 0x000000075a400000, 0x000000075a400000| Untracked 
| 211|0x000000075a600000, 0x000000075a600000, 0x000000075a800000|  0%| F|  |TAMS 0x000000075a600000, 0x000000075a600000| Untracked 
| 212|0x000000075a800000, 0x000000075a800000, 0x000000075aa00000|  0%| F|  |TAMS 0x000000075a800000, 0x000000075a800000| Untracked 
| 213|0x000000075aa00000, 0x000000075aa00000, 0x000000075ac00000|  0%| F|  |TAMS 0x000000075aa00000, 0x000000075aa00000| Untracked 
| 214|0x000000075ac00000, 0x000000075ac00000, 0x000000075ae00000|  0%| F|  |TAMS 0x000000075ac00000, 0x000000075ac00000| Untracked 
| 215|0x000000075ae00000, 0x000000075ae00000, 0x000000075b000000|  0%| F|  |TAMS 0x000000075ae00000, 0x000000075ae00000| Untracked 
| 216|0x000000075b000000, 0x000000075b000000, 0x000000075b200000|  0%| F|  |TAMS 0x000000075b000000, 0x000000075b000000| Untracked 
| 217|0x000000075b200000, 0x000000075b200000, 0x000000075b400000|  0%| F|  |TAMS 0x000000075b200000, 0x000000075b200000| Untracked 
| 218|0x000000075b400000, 0x000000075b400000, 0x000000075b600000|  0%| F|  |TAMS 0x000000075b400000, 0x000000075b400000| Untracked 
| 219|0x000000075b600000, 0x000000075b600000, 0x000000075b800000|  0%| F|  |TAMS 0x000000075b600000, 0x000000075b600000| Untracked 
| 220|0x000000075b800000, 0x000000075b800000, 0x000000075ba00000|  0%| F|  |TAMS 0x000000075b800000, 0x000000075b800000| Untracked 
| 221|0x000000075ba00000, 0x000000075ba00000, 0x000000075bc00000|  0%| F|  |TAMS 0x000000075ba00000, 0x000000075ba00000| Untracked 
| 222|0x000000075bc00000, 0x000000075bc00000, 0x000000075be00000|  0%| F|  |TAMS 0x000000075bc00000, 0x000000075bc00000| Untracked 
| 223|0x000000075be00000, 0x000000075be00000, 0x000000075c000000|  0%| F|  |TAMS 0x000000075be00000, 0x000000075be00000| Untracked 
| 224|0x000000075c000000, 0x000000075c000000, 0x000000075c200000|  0%| F|  |TAMS 0x000000075c000000, 0x000000075c000000| Untracked 
| 225|0x000000075c200000, 0x000000075c200000, 0x000000075c400000|  0%| F|  |TAMS 0x000000075c200000, 0x000000075c200000| Untracked 
| 226|0x000000075c400000, 0x000000075c400000, 0x000000075c600000|  0%| F|  |TAMS 0x000000075c400000, 0x000000075c400000| Untracked 
| 227|0x000000075c600000, 0x000000075c600000, 0x000000075c800000|  0%| F|  |TAMS 0x000000075c600000, 0x000000075c600000| Untracked 
| 228|0x000000075c800000, 0x000000075c800000, 0x000000075ca00000|  0%| F|  |TAMS 0x000000075c800000, 0x000000075c800000| Untracked 
| 229|0x000000075ca00000, 0x000000075ca00000, 0x000000075cc00000|  0%| F|  |TAMS 0x000000075ca00000, 0x000000075ca00000| Untracked 
| 230|0x000000075cc00000, 0x000000075cc00000, 0x000000075ce00000|  0%| F|  |TAMS 0x000000075cc00000, 0x000000075cc00000| Untracked 
| 231|0x000000075ce00000, 0x000000075ce00000, 0x000000075d000000|  0%| F|  |TAMS 0x000000075ce00000, 0x000000075ce00000| Untracked 
| 232|0x000000075d000000, 0x000000075d000000, 0x000000075d200000|  0%| F|  |TAMS 0x000000075d000000, 0x000000075d000000| Untracked 
| 233|0x000000075d200000, 0x000000075d200000, 0x000000075d400000|  0%| F|  |TAMS 0x000000075d200000, 0x000000075d200000| Untracked 
| 234|0x000000075d400000, 0x000000075d400000, 0x000000075d600000|  0%| F|  |TAMS 0x000000075d400000, 0x000000075d400000| Untracked 
| 235|0x000000075d600000, 0x000000075d600000, 0x000000075d800000|  0%| F|  |TAMS 0x000000075d600000, 0x000000075d600000| Untracked 
| 236|0x000000075d800000, 0x000000075d800000, 0x000000075da00000|  0%| F|  |TAMS 0x000000075d800000, 0x000000075d800000| Untracked 
| 237|0x000000075da00000, 0x000000075da00000, 0x000000075dc00000|  0%| F|  |TAMS 0x000000075da00000, 0x000000075da00000| Untracked 
| 238|0x000000075dc00000, 0x000000075dc00000, 0x000000075de00000|  0%| F|  |TAMS 0x000000075dc00000, 0x000000075dc00000| Untracked 
| 239|0x000000075de00000, 0x000000075de00000, 0x000000075e000000|  0%| F|  |TAMS 0x000000075de00000, 0x000000075de00000| Untracked 
| 240|0x000000075e000000, 0x000000075e000000, 0x000000075e200000|  0%| F|  |TAMS 0x000000075e000000, 0x000000075e000000| Untracked 
| 241|0x000000075e200000, 0x000000075e200000, 0x000000075e400000|  0%| F|  |TAMS 0x000000075e200000, 0x000000075e200000| Untracked 
| 242|0x000000075e400000, 0x000000075e400000, 0x000000075e600000|  0%| F|  |TAMS 0x000000075e400000, 0x000000075e400000| Untracked 
| 243|0x000000075e600000, 0x000000075e600000, 0x000000075e800000|  0%| F|  |TAMS 0x000000075e600000, 0x000000075e600000| Untracked 
| 244|0x000000075e800000, 0x000000075e800000, 0x000000075ea00000|  0%| F|  |TAMS 0x000000075e800000, 0x000000075e800000| Untracked 
| 245|0x000000075ea00000, 0x000000075ea00000, 0x000000075ec00000|  0%| F|  |TAMS 0x000000075ea00000, 0x000000075ea00000| Untracked 
| 246|0x000000075ec00000, 0x000000075ec00000, 0x000000075ee00000|  0%| F|  |TAMS 0x000000075ec00000, 0x000000075ec00000| Untracked 
| 247|0x000000075ee00000, 0x000000075ee00000, 0x000000075f000000|  0%| F|  |TAMS 0x000000075ee00000, 0x000000075ee00000| Untracked 
| 248|0x000000075f000000, 0x000000075f000000, 0x000000075f200000|  0%| F|  |TAMS 0x000000075f000000, 0x000000075f000000| Untracked 
| 249|0x000000075f200000, 0x000000075f200000, 0x000000075f400000|  0%| F|  |TAMS 0x000000075f200000, 0x000000075f200000| Untracked 
| 250|0x000000075f400000, 0x000000075f400000, 0x000000075f600000|  0%| F|  |TAMS 0x000000075f400000, 0x000000075f400000| Untracked 
| 251|0x000000075f600000, 0x000000075f600000, 0x000000075f800000|  0%| F|  |TAMS 0x000000075f600000, 0x000000075f600000| Untracked 
| 252|0x000000075f800000, 0x000000075f800000, 0x000000075fa00000|  0%| F|  |TAMS 0x000000075f800000, 0x000000075f800000| Untracked 
| 253|0x000000075fa00000, 0x000000075fa00000, 0x000000075fc00000|  0%| F|  |TAMS 0x000000075fa00000, 0x000000075fa00000| Untracked 
| 254|0x000000075fc00000, 0x000000075fc00000, 0x000000075fe00000|  0%| F|  |TAMS 0x000000075fc00000, 0x000000075fc00000| Untracked 
| 255|0x000000075fe00000, 0x000000075fe00000, 0x0000000760000000|  0%| F|  |TAMS 0x000000075fe00000, 0x000000075fe00000| Untracked 
| 256|0x0000000760000000, 0x0000000760000000, 0x0000000760200000|  0%| F|  |TAMS 0x0000000760000000, 0x0000000760000000| Untracked 
| 257|0x0000000760200000, 0x0000000760200000, 0x0000000760400000|  0%| F|  |TAMS 0x0000000760200000, 0x0000000760200000| Untracked 
| 258|0x0000000760400000, 0x0000000760400000, 0x0000000760600000|  0%| F|  |TAMS 0x0000000760400000, 0x0000000760400000| Untracked 
| 259|0x0000000760600000, 0x0000000760600000, 0x0000000760800000|  0%| F|  |TAMS 0x0000000760600000, 0x0000000760600000| Untracked 
| 260|0x0000000760800000, 0x0000000760800000, 0x0000000760a00000|  0%| F|  |TAMS 0x0000000760800000, 0x0000000760800000| Untracked 
| 261|0x0000000760a00000, 0x0000000760a00000, 0x0000000760c00000|  0%| F|  |TAMS 0x0000000760a00000, 0x0000000760a00000| Untracked 
| 262|0x0000000760c00000, 0x0000000760c00000, 0x0000000760e00000|  0%| F|  |TAMS 0x0000000760c00000, 0x0000000760c00000| Untracked 
| 263|0x0000000760e00000, 0x0000000760e00000, 0x0000000761000000|  0%| F|  |TAMS 0x0000000760e00000, 0x0000000760e00000| Untracked 
| 264|0x0000000761000000, 0x0000000761000000, 0x0000000761200000|  0%| F|  |TAMS 0x0000000761000000, 0x0000000761000000| Untracked 
| 265|0x0000000761200000, 0x0000000761200000, 0x0000000761400000|  0%| F|  |TAMS 0x0000000761200000, 0x0000000761200000| Untracked 
| 266|0x0000000761400000, 0x0000000761400000, 0x0000000761600000|  0%| F|  |TAMS 0x0000000761400000, 0x0000000761400000| Untracked 
| 267|0x0000000761600000, 0x0000000761600000, 0x0000000761800000|  0%| F|  |TAMS 0x0000000761600000, 0x0000000761600000| Untracked 
| 268|0x0000000761800000, 0x0000000761800000, 0x0000000761a00000|  0%| F|  |TAMS 0x0000000761800000, 0x0000000761800000| Untracked 
| 269|0x0000000761a00000, 0x0000000761a00000, 0x0000000761c00000|  0%| F|  |TAMS 0x0000000761a00000, 0x0000000761a00000| Untracked 
| 270|0x0000000761c00000, 0x0000000761c00000, 0x0000000761e00000|  0%| F|  |TAMS 0x0000000761c00000, 0x0000000761c00000| Untracked 
| 271|0x0000000761e00000, 0x0000000761e00000, 0x0000000762000000|  0%| F|  |TAMS 0x0000000761e00000, 0x0000000761e00000| Untracked 
| 272|0x0000000762000000, 0x0000000762000000, 0x0000000762200000|  0%| F|  |TAMS 0x0000000762000000, 0x0000000762000000| Untracked 
| 273|0x0000000762200000, 0x0000000762200000, 0x0000000762400000|  0%| F|  |TAMS 0x0000000762200000, 0x0000000762200000| Untracked 
| 274|0x0000000762400000, 0x0000000762400000, 0x0000000762600000|  0%| F|  |TAMS 0x0000000762400000, 0x0000000762400000| Untracked 
| 275|0x0000000762600000, 0x0000000762600000, 0x0000000762800000|  0%| F|  |TAMS 0x0000000762600000, 0x0000000762600000| Untracked 
| 276|0x0000000762800000, 0x0000000762800000, 0x0000000762a00000|  0%| F|  |TAMS 0x0000000762800000, 0x0000000762800000| Untracked 
| 277|0x0000000762a00000, 0x0000000762a00000, 0x0000000762c00000|  0%| F|  |TAMS 0x0000000762a00000, 0x0000000762a00000| Untracked 
| 278|0x0000000762c00000, 0x0000000762c00000, 0x0000000762e00000|  0%| F|  |TAMS 0x0000000762c00000, 0x0000000762c00000| Untracked 
| 279|0x0000000762e00000, 0x0000000762e00000, 0x0000000763000000|  0%| F|  |TAMS 0x0000000762e00000, 0x0000000762e00000| Untracked 
| 280|0x0000000763000000, 0x0000000763000000, 0x0000000763200000|  0%| F|  |TAMS 0x0000000763000000, 0x0000000763000000| Untracked 
| 281|0x0000000763200000, 0x0000000763200000, 0x0000000763400000|  0%| F|  |TAMS 0x0000000763200000, 0x0000000763200000| Untracked 
| 282|0x0000000763400000, 0x0000000763400000, 0x0000000763600000|  0%| F|  |TAMS 0x0000000763400000, 0x0000000763400000| Untracked 
| 283|0x0000000763600000, 0x0000000763600000, 0x0000000763800000|  0%| F|  |TAMS 0x0000000763600000, 0x0000000763600000| Untracked 
| 284|0x0000000763800000, 0x0000000763800000, 0x0000000763a00000|  0%| F|  |TAMS 0x0000000763800000, 0x0000000763800000| Untracked 
| 285|0x0000000763a00000, 0x0000000763a00000, 0x0000000763c00000|  0%| F|  |TAMS 0x0000000763a00000, 0x0000000763a00000| Untracked 
| 286|0x0000000763c00000, 0x0000000763c00000, 0x0000000763e00000|  0%| F|  |TAMS 0x0000000763c00000, 0x0000000763c00000| Untracked 
| 287|0x0000000763e00000, 0x0000000763e00000, 0x0000000764000000|  0%| F|  |TAMS 0x0000000763e00000, 0x0000000763e00000| Untracked 
| 288|0x0000000764000000, 0x0000000764000000, 0x0000000764200000|  0%| F|  |TAMS 0x0000000764000000, 0x0000000764000000| Untracked 
| 289|0x0000000764200000, 0x0000000764200000, 0x0000000764400000|  0%| F|  |TAMS 0x0000000764200000, 0x0000000764200000| Untracked 
| 290|0x0000000764400000, 0x0000000764400000, 0x0000000764600000|  0%| F|  |TAMS 0x0000000764400000, 0x0000000764400000| Untracked 
| 291|0x0000000764600000, 0x0000000764600000, 0x0000000764800000|  0%| F|  |TAMS 0x0000000764600000, 0x0000000764600000| Untracked 
| 292|0x0000000764800000, 0x0000000764800000, 0x0000000764a00000|  0%| F|  |TAMS 0x0000000764800000, 0x0000000764800000| Untracked 
| 293|0x0000000764a00000, 0x0000000764a00000, 0x0000000764c00000|  0%| F|  |TAMS 0x0000000764a00000, 0x0000000764a00000| Untracked 
| 294|0x0000000764c00000, 0x0000000764c00000, 0x0000000764e00000|  0%| F|  |TAMS 0x0000000764c00000, 0x0000000764c00000| Untracked 
| 295|0x0000000764e00000, 0x0000000764e00000, 0x0000000765000000|  0%| F|  |TAMS 0x0000000764e00000, 0x0000000764e00000| Untracked 
| 296|0x0000000765000000, 0x0000000765000000, 0x0000000765200000|  0%| F|  |TAMS 0x0000000765000000, 0x0000000765000000| Untracked 
| 297|0x0000000765200000, 0x0000000765200000, 0x0000000765400000|  0%| F|  |TAMS 0x0000000765200000, 0x0000000765200000| Untracked 
| 298|0x0000000765400000, 0x0000000765400000, 0x0000000765600000|  0%| F|  |TAMS 0x0000000765400000, 0x0000000765400000| Untracked 
| 299|0x0000000765600000, 0x0000000765600000, 0x0000000765800000|  0%| F|  |TAMS 0x0000000765600000, 0x0000000765600000| Untracked 
| 300|0x0000000765800000, 0x0000000765800000, 0x0000000765a00000|  0%| F|  |TAMS 0x0000000765800000, 0x0000000765800000| Untracked 
| 301|0x0000000765a00000, 0x0000000765a00000, 0x0000000765c00000|  0%| F|  |TAMS 0x0000000765a00000, 0x0000000765a00000| Untracked 
| 302|0x0000000765c00000, 0x0000000765c00000, 0x0000000765e00000|  0%| F|  |TAMS 0x0000000765c00000, 0x0000000765c00000| Untracked 
| 303|0x0000000765e00000, 0x0000000765e00000, 0x0000000766000000|  0%| F|  |TAMS 0x0000000765e00000, 0x0000000765e00000| Untracked 
| 304|0x0000000766000000, 0x0000000766000000, 0x0000000766200000|  0%| F|  |TAMS 0x0000000766000000, 0x0000000766000000| Untracked 
| 305|0x0000000766200000, 0x0000000766200000, 0x0000000766400000|  0%| F|  |TAMS 0x0000000766200000, 0x0000000766200000| Untracked 
| 306|0x0000000766400000, 0x0000000766400000, 0x0000000766600000|  0%| F|  |TAMS 0x0000000766400000, 0x0000000766400000| Untracked 
| 307|0x0000000766600000, 0x0000000766600000, 0x0000000766800000|  0%| F|  |TAMS 0x0000000766600000, 0x0000000766600000| Untracked 
| 308|0x0000000766800000, 0x0000000766800000, 0x0000000766a00000|  0%| F|  |TAMS 0x0000000766800000, 0x0000000766800000| Untracked 
| 309|0x0000000766a00000, 0x0000000766a00000, 0x0000000766c00000|  0%| F|  |TAMS 0x0000000766a00000, 0x0000000766a00000| Untracked 
| 310|0x0000000766c00000, 0x0000000766c00000, 0x0000000766e00000|  0%| F|  |TAMS 0x0000000766c00000, 0x0000000766c00000| Untracked 
| 311|0x0000000766e00000, 0x0000000766e00000, 0x0000000767000000|  0%| F|  |TAMS 0x0000000766e00000, 0x0000000766e00000| Untracked 
| 312|0x0000000767000000, 0x0000000767000000, 0x0000000767200000|  0%| F|  |TAMS 0x0000000767000000, 0x0000000767000000| Untracked 
| 313|0x0000000767200000, 0x0000000767200000, 0x0000000767400000|  0%| F|  |TAMS 0x0000000767200000, 0x0000000767200000| Untracked 
| 314|0x0000000767400000, 0x0000000767400000, 0x0000000767600000|  0%| F|  |TAMS 0x0000000767400000, 0x0000000767400000| Untracked 
| 315|0x0000000767600000, 0x0000000767600000, 0x0000000767800000|  0%| F|  |TAMS 0x0000000767600000, 0x0000000767600000| Untracked 
| 316|0x0000000767800000, 0x0000000767800000, 0x0000000767a00000|  0%| F|  |TAMS 0x0000000767800000, 0x0000000767800000| Untracked 
| 317|0x0000000767a00000, 0x0000000767a00000, 0x0000000767c00000|  0%| F|  |TAMS 0x0000000767a00000, 0x0000000767a00000| Untracked 
| 318|0x0000000767c00000, 0x0000000767c00000, 0x0000000767e00000|  0%| F|  |TAMS 0x0000000767c00000, 0x0000000767c00000| Untracked 
| 319|0x0000000767e00000, 0x0000000767e00000, 0x0000000768000000|  0%| F|  |TAMS 0x0000000767e00000, 0x0000000767e00000| Untracked 
| 320|0x0000000768000000, 0x0000000768000000, 0x0000000768200000|  0%| F|  |TAMS 0x0000000768000000, 0x0000000768000000| Untracked 
| 321|0x0000000768200000, 0x0000000768200000, 0x0000000768400000|  0%| F|  |TAMS 0x0000000768200000, 0x0000000768200000| Untracked 
| 322|0x0000000768400000, 0x0000000768400000, 0x0000000768600000|  0%| F|  |TAMS 0x0000000768400000, 0x0000000768400000| Untracked 
| 323|0x0000000768600000, 0x0000000768600000, 0x0000000768800000|  0%| F|  |TAMS 0x0000000768600000, 0x0000000768600000| Untracked 
| 324|0x0000000768800000, 0x0000000768800000, 0x0000000768a00000|  0%| F|  |TAMS 0x0000000768800000, 0x0000000768800000| Untracked 
| 325|0x0000000768a00000, 0x0000000768a00000, 0x0000000768c00000|  0%| F|  |TAMS 0x0000000768a00000, 0x0000000768a00000| Untracked 
| 326|0x0000000768c00000, 0x0000000768c00000, 0x0000000768e00000|  0%| F|  |TAMS 0x0000000768c00000, 0x0000000768c00000| Untracked 
| 327|0x0000000768e00000, 0x0000000768e00000, 0x0000000769000000|  0%| F|  |TAMS 0x0000000768e00000, 0x0000000768e00000| Untracked 
| 328|0x0000000769000000, 0x0000000769000000, 0x0000000769200000|  0%| F|  |TAMS 0x0000000769000000, 0x0000000769000000| Untracked 
| 329|0x0000000769200000, 0x0000000769200000, 0x0000000769400000|  0%| F|  |TAMS 0x0000000769200000, 0x0000000769200000| Untracked 
| 330|0x0000000769400000, 0x0000000769400000, 0x0000000769600000|  0%| F|  |TAMS 0x0000000769400000, 0x0000000769400000| Untracked 
| 331|0x0000000769600000, 0x0000000769600000, 0x0000000769800000|  0%| F|  |TAMS 0x0000000769600000, 0x0000000769600000| Untracked 
| 332|0x0000000769800000, 0x0000000769800000, 0x0000000769a00000|  0%| F|  |TAMS 0x0000000769800000, 0x0000000769800000| Untracked 
| 333|0x0000000769a00000, 0x0000000769a00000, 0x0000000769c00000|  0%| F|  |TAMS 0x0000000769a00000, 0x0000000769a00000| Untracked 
| 334|0x0000000769c00000, 0x0000000769c00000, 0x0000000769e00000|  0%| F|  |TAMS 0x0000000769c00000, 0x0000000769c00000| Untracked 
| 335|0x0000000769e00000, 0x0000000769e00000, 0x000000076a000000|  0%| F|  |TAMS 0x0000000769e00000, 0x0000000769e00000| Untracked 
| 336|0x000000076a000000, 0x000000076a000000, 0x000000076a200000|  0%| F|  |TAMS 0x000000076a000000, 0x000000076a000000| Untracked 
| 337|0x000000076a200000, 0x000000076a200000, 0x000000076a400000|  0%| F|  |TAMS 0x000000076a200000, 0x000000076a200000| Untracked 
| 338|0x000000076a400000, 0x000000076a400000, 0x000000076a600000|  0%| F|  |TAMS 0x000000076a400000, 0x000000076a400000| Untracked 
| 339|0x000000076a600000, 0x000000076a600000, 0x000000076a800000|  0%| F|  |TAMS 0x000000076a600000, 0x000000076a600000| Untracked 
| 340|0x000000076a800000, 0x000000076a800000, 0x000000076aa00000|  0%| F|  |TAMS 0x000000076a800000, 0x000000076a800000| Untracked 
| 341|0x000000076aa00000, 0x000000076aa00000, 0x000000076ac00000|  0%| F|  |TAMS 0x000000076aa00000, 0x000000076aa00000| Untracked 
| 342|0x000000076ac00000, 0x000000076ac00000, 0x000000076ae00000|  0%| F|  |TAMS 0x000000076ac00000, 0x000000076ac00000| Untracked 
| 343|0x000000076ae00000, 0x000000076ae00000, 0x000000076b000000|  0%| F|  |TAMS 0x000000076ae00000, 0x000000076ae00000| Untracked 
| 344|0x000000076b000000, 0x000000076b000000, 0x000000076b200000|  0%| F|  |TAMS 0x000000076b000000, 0x000000076b000000| Untracked 
| 345|0x000000076b200000, 0x000000076b200000, 0x000000076b400000|  0%| F|  |TAMS 0x000000076b200000, 0x000000076b200000| Untracked 
| 346|0x000000076b400000, 0x000000076b400000, 0x000000076b600000|  0%| F|  |TAMS 0x000000076b400000, 0x000000076b400000| Untracked 
| 347|0x000000076b600000, 0x000000076b600000, 0x000000076b800000|  0%| F|  |TAMS 0x000000076b600000, 0x000000076b600000| Untracked 
| 348|0x000000076b800000, 0x000000076b800000, 0x000000076ba00000|  0%| F|  |TAMS 0x000000076b800000, 0x000000076b800000| Untracked 
| 349|0x000000076ba00000, 0x000000076ba00000, 0x000000076bc00000|  0%| F|  |TAMS 0x000000076ba00000, 0x000000076ba00000| Untracked 
| 350|0x000000076bc00000, 0x000000076bc00000, 0x000000076be00000|  0%| F|  |TAMS 0x000000076bc00000, 0x000000076bc00000| Untracked 
| 351|0x000000076be00000, 0x000000076be00000, 0x000000076c000000|  0%| F|  |TAMS 0x000000076be00000, 0x000000076be00000| Untracked 
| 352|0x000000076c000000, 0x000000076c000000, 0x000000076c200000|  0%| F|  |TAMS 0x000000076c000000, 0x000000076c000000| Untracked 
| 353|0x000000076c200000, 0x000000076c200000, 0x000000076c400000|  0%| F|  |TAMS 0x000000076c200000, 0x000000076c200000| Untracked 
| 354|0x000000076c400000, 0x000000076c400000, 0x000000076c600000|  0%| F|  |TAMS 0x000000076c400000, 0x000000076c400000| Untracked 
| 355|0x000000076c600000, 0x000000076c600000, 0x000000076c800000|  0%| F|  |TAMS 0x000000076c600000, 0x000000076c600000| Untracked 
| 356|0x000000076c800000, 0x000000076c800000, 0x000000076ca00000|  0%| F|  |TAMS 0x000000076c800000, 0x000000076c800000| Untracked 
| 357|0x000000076ca00000, 0x000000076ca00000, 0x000000076cc00000|  0%| F|  |TAMS 0x000000076ca00000, 0x000000076ca00000| Untracked 
| 358|0x000000076cc00000, 0x000000076cc00000, 0x000000076ce00000|  0%| F|  |TAMS 0x000000076cc00000, 0x000000076cc00000| Untracked 
| 359|0x000000076ce00000, 0x000000076cfa2cf8, 0x000000076d000000| 81%| E|  |TAMS 0x000000076ce00000, 0x000000076ce00000| Complete 
| 360|0x000000076d000000, 0x000000076d200000, 0x000000076d200000|100%| E|CS|TAMS 0x000000076d000000, 0x000000076d000000| Complete 
| 361|0x000000076d200000, 0x000000076d400000, 0x000000076d400000|100%| E|CS|TAMS 0x000000076d200000, 0x000000076d200000| Complete 
| 362|0x000000076d400000, 0x000000076d600000, 0x000000076d600000|100%| E|CS|TAMS 0x000000076d400000, 0x000000076d400000| Complete 
| 363|0x000000076d600000, 0x000000076d800000, 0x000000076d800000|100%| E|CS|TAMS 0x000000076d600000, 0x000000076d600000| Complete 
| 364|0x000000076d800000, 0x000000076da00000, 0x000000076da00000|100%| E|CS|TAMS 0x000000076d800000, 0x000000076d800000| Complete 

Card table byte_map: [0x000001d8c5950000,0x000001d8c5f50000] _byte_map_base: 0x000001d8c1f50000

Marking Bits (Prev, Next): (CMBitMap*) 0x000001d8add99ea0, (CMBitMap*) 0x000001d8add99e60
 Prev Bits: [0x000001d8c9550000, 0x000001d8cc550000)
 Next Bits: [0x000001d8c6550000, 0x000001d8c9550000)

Polling page: 0x000001d8ab980000

Metaspace:

Usage:
  Non-class:     68.86 MB used.
      Class:     10.95 MB used.
       Both:     79.81 MB used.

Virtual space:
  Non-class space:      128.00 MB reserved,      69.25 MB ( 54%) committed,  2 nodes.
      Class space:        1.00 GB reserved,      11.31 MB (  1%) committed,  1 nodes.
             Both:        1.12 GB reserved,      80.56 MB (  7%) committed. 

Chunk freelists:
   Non-Class:  10.50 MB
       Class:  4.59 MB
        Both:  15.09 MB

MaxMetaspaceSize: unlimited
CompressedClassSpaceSize: 1.00 GB
Initial GC threshold: 21.00 MB
Current GC threshold: 129.94 MB
CDS: on
MetaspaceReclaimPolicy: balanced
 - commit_granule_bytes: 65536.
 - commit_granule_words: 8192.
 - virtual_space_node_default_size: 8388608.
 - enlarge_chunks_in_place: 1.
 - new_chunks_are_fully_committed: 0.
 - uncommit_free_chunks: 1.
 - use_allocation_guard: 0.
 - handle_deallocations: 1.


Internal statistics:

num_allocs_failed_limit: 9.
num_arena_births: 808.
num_arena_deaths: 4.
num_vsnodes_births: 3.
num_vsnodes_deaths: 0.
num_space_committed: 1289.
num_space_uncommitted: 0.
num_chunks_returned_to_freelist: 15.
num_chunks_taken_from_freelist: 3976.
num_chunk_merges: 10.
num_chunk_splits: 2588.
num_chunks_enlarged: 1738.
num_inconsistent_stats: 0.

CodeHeap 'non-profiled nmethods': size=119168Kb used=7269Kb max_used=7454Kb free=111898Kb
 bounds [0x000001d8bd440000, 0x000001d8bdb90000, 0x000001d8c48a0000]
CodeHeap 'profiled nmethods': size=119104Kb used=20873Kb max_used=20873Kb free=98230Kb
 bounds [0x000001d8b58a0000, 0x000001d8b6d10000, 0x000001d8bccf0000]
CodeHeap 'non-nmethods': size=7488Kb used=4136Kb max_used=4201Kb free=3352Kb
 bounds [0x000001d8bccf0000, 0x000001d8bd110000, 0x000001d8bd440000]
 total_blobs=11339 nmethods=10420 adapters=820
 compilation: enabled
              stopped_count=0, restarted_count=0
 full_count=0

Compilation events (20 events):
Event: 16.547 Thread 0x000001d8cf94d1e0 nmethod 12535 0x000001d8b6cd3590 code [0x000001d8b6cd3740, 0x000001d8b6cd3908]
Event: 16.547 Thread 0x000001d915ceca00 12536       4       java.util.Spliterators::spliterator (25 bytes)
Event: 16.547 Thread 0x000001d919ac45a0 nmethod 12534 0x000001d8bd7e3210 code [0x000001d8bd7e33a0, 0x000001d8bd7e34a8]
Event: 16.547 Thread 0x000001d8cf5fb9c0 12537   !   3       com.sun.tools.javac.code.Types$4::containsTypeRecursive (94 bytes)
Event: 16.547 Thread 0x000001d919ac35b0 12538       3       com.sun.tools.javac.comp.Check::isTypeArgErroneous (15 bytes)
Event: 16.548 Thread 0x000001d8cf5fb9c0 nmethod 12537 0x000001d8b6cd3990 code [0x000001d8b6cd3c00, 0x000001d8b6cd46b8]
Event: 16.548 Thread 0x000001d919ac35b0 nmethod 12538 0x000001d8b6cd4b10 code [0x000001d8b6cd4ce0, 0x000001d8b6cd5048]
Event: 16.548 Thread 0x000001d8cf5fb9c0 12539       3       com.sun.tools.javac.comp.Check$3::visitType (10 bytes)
Event: 16.548 Thread 0x000001d919ac35b0 12540       3       com.sun.tools.javac.comp.Check$3::visitType (8 bytes)
Event: 16.548 Thread 0x000001d8cf5fb9c0 nmethod 12539 0x000001d8b6cd5190 code [0x000001d8b6cd5360, 0x000001d8b6cd5788]
Event: 16.548 Thread 0x000001d8cf94d1e0 12541       3       com.sun.tools.javac.comp.Check::checkExtends (103 bytes)
Event: 16.548 Thread 0x000001d919ac35b0 nmethod 12540 0x000001d8b6cd5910 code [0x000001d8b6cd5ae0, 0x000001d8b6cd5d88]
Event: 16.548 Thread 0x000001d915ceca00 nmethod 12536 0x000001d8bd7e2d90 code [0x000001d8bd7e2f20, 0x000001d8bd7e3098]
Event: 16.548 Thread 0x000001d919ac35b0 12542       3       com.sun.tools.javac.comp.Check::firstIncompatibleTypeArg (418 bytes)
Event: 16.549 Thread 0x000001d919ac45a0 12543       4       com.sun.tools.javac.comp.Check::setLint (12 bytes)
Event: 16.549 Thread 0x000001d8cf5fb9c0 12544       3       com.sun.tools.javac.comp.DeferredAttr$DeferredAttrDiagHandler$PosScanner::scan (26 bytes)
Event: 16.549 Thread 0x000001d8cf870990 12545       3       com.sun.tools.javac.code.Types$HashCodeVisitor::visitUndetVar (10 bytes)
Event: 16.549 Thread 0x000001d919ac45a0 nmethod 12543 0x000001d8bd7e2a10 code [0x000001d8bd7e2b80, 0x000001d8bd7e2cd8]
Event: 16.549 Thread 0x000001d919ac5590 12548       4       com.esotericsoftware.kryo.io.Output::writeLong (7 bytes)
Event: 16.550 Thread 0x000001d919ac5590 nmethod 12548 0x000001d8bd7e2710 code [0x000001d8bd7e28a0, 0x000001d8bd7e2948]

GC Heap History (20 events):
Event: 10.449 GC heap before
{Heap before GC invocations=21 (full 0):
 garbage-first heap   total 135168K, used 84352K [0x0000000740000000, 0x0000000800000000)
  region size 2048K, 2 young (4096K), 1 survivors (2048K)
 Metaspace       used 63954K, committed 64576K, reserved 1114112K
  class space    used 8808K, committed 9088K, reserved 1048576K
}
Event: 10.451 GC heap after
{Heap after GC invocations=22 (full 0):
 garbage-first heap   total 135168K, used 61890K [0x0000000740000000, 0x0000000800000000)
  region size 2048K, 1 young (2048K), 1 survivors (2048K)
 Metaspace       used 63954K, committed 64576K, reserved 1114112K
  class space    used 8808K, committed 9088K, reserved 1048576K
}
Event: 11.443 GC heap before
{Heap before GC invocations=23 (full 0):
 garbage-first heap   total 135168K, used 115138K [0x0000000740000000, 0x0000000800000000)
  region size 2048K, 24 young (49152K), 1 survivors (2048K)
 Metaspace       used 66220K, committed 66880K, reserved 1114112K
  class space    used 9186K, committed 9472K, reserved 1048576K
}
Event: 11.445 GC heap after
{Heap after GC invocations=24 (full 0):
 garbage-first heap   total 237568K, used 66462K [0x0000000740000000, 0x0000000800000000)
  region size 2048K, 3 young (6144K), 3 survivors (6144K)
 Metaspace       used 66220K, committed 66880K, reserved 1114112K
  class space    used 9186K, committed 9472K, reserved 1048576K
}
Event: 11.462 GC heap before
{Heap before GC invocations=24 (full 0):
 garbage-first heap   total 237568K, used 68510K [0x0000000740000000, 0x0000000800000000)
  region size 2048K, 5 young (10240K), 3 survivors (6144K)
 Metaspace       used 66369K, committed 67008K, reserved 1114112K
  class space    used 9214K, committed 9472K, reserved 1048576K
}
Event: 11.464 GC heap after
{Heap after GC invocations=25 (full 0):
 garbage-first heap   total 237568K, used 66853K [0x0000000740000000, 0x0000000800000000)
  region size 2048K, 1 young (2048K), 1 survivors (2048K)
 Metaspace       used 66369K, committed 67008K, reserved 1114112K
  class space    used 9214K, committed 9472K, reserved 1048576K
}
Event: 12.344 GC heap before
{Heap before GC invocations=25 (full 0):
 garbage-first heap   total 237568K, used 232741K [0x0000000740000000, 0x0000000800000000)
  region size 2048K, 46 young (94208K), 1 survivors (2048K)
 Metaspace       used 76473K, committed 77184K, reserved 1179648K
  class space    used 10599K, committed 10944K, reserved 1048576K
}
Event: 12.348 GC heap after
{Heap after GC invocations=26 (full 0):
 garbage-first heap   total 247808K, used 74982K [0x0000000740000000, 0x0000000800000000)
  region size 2048K, 5 young (10240K), 5 survivors (10240K)
 Metaspace       used 76473K, committed 77184K, reserved 1179648K
  class space    used 10599K, committed 10944K, reserved 1048576K
}
Event: 13.383 GC heap before
{Heap before GC invocations=26 (full 0):
 garbage-first heap   total 247808K, used 197862K [0x0000000740000000, 0x0000000800000000)
  region size 2048K, 63 young (129024K), 5 survivors (10240K)
 Metaspace       used 79009K, committed 79744K, reserved 1179648K
  class space    used 10891K, committed 11264K, reserved 1048576K
}
Event: 13.391 GC heap after
{Heap after GC invocations=27 (full 0):
 garbage-first heap   total 247808K, used 105834K [0x0000000740000000, 0x0000000800000000)
  region size 2048K, 8 young (16384K), 8 survivors (16384K)
 Metaspace       used 79009K, committed 79744K, reserved 1179648K
  class space    used 10891K, committed 11264K, reserved 1048576K
}
Event: 13.496 GC heap before
{Heap before GC invocations=27 (full 0):
 garbage-first heap   total 247808K, used 187754K [0x0000000740000000, 0x0000000800000000)
  region size 2048K, 48 young (98304K), 8 survivors (16384K)
 Metaspace       used 79069K, committed 79808K, reserved 1179648K
  class space    used 10896K, committed 11264K, reserved 1048576K
}
Event: 13.504 GC heap after
{Heap after GC invocations=28 (full 0):
 garbage-first heap   total 247808K, used 127495K [0x0000000740000000, 0x0000000800000000)
  region size 2048K, 6 young (12288K), 6 survivors (12288K)
 Metaspace       used 79069K, committed 79808K, reserved 1179648K
  class space    used 10896K, committed 11264K, reserved 1048576K
}
Event: 13.589 GC heap before
{Heap before GC invocations=29 (full 0):
 garbage-first heap   total 256000K, used 188935K [0x0000000740000000, 0x0000000800000000)
  region size 2048K, 36 young (73728K), 6 survivors (12288K)
 Metaspace       used 79075K, committed 79808K, reserved 1179648K
  class space    used 10895K, committed 11264K, reserved 1048576K
}
Event: 13.594 GC heap after
{Heap after GC invocations=30 (full 0):
 garbage-first heap   total 256000K, used 139795K [0x0000000740000000, 0x0000000800000000)
  region size 2048K, 5 young (10240K), 5 survivors (10240K)
 Metaspace       used 79075K, committed 79808K, reserved 1179648K
  class space    used 10895K, committed 11264K, reserved 1048576K
}
Event: 13.595 GC heap before
{Heap before GC invocations=30 (full 0):
 garbage-first heap   total 256000K, used 141843K [0x0000000740000000, 0x0000000800000000)
  region size 2048K, 6 young (12288K), 5 survivors (10240K)
 Metaspace       used 79075K, committed 79808K, reserved 1179648K
  class space    used 10895K, committed 11264K, reserved 1048576K
}
Event: 13.598 GC heap after
{Heap after GC invocations=31 (full 0):
 garbage-first heap   total 256000K, used 142456K [0x0000000740000000, 0x0000000800000000)
  region size 2048K, 1 young (2048K), 1 survivors (2048K)
 Metaspace       used 79075K, committed 79808K, reserved 1179648K
  class space    used 10895K, committed 11264K, reserved 1048576K
}
Event: 13.646 GC heap before
{Heap before GC invocations=31 (full 0):
 garbage-first heap   total 256000K, used 199800K [0x0000000740000000, 0x0000000800000000)
  region size 2048K, 29 young (59392K), 1 survivors (2048K)
 Metaspace       used 79075K, committed 79808K, reserved 1179648K
  class space    used 10895K, committed 11264K, reserved 1048576K
}
Event: 13.650 GC heap after
{Heap after GC invocations=32 (full 0):
 garbage-first heap   total 256000K, used 151259K [0x0000000740000000, 0x0000000800000000)
  region size 2048K, 4 young (8192K), 4 survivors (8192K)
 Metaspace       used 79075K, committed 79808K, reserved 1179648K
  class space    used 10895K, committed 11264K, reserved 1048576K
}
Event: 14.027 GC heap before
{Heap before GC invocations=32 (full 0):
 garbage-first heap   total 256000K, used 202459K [0x0000000740000000, 0x0000000800000000)
  region size 2048K, 29 young (59392K), 4 survivors (8192K)
 Metaspace       used 80695K, committed 81472K, reserved 1179648K
  class space    used 11125K, committed 11520K, reserved 1048576K
}
Event: 15.269 GC heap after
{Heap after GC invocations=33 (full 0):
 garbage-first heap   total 747520K, used 160966K [0x0000000740000000, 0x0000000800000000)
  region size 2048K, 4 young (8192K), 4 survivors (8192K)
 Metaspace       used 80695K, committed 81472K, reserved 1179648K
  class space    used 11125K, committed 11520K, reserved 1048576K
}

Dll operation events (15 events):
Event: 0.008 Loaded shared library D:\JAVA\JAVA_17\bin\java.dll
Event: 0.018 Loaded shared library D:\JAVA\JAVA_17\bin\jsvml.dll
Event: 0.050 Loaded shared library D:\JAVA\JAVA_17\bin\zip.dll
Event: 0.054 Loaded shared library D:\JAVA\JAVA_17\bin\instrument.dll
Event: 0.058 Loaded shared library D:\JAVA\JAVA_17\bin\net.dll
Event: 0.059 Loaded shared library D:\JAVA\JAVA_17\bin\nio.dll
Event: 0.062 Loaded shared library D:\JAVA\JAVA_17\bin\zip.dll
Event: 0.257 Loaded shared library D:\JAVA\JAVA_17\bin\jimage.dll
Event: 0.331 Loaded shared library D:\JAVA\JAVA_17\bin\verify.dll
Event: 0.439 Loaded shared library C:\Users\Lenovo\.gradle\native\c067742578af261105cb4f569cf0c3c89f3d7b1fecec35dd04571415982c5e48\windows-amd64\native-platform.dll
Event: 0.445 Loaded shared library C:\Users\Lenovo\.gradle\native\100fb08df4bc3b14c8652ba06237920a3bd2aa13389f12d3474272988ae205f9\windows-amd64\native-platform-file-events.dll
Event: 1.109 Loaded shared library D:\JAVA\JAVA_17\bin\management.dll
Event: 1.111 Loaded shared library D:\JAVA\JAVA_17\bin\management_ext.dll
Event: 1.218 Loaded shared library D:\JAVA\JAVA_17\bin\extnet.dll
Event: 1.550 Loaded shared library D:\JAVA\JAVA_17\bin\sunmscapi.dll

Deoptimization events (20 events):
Event: 15.484 Thread 0x000001d91b75ff20 Uncommon trap: trap_request=0xffffff45 fr.pc=0x000001d8bdaaffb4 relative=0x00000000000003d4
Event: 15.484 Thread 0x000001d91b75ff20 Uncommon trap: reason=unstable_if action=reinterpret pc=0x000001d8bdaaffb4 method=com.sun.tools.javac.code.Symbol$TypeSymbol.formFlatName(Lcom/sun/tools/javac/util/Name;Lcom/sun/tools/javac/code/Symbol;)Lcom/sun/tools/javac/util/Name; @ 14 c2
Event: 15.484 Thread 0x000001d91b75ff20 DEOPT PACKING pc=0x000001d8bdaaffb4 sp=0x00000043d22f5fa0
Event: 15.484 Thread 0x000001d91b75ff20 DEOPT UNPACKING pc=0x000001d8bcd469a3 sp=0x00000043d22f5f70 mode 2
Event: 15.485 Thread 0x000001d91b75ff20 Uncommon trap: trap_request=0xffffff45 fr.pc=0x000001d8bdad3134 relative=0x00000000000003d4
Event: 15.485 Thread 0x000001d91b75ff20 Uncommon trap: reason=unstable_if action=reinterpret pc=0x000001d8bdad3134 method=com.sun.tools.javac.code.Symbol$TypeSymbol.formFullName(Lcom/sun/tools/javac/util/Name;Lcom/sun/tools/javac/code/Symbol;)Lcom/sun/tools/javac/util/Name; @ 13 c2
Event: 15.485 Thread 0x000001d91b75ff20 DEOPT PACKING pc=0x000001d8bdad3134 sp=0x00000043d22f6500
Event: 15.485 Thread 0x000001d91b75ff20 DEOPT UNPACKING pc=0x000001d8bcd469a3 sp=0x00000043d22f64d0 mode 2
Event: 16.768 Thread 0x000001d91a4baf40 Uncommon trap: trap_request=0xffffffde fr.pc=0x000001d8bdb23830 relative=0x0000000000000170
Event: 16.768 Thread 0x000001d91a4baf40 Uncommon trap: reason=class_check action=maybe_recompile pc=0x000001d8bdb23830 method=java.util.Formatter$FormatSpecifier.printString(Ljava/lang/Object;Ljava/util/Locale;)V @ 99 c2
Event: 16.768 Thread 0x000001d91a4baf40 DEOPT PACKING pc=0x000001d8bdb23830 sp=0x00000043c83fea20
Event: 16.768 Thread 0x000001d91a4baf40 DEOPT UNPACKING pc=0x000001d8bcd469a3 sp=0x00000043c83fe9c0 mode 2
Event: 16.768 Thread 0x000001d91a4baf40 Uncommon trap: trap_request=0xffffffde fr.pc=0x000001d8bdb23830 relative=0x0000000000000170
Event: 16.768 Thread 0x000001d91a4baf40 Uncommon trap: reason=class_check action=maybe_recompile pc=0x000001d8bdb23830 method=java.util.Formatter$FormatSpecifier.printString(Ljava/lang/Object;Ljava/util/Locale;)V @ 99 c2
Event: 16.768 Thread 0x000001d91a4baf40 DEOPT PACKING pc=0x000001d8bdb23830 sp=0x00000043c83fea20
Event: 16.768 Thread 0x000001d91a4baf40 DEOPT UNPACKING pc=0x000001d8bcd469a3 sp=0x00000043c83fe9c0 mode 2
Event: 16.768 Thread 0x000001d91a4baf40 Uncommon trap: trap_request=0xffffffde fr.pc=0x000001d8bdb23830 relative=0x0000000000000170
Event: 16.768 Thread 0x000001d91a4baf40 Uncommon trap: reason=class_check action=maybe_recompile pc=0x000001d8bdb23830 method=java.util.Formatter$FormatSpecifier.printString(Ljava/lang/Object;Ljava/util/Locale;)V @ 99 c2
Event: 16.768 Thread 0x000001d91a4baf40 DEOPT PACKING pc=0x000001d8bdb23830 sp=0x00000043c83fea20
Event: 16.768 Thread 0x000001d91a4baf40 DEOPT UNPACKING pc=0x000001d8bcd469a3 sp=0x00000043c83fe9c0 mode 2

Classes loaded (20 events):
Event: 13.684 Loading class java/io/SerialCallbackContext
Event: 13.685 Loading class java/io/SerialCallbackContext done
Event: 13.723 Loading class java/text/MessageFormat
Event: 13.724 Loading class java/text/MessageFormat done
Event: 13.724 Loading class java/text/MessageFormat$Field
Event: 13.724 Loading class java/text/MessageFormat$Field done
Event: 13.819 Loading class java/util/EnumMap$EntrySet
Event: 13.819 Loading class java/util/EnumMap$EntrySet done
Event: 13.819 Loading class java/util/EnumMap$EntryIterator
Event: 13.819 Loading class java/util/EnumMap$EnumMapIterator
Event: 13.819 Loading class java/util/EnumMap$EnumMapIterator done
Event: 13.819 Loading class java/util/EnumMap$EntryIterator done
Event: 13.819 Loading class java/util/EnumMap$EntryIterator$Entry
Event: 13.820 Loading class java/util/EnumMap$EntryIterator$Entry done
Event: 15.325 Loading class java/text/BreakIterator
Event: 15.325 Loading class java/text/BreakIterator done
Event: 15.384 Loading class java/util/function/ToIntBiFunction
Event: 15.384 Loading class java/util/function/ToIntBiFunction done
Event: 15.387 Loading class java/nio/file/Path$1
Event: 15.387 Loading class java/nio/file/Path$1 done

Classes unloaded (2 events):
Event: 13.538 Thread 0x000001d8cf830240 Unloading class 0x000001d8d1908800 'java/lang/invoke/LambdaForm$DMH+0x000001d8d1908800'
Event: 13.538 Thread 0x000001d8cf830240 Unloading class 0x000001d8d1908400 'java/lang/invoke/LambdaForm$DMH+0x000001d8d1908400'

Classes redefined (0 events):
No events

Internal exceptions (20 events):
Event: 12.276 Thread 0x000001d91b75ff20 Exception <a 'sun/nio/fs/WindowsException'{0x0000000749761b50}> (0x0000000749761b50) 
thrown [s\src\hotspot\share\prims\jni.cpp, line 516]
Event: 12.285 Thread 0x000001d91b75ff20 Exception <a 'java/lang/NoSuchMethodError'{0x00000007494181b0}: 'java.lang.Object java.lang.invoke.DirectMethodHandle$Holder.invokeVirtual(java.lang.Object, java.lang.Object, java.lang.Object, int, int)'> (0x00000007494181b0) 
thrown [s\src\hotspot\share\interpreter\linkResolver.cpp, line 759]
Event: 12.674 Thread 0x000001d91b75ff20 Implicit null exception at 0x000001d8bda14257 to 0x000001d8bda15718
Event: 12.823 Thread 0x000001d91b75ff20 Exception <a 'java/lang/NoSuchMethodError'{0x000000074b792058}: 'int java.lang.invoke.DirectMethodHandle$Holder.invokeSpecial(java.lang.Object, java.lang.Object, java.lang.Object, java.lang.Object, java.lang.Object)'> (0x000000074b792058) 
thrown [s\src\hotspot\share\interpreter\linkResolver.cpp, line 759]
Event: 12.824 Thread 0x000001d91b75ff20 Implicit null exception at 0x000001d8bd9fe0f0 to 0x000001d8bd9feb04
Event: 12.849 Thread 0x000001d91b75ff20 Exception <a 'java/lang/NoSuchMethodError'{0x000000074b2f6948}: 'java.lang.Object java.lang.invoke.DirectMethodHandle$Holder.invokeStatic(java.lang.Object, java.lang.Object, int, int)'> (0x000000074b2f6948) 
thrown [s\src\hotspot\share\interpreter\linkResolver.cpp, line 759]
Event: 13.434 Thread 0x000001d91b75ff20 Implicit null exception at 0x000001d8bdaf1652 to 0x000001d8bdaf18c7
Event: 13.734 Thread 0x000001d91b75ff20 Exception <a 'sun/nio/fs/WindowsException'{0x000000074d8b8340}> (0x000000074d8b8340) 
thrown [s\src\hotspot\share\prims\jni.cpp, line 516]
Event: 13.752 Thread 0x000001d91b75ff20 Exception <a 'sun/nio/fs/WindowsException'{0x000000074d735090}> (0x000000074d735090) 
thrown [s\src\hotspot\share\prims\jni.cpp, line 516]
Event: 13.809 Thread 0x000001d91b75ff20 Exception <a 'java/lang/NoSuchMethodError'{0x000000074d5c6fa8}: 'int java.lang.invoke.DirectMethodHandle$Holder.invokeVirtual(java.lang.Object, java.lang.Object, java.lang.Object, java.lang.Object)'> (0x000000074d5c6fa8) 
thrown [s\src\hotspot\share\interpreter\linkResolver.cpp, line 759]
Event: 13.856 Thread 0x000001d91b75ff20 Exception <a 'java/lang/NoSuchMethodError'{0x000000074d00f2c8}: 'java.lang.Object java.lang.invoke.DirectMethodHandle$Holder.newInvokeSpecial(java.lang.Object, java.lang.Object, java.lang.Object, java.lang.Object, java.lang.Object, java.lang.Object, java.lang.Object, int)'> (0x000000074d00f2c8) 
thrown [s\src\hotspot\share\interpreter\linkResolver.cpp, line 759]
Event: 13.856 Thread 0x000001d91b75ff20 Exception <a 'java/lang/NoSuchMethodError'{0x000000074d015510}: 'java.lang.Object java.lang.invoke.DirectMethodHandle$Holder.invokeSpecial(java.lang.Object, java.lang.Object, java.lang.Object, java.lang.Object, java.lang.Object, java.lang.Object, java.lang.Object, java.lang.Object, int)'> (0x000000074d015510) 
thrown [s\src\hotspot\share\interpreter\linkResolver.cpp, line 759]
Event: 13.864 Thread 0x000001d91b75ff20 Exception <a 'java/lang/NoSuchMethodError'{0x000000074d052d58}: 'void java.lang.invoke.DirectMethodHandle$Holder.invokeSpecial(java.lang.Object, java.lang.Object, java.lang.Object, java.lang.Object, java.lang.Object, java.lang.Object, java.lang.Object, java.lang.Object, java.lang.Object)'> (0x000000074d052d58) 
thrown [s\src\hotspot\share\interpreter\linkResolver.cpp, line 759]
Event: 15.387 Thread 0x000001d91b75ff20 Exception <a 'sun/nio/fs/WindowsException'{0x000000076d420c98}> (0x000000076d420c98) 
thrown [s\src\hotspot\share\prims\jni.cpp, line 516]
Event: 15.387 Thread 0x000001d91b75ff20 Exception <a 'sun/nio/fs/WindowsException'{0x000000076d421ec8}> (0x000000076d421ec8) 
thrown [s\src\hotspot\share\prims\jni.cpp, line 516]
Event: 15.387 Thread 0x000001d91b75ff20 Exception <a 'sun/nio/fs/WindowsException'{0x000000076d4230d0}> (0x000000076d4230d0) 
thrown [s\src\hotspot\share\prims\jni.cpp, line 516]
Event: 15.387 Thread 0x000001d91b75ff20 Exception <a 'sun/nio/fs/WindowsException'{0x000000076d4242a8}> (0x000000076d4242a8) 
thrown [s\src\hotspot\share\prims\jni.cpp, line 516]
Event: 15.387 Thread 0x000001d91b75ff20 Exception <a 'sun/nio/fs/WindowsException'{0x000000076d425468}> (0x000000076d425468) 
thrown [s\src\hotspot\share\prims\jni.cpp, line 516]
Event: 15.408 Thread 0x000001d91b75ff20 Exception <a 'sun/nio/fs/WindowsException'{0x000000076d4add80}> (0x000000076d4add80) 
thrown [s\src\hotspot\share\prims\jni.cpp, line 516]
Event: 15.429 Thread 0x000001d91b75ff20 Exception <a 'sun/nio/fs/WindowsException'{0x000000076d5d4cc0}> (0x000000076d5d4cc0) 
thrown [s\src\hotspot\share\prims\jni.cpp, line 516]

VM Operations (20 events):
Event: 13.877 Executing VM operation: HandshakeAllThreads done
Event: 13.899 Executing VM operation: HandshakeAllThreads
Event: 13.899 Executing VM operation: HandshakeAllThreads done
Event: 13.921 Executing VM operation: ICBufferFull
Event: 13.921 Executing VM operation: ICBufferFull done
Event: 13.996 Executing VM operation: ICBufferFull
Event: 14.005 Executing VM operation: ICBufferFull done
Event: 14.027 Executing VM operation: G1CollectForAllocation
Event: 15.269 Executing VM operation: G1CollectForAllocation done
Event: 15.335 Executing VM operation: HandshakeAllThreads
Event: 15.336 Executing VM operation: HandshakeAllThreads done
Event: 15.355 Executing VM operation: HandshakeAllThreads
Event: 15.355 Executing VM operation: HandshakeAllThreads done
Event: 15.367 Executing VM operation: ICBufferFull
Event: 15.367 Executing VM operation: ICBufferFull done
Event: 15.426 Executing VM operation: ICBufferFull
Event: 15.427 Executing VM operation: ICBufferFull done
Event: 16.441 Executing VM operation: Cleanup
Event: 16.534 Executing VM operation: Cleanup done
Event: 17.538 Executing VM operation: Cleanup

Memory protections (0 events):
No events

Nmethod flushes (20 events):
Event: 13.914 Thread 0x000001d8cf8912b0 flushing  nmethod 0x000001d8b6be8590
Event: 13.914 Thread 0x000001d8cf8912b0 flushing  nmethod 0x000001d8b6be8a90
Event: 13.914 Thread 0x000001d8cf8912b0 flushing  nmethod 0x000001d8b6be9410
Event: 13.914 Thread 0x000001d8cf8912b0 flushing  nmethod 0x000001d8b6be9810
Event: 13.914 Thread 0x000001d8cf8912b0 flushing  nmethod 0x000001d8b6beae90
Event: 13.914 Thread 0x000001d8cf8912b0 flushing  nmethod 0x000001d8b6bef410
Event: 13.914 Thread 0x000001d8cf8912b0 flushing  nmethod 0x000001d8b6bf0010
Event: 13.914 Thread 0x000001d8cf8912b0 flushing  nmethod 0x000001d8b6bf2610
Event: 13.914 Thread 0x000001d8cf8912b0 flushing  nmethod 0x000001d8b6bf2b90
Event: 13.914 Thread 0x000001d8cf8912b0 flushing  nmethod 0x000001d8b6bf3990
Event: 13.914 Thread 0x000001d8cf8912b0 flushing  nmethod 0x000001d8b6bf4690
Event: 13.914 Thread 0x000001d8cf8912b0 flushing  nmethod 0x000001d8b6bf4a90
Event: 13.914 Thread 0x000001d8cf8912b0 flushing  nmethod 0x000001d8b6bf5b90
Event: 13.914 Thread 0x000001d8cf8912b0 flushing  nmethod 0x000001d8b6bf8b10
Event: 13.914 Thread 0x000001d8cf8912b0 flushing  nmethod 0x000001d8b6bf9290
Event: 13.914 Thread 0x000001d8cf8912b0 flushing osr nmethod 0x000001d8b6bfa810
Event: 13.914 Thread 0x000001d8cf8912b0 flushing  nmethod 0x000001d8b6c24410
Event: 13.914 Thread 0x000001d8cf8912b0 flushing  nmethod 0x000001d8b6c29d10
Event: 13.914 Thread 0x000001d8cf8912b0 flushing  nmethod 0x000001d8b6c6d690
Event: 13.914 Thread 0x000001d8cf8912b0 flushing  nmethod 0x000001d8b6c8a710

Events (20 events):
Event: 11.566 Thread 0x000001d91b75c260 Thread added: 0x000001d91b760940
Event: 11.566 Thread 0x000001d91b75c260 Thread added: 0x000001d91b75f500
Event: 11.566 Thread 0x000001d91b75c260 Thread added: 0x000001d91b762290
Event: 11.566 Thread 0x000001d91b75c260 Thread added: 0x000001d91b761360
Event: 11.566 Thread 0x000001d91b75c260 Thread added: 0x000001d91b760430
Event: 11.566 Thread 0x000001d91b75c260 Thread added: 0x000001d91b7627a0
Event: 11.587 Thread 0x000001d91b75ff20 Thread added: 0x000001d91b761870
Event: 11.804 Thread 0x000001d91b75ff20 Thread added: 0x000001d919058e70
Event: 11.805 Thread 0x000001d91b75ff20 Thread added: 0x000001d919058450
Event: 11.805 Thread 0x000001d91b75ff20 Thread added: 0x000001d919057a30
Event: 11.805 Thread 0x000001d91b75ff20 Thread added: 0x000001d9190560e0
Event: 11.845 Thread 0x000001d91b75ff20 Thread added: 0x000001d919059890
Event: 11.887 Thread 0x000001d91b75ff20 Thread added: 0x000001d919059da0
Event: 12.216 Thread 0x000001d919ac3060 Thread exited: 0x000001d919ac3060
Event: 12.267 Thread 0x000001d8cf5fb9c0 Thread added: 0x000001d919ac3060
Event: 12.293 Thread 0x000001d8cf94d1e0 Thread added: 0x000001d919ac5590
Event: 12.294 Thread 0x000001d919ac35b0 Thread added: 0x000001d919ac4af0
Event: 12.300 Thread 0x000001d8cf94d1e0 Thread added: 0x000001d915ceff20
Event: 12.308 Thread 0x000001d915ceff20 Thread added: 0x000001d915ceca00
Event: 12.308 Thread 0x000001d915ceff20 Thread added: 0x000001d915cedf40


Dynamic libraries:
0x00007ff6193e0000 - 0x00007ff6193ee000 	D:\JAVA\JAVA_17\bin\java.exe
0x00007ffd8a5e0000 - 0x00007ffd8a847000 	C:\WINDOWS\SYSTEM32\ntdll.dll
0x00007ffd884e0000 - 0x00007ffd885a9000 	C:\WINDOWS\System32\KERNEL32.DLL
0x00007ffd87ea0000 - 0x00007ffd88291000 	C:\WINDOWS\System32\KERNELBASE.dll
0x00007ffd84340000 - 0x00007ffd843df000 	C:\WINDOWS\SYSTEM32\apphelp.dll
0x00007ffd87be0000 - 0x00007ffd87d2b000 	C:\WINDOWS\System32\ucrtbase.dll
0x00007ffd603e0000 - 0x00007ffd603f8000 	D:\JAVA\JAVA_17\bin\jli.dll
0x00007ffd45520000 - 0x00007ffd4553e000 	D:\JAVA\JAVA_17\bin\VCRUNTIME140.dll
0x00007ffd8a3c0000 - 0x00007ffd8a585000 	C:\WINDOWS\System32\USER32.dll
0x00007ffd88350000 - 0x00007ffd88377000 	C:\WINDOWS\System32\win32u.dll
0x00007ffd630e0000 - 0x00007ffd63373000 	C:\WINDOWS\WinSxS\amd64_microsoft.windows.common-controls_6595b64144ccf1df_6.0.26100.8037_none_3e092faae333b53b\COMCTL32.dll
0x00007ffd88440000 - 0x00007ffd8846b000 	C:\WINDOWS\System32\GDI32.dll
0x00007ffd89d80000 - 0x00007ffd89e29000 	C:\WINDOWS\System32\msvcrt.dll
0x00007ffd87190000 - 0x00007ffd872bb000 	C:\WINDOWS\System32\gdi32full.dll
0x00007ffd882a0000 - 0x00007ffd88343000 	C:\WINDOWS\System32\msvcp_win.dll
0x00007ffd88d20000 - 0x00007ffd88d51000 	C:\WINDOWS\System32\IMM32.DLL
0x00007ffd610d0000 - 0x00007ffd610dc000 	D:\JAVA\JAVA_17\bin\vcruntime140_1.dll
0x00007ffd44970000 - 0x00007ffd449f9000 	D:\JAVA\JAVA_17\bin\msvcp140.dll
0x00007ffcd5590000 - 0x00007ffcd620a000 	D:\JAVA\JAVA_17\bin\server\jvm.dll
0x00007ffd88380000 - 0x00007ffd8843b000 	C:\WINDOWS\System32\ADVAPI32.dll
0x00007ffd88930000 - 0x00007ffd889d7000 	C:\WINDOWS\System32\sechost.dll
0x00007ffd88630000 - 0x00007ffd88748000 	C:\WINDOWS\System32\RPCRT4.dll
0x00007ffd8a170000 - 0x00007ffd8a1e4000 	C:\WINDOWS\System32\WS2_32.dll
0x00007ffd86b70000 - 0x00007ffd86bce000 	C:\WINDOWS\SYSTEM32\POWRPROF.dll
0x00007ffd80240000 - 0x00007ffd8024b000 	C:\WINDOWS\SYSTEM32\VERSION.dll
0x00007ffd77600000 - 0x00007ffd77635000 	C:\WINDOWS\SYSTEM32\WINMM.dll
0x00007ffd86b50000 - 0x00007ffd86b64000 	C:\WINDOWS\SYSTEM32\UMPDC.dll
0x00007ffd85c50000 - 0x00007ffd85c6b000 	C:\WINDOWS\SYSTEM32\kernel.appcore.dll
0x00007ffd60980000 - 0x00007ffd6098a000 	D:\JAVA\JAVA_17\bin\jimage.dll
0x00007ffd84de0000 - 0x00007ffd85022000 	C:\WINDOWS\SYSTEM32\DBGHELP.DLL
0x00007ffd894d0000 - 0x00007ffd89852000 	C:\WINDOWS\System32\combase.dll
0x00007ffd88bb0000 - 0x00007ffd88c87000 	C:\WINDOWS\System32\OLEAUT32.dll
0x00007ffd6bb40000 - 0x00007ffd6bb7b000 	C:\WINDOWS\SYSTEM32\dbgcore.DLL
0x00007ffd872c0000 - 0x00007ffd87365000 	C:\WINDOWS\System32\bcryptPrimitives.dll
0x00007ffd606a0000 - 0x00007ffd606af000 	D:\JAVA\JAVA_17\bin\instrument.dll
0x00007ffd44940000 - 0x00007ffd44966000 	D:\JAVA\JAVA_17\bin\java.dll
0x00007ffd44780000 - 0x00007ffd44856000 	D:\JAVA\JAVA_17\bin\jsvml.dll
0x00007ffd88d60000 - 0x00007ffd894bf000 	C:\WINDOWS\System32\SHELL32.dll
0x00007ffd87d30000 - 0x00007ffd87e9a000 	C:\WINDOWS\System32\wintypes.dll
0x00007ffd87370000 - 0x00007ffd87bd4000 	C:\WINDOWS\System32\windows.storage.dll
0x00007ffd88ab0000 - 0x00007ffd88ba7000 	C:\WINDOWS\System32\SHCORE.dll
0x00007ffd88470000 - 0x00007ffd884d7000 	C:\WINDOWS\System32\shlwapi.dll
0x00007ffd86de0000 - 0x00007ffd86e09000 	C:\WINDOWS\SYSTEM32\profapi.dll
0x00007ffd44920000 - 0x00007ffd44938000 	D:\JAVA\JAVA_17\bin\zip.dll
0x00007ffd43620000 - 0x00007ffd4363b000 	D:\JAVA\JAVA_17\bin\net.dll
0x00007ffd7f610000 - 0x00007ffd7f737000 	C:\WINDOWS\SYSTEM32\WINHTTP.dll
0x00007ffd861c0000 - 0x00007ffd8622b000 	C:\WINDOWS\system32\mswsock.dll
0x00007ffd41a10000 - 0x00007ffd41a26000 	D:\JAVA\JAVA_17\bin\nio.dll
0x00007ffd60550000 - 0x00007ffd60560000 	D:\JAVA\JAVA_17\bin\verify.dll
0x00007ffd56c20000 - 0x00007ffd56c47000 	C:\Users\Lenovo\.gradle\native\c067742578af261105cb4f569cf0c3c89f3d7b1fecec35dd04571415982c5e48\windows-amd64\native-platform.dll
0x00007ffd15f10000 - 0x00007ffd16054000 	C:\Users\Lenovo\.gradle\native\100fb08df4bc3b14c8652ba06237920a3bd2aa13389f12d3474272988ae205f9\windows-amd64\native-platform-file-events.dll
0x00007ffd5a0b0000 - 0x00007ffd5a0ba000 	D:\JAVA\JAVA_17\bin\management.dll
0x00007ffd56c10000 - 0x00007ffd56c1c000 	D:\JAVA\JAVA_17\bin\management_ext.dll
0x00007ffd8a590000 - 0x00007ffd8a598000 	C:\WINDOWS\System32\PSAPI.DLL
0x00007ffd864a0000 - 0x00007ffd864bb000 	C:\WINDOWS\SYSTEM32\CRYPTSP.dll
0x00007ffd85bb0000 - 0x00007ffd85be9000 	C:\WINDOWS\system32\rsaenh.dll
0x00007ffd86270000 - 0x00007ffd862a2000 	C:\WINDOWS\SYSTEM32\USERENV.dll
0x00007ffd86db0000 - 0x00007ffd86dda000 	C:\WINDOWS\SYSTEM32\bcrypt.dll
0x00007ffd864c0000 - 0x00007ffd864cc000 	C:\WINDOWS\SYSTEM32\CRYPTBASE.dll
0x00007ffd85760000 - 0x00007ffd85793000 	C:\WINDOWS\SYSTEM32\IPHLPAPI.DLL
0x00007ffd88c90000 - 0x00007ffd88c9a000 	C:\WINDOWS\System32\NSI.dll
0x00007ffd80df0000 - 0x00007ffd80e0d000 	C:\WINDOWS\SYSTEM32\dhcpcsvc6.DLL
0x00007ffd80dc0000 - 0x00007ffd80de3000 	C:\WINDOWS\SYSTEM32\dhcpcsvc.DLL
0x00007ffd857a0000 - 0x00007ffd858ca000 	C:\WINDOWS\SYSTEM32\DNSAPI.dll
0x00007ffd56af0000 - 0x00007ffd56af9000 	D:\JAVA\JAVA_17\bin\extnet.dll
0x00007ffd45510000 - 0x00007ffd4551e000 	D:\JAVA\JAVA_17\bin\sunmscapi.dll
0x00007ffd86f80000 - 0x00007ffd870f7000 	C:\WINDOWS\System32\CRYPT32.dll
0x00007ffd866c0000 - 0x00007ffd866f0000 	C:\WINDOWS\SYSTEM32\ncrypt.dll
0x00007ffd86670000 - 0x00007ffd866af000 	C:\WINDOWS\SYSTEM32\NTASN1.dll
0x00007ffd6d280000 - 0x00007ffd6d288000 	C:\WINDOWS\system32\wshunix.dll
0x00007ffd7c470000 - 0x00007ffd7c47b000 	C:\Windows\System32\rasadhlp.dll
0x00007ffd811d0000 - 0x00007ffd81256000 	C:\WINDOWS\System32\fwpuclnt.dll

dbghelp: loaded successfully - version: 4.0.5 - missing functions: none
symbol engine: initialized successfully - sym options: 0x614 - pdb path: .;D:\JAVA\JAVA_17\bin;C:\WINDOWS\SYSTEM32;C:\WINDOWS\WinSxS\amd64_microsoft.windows.common-controls_6595b64144ccf1df_6.0.26100.8037_none_3e092faae333b53b;D:\JAVA\JAVA_17\bin\server;C:\Users\Lenovo\.gradle\native\c067742578af261105cb4f569cf0c3c89f3d7b1fecec35dd04571415982c5e48\windows-amd64;C:\Users\Lenovo\.gradle\native\100fb08df4bc3b14c8652ba06237920a3bd2aa13389f12d3474272988ae205f9\windows-amd64

VM Arguments:
jvm_args: --add-opens=java.base/java.util=ALL-UNNAMED --add-opens=java.base/java.lang=ALL-UNNAMED --add-opens=java.base/java.lang.invoke=ALL-UNNAMED --add-opens=java.prefs/java.util.prefs=ALL-UNNAMED --add-opens=java.base/java.nio.charset=ALL-UNNAMED --add-opens=java.base/java.net=ALL-UNNAMED --add-opens=java.base/java.util.concurrent.atomic=ALL-UNNAMED -Xmx3G -Dfile.encoding=UTF-8 -Duser.country=CN -Duser.language=zh -Duser.variant -javaagent:C:\Users\Lenovo\.gradle\wrapper\dists\gradle-8.8-bin\dl7vupf4psengwqhwktix4v1\gradle-8.8\lib\agents\gradle-instrumentation-agent-8.8.jar 
java_command: org.gradle.launcher.daemon.bootstrap.GradleDaemon 8.8
java_class_path (initial): C:\Users\Lenovo\.gradle\wrapper\dists\gradle-8.8-bin\dl7vupf4psengwqhwktix4v1\gradle-8.8\lib\gradle-launcher-8.8.jar
Launcher Type: SUN_STANDARD

[Global flags]
     intx CICompilerCount                          = 12                                        {product} {ergonomic}
     uint ConcGCThreads                            = 4                                         {product} {ergonomic}
     uint G1ConcRefinementThreads                  = 15                                        {product} {ergonomic}
   size_t G1HeapRegionSize                         = 2097152                                   {product} {ergonomic}
    uintx GCDrainStackTargetSize                   = 64                                        {product} {ergonomic}
   size_t InitialHeapSize                          = 266338304                                 {product} {ergonomic}
   size_t MarkStackSize                            = 4194304                                   {product} {ergonomic}
   size_t MaxHeapSize                              = 3221225472                                {product} {command line}
   size_t MaxNewSize                               = 1931476992                                {product} {ergonomic}
   size_t MinHeapDeltaBytes                        = 2097152                                   {product} {ergonomic}
   size_t MinHeapSize                              = 8388608                                   {product} {ergonomic}
    uintx NonNMethodCodeHeapSize                   = 7602480                                {pd product} {ergonomic}
    uintx NonProfiledCodeHeapSize                  = 122027880                              {pd product} {ergonomic}
    uintx ProfiledCodeHeapSize                     = 122027880                              {pd product} {ergonomic}
    uintx ReservedCodeCacheSize                    = 251658240                              {pd product} {ergonomic}
     bool SegmentedCodeCache                       = true                                      {product} {ergonomic}
   size_t SoftMaxHeapSize                          = 3221225472                             {manageable} {ergonomic}
     bool UseCompressedClassPointers               = true                           {product lp64_product} {ergonomic}
     bool UseCompressedOops                        = true                           {product lp64_product} {ergonomic}
     bool UseG1GC                                  = true                                      {product} {ergonomic}
     bool UseLargePagesIndividualAllocation        = false                                  {pd product} {ergonomic}

Logging:
Log output configuration:
 #0: stdout all=warning uptime,level,tags
 #1: stderr all=off uptime,level,tags

Environment Variables:
PATH=C:\Users\Lenovo\bin;D:\git\Git\mingw64\bin;D:\git\Git\usr\local\bin;D:\git\Git\usr\bin;D:\git\Git\usr\bin;D:\git\Git\mingw64\bin;D:\git\Git\usr\bin;C:\Users\Lenovo\bin;D:\Kubejs±‡“Î»Ìº˛\Microsoft VS Code;C:\Program Files\Common Files\Oracle\Java\javapath;C:\Program Files (x86)\Common Files\Oracle\Java\javapath;C:\ProgramData\Oracle\Java\javapath;C:\Windows\system32;C:\Windows;C:\Windows\System32\Wbem;C:\Windows\System32\WindowsPowerShell\v1.0;C:\Windows\System32\OpenSSH;C:\Program Files (x86)\NVIDIA Corporation\PhysX\Common;C:\WINDOWS\system32;C:\WINDOWS;C:\WINDOWS\System32\Wbem;C:\WINDOWS\System32\WindowsPowerShell\v1.0;C:\WINDOWS\System32\OpenSSH;C:\Program Files\dotnet;C:\WINDOWS\system32\downlevel;D:\git\Git\cmd;C:\Users\Lenovo\AppData\Local\Microsoft\WindowsApps;D:\Kubejs±‡“Î»Ìº˛\Microsoft VS Code\bin;D:\git\Git\usr\bin\vendor_perl;D:\git\Git\usr\bin\core_perl
USERNAME=Lenovo
SHELL=D:\git\Git\usr\bin\bash.exe
TERM=xterm-256color
OS=Windows_NT
PROCESSOR_IDENTIFIER=Intel64 Family 6 Model 154 Stepping 3, GenuineIntel
TMP=C:\Users\Lenovo\AppData\Local\Temp
TEMP=C:\Users\Lenovo\AppData\Local\Temp



Periodic native trim disabled


---------------  S Y S T E M  ---------------

OS:
 Windows 11 , 64 bit Build 26100 (10.0.26100.7920)
OS uptime: 0 days 18:45 hours
Hyper-V role detected

CPU: total 20 (initial active 20) (10 cores per cpu, 2 threads per core) family 6 model 154 stepping 3 microcode 0x424, cx8, cmov, fxsr, ht, mmx, 3dnowpref, sse, sse2, sse3, ssse3, sse4.1, sse4.2, popcnt, lzcnt, tsc, tscinvbit, avx, avx2, aes, erms, clmul, bmi1, bmi2, adx, sha, fma, vzeroupper, clflush, clflushopt, clwb, hv
Processor Information for processor 0
  Max Mhz: 2300, Current Mhz: 2300, Mhz Limit: 2300
Processor Information for processor 1
  Max Mhz: 2300, Current Mhz: 1506, Mhz Limit: 2300
Processor Information for processor 2
  Max Mhz: 2300, Current Mhz: 1506, Mhz Limit: 2300
Processor Information for processor 3
  Max Mhz: 2300, Current Mhz: 2300, Mhz Limit: 2300
Processor Information for processor 4
  Max Mhz: 2300, Current Mhz: 2300, Mhz Limit: 2300
Processor Information for processor 5
  Max Mhz: 2300, Current Mhz: 2300, Mhz Limit: 2300
Processor Information for processor 6
  Max Mhz: 2300, Current Mhz: 1506, Mhz Limit: 2300
Processor Information for processor 7
  Max Mhz: 2300, Current Mhz: 2300, Mhz Limit: 2300
Processor Information for processor 8
  Max Mhz: 2300, Current Mhz: 2300, Mhz Limit: 2300
Processor Information for processor 9
  Max Mhz: 2300, Current Mhz: 1506, Mhz Limit: 2300
Processor Information for processor 10
  Max Mhz: 2300, Current Mhz: 2300, Mhz Limit: 2300
Processor Information for processor 11
  Max Mhz: 2300, Current Mhz: 1506, Mhz Limit: 2300
Processor Information for processor 12
  Max Mhz: 2300, Current Mhz: 2300, Mhz Limit: 2300
Processor Information for processor 13
  Max Mhz: 2300, Current Mhz: 2300, Mhz Limit: 2300
Processor Information for processor 14
  Max Mhz: 2300, Current Mhz: 2300, Mhz Limit: 2300
Processor Information for processor 15
  Max Mhz: 2300, Current Mhz: 2300, Mhz Limit: 2300
Processor Information for processor 16
  Max Mhz: 2300, Current Mhz: 2300, Mhz Limit: 2300
Processor Information for processor 17
  Max Mhz: 2300, Current Mhz: 2300, Mhz Limit: 2300
Processor Information for processor 18
  Max Mhz: 2300, Current Mhz: 2300, Mhz Limit: 2300
Processor Information for processor 19
  Max Mhz: 2300, Current Mhz: 2300, Mhz Limit: 2300

Memory: 4k page, system-wide physical 16193M (4263M free)
TotalPageFile size 41793M (AvailPageFile size 14M)
current process WorkingSet (physical memory assigned to process): 606M, peak: 633M
current process commit charge ("private bytes"): 1147M, peak: 1154M

vm_info: OpenJDK 64-Bit Server VM (17.0.18+8-LTS) for windows-amd64 JRE (17.0.18+8-LTS), built on Jan 15 2026 18:50:45 by "MicrosoftCorporation" with MS VC++ 17.14 (VS2022)

END.
