#
# There is insufficient memory for the Java Runtime Environment to continue.
# Native memory allocation (mmap) failed to map 392167424 bytes. Error detail: G1 virtual space
# Possible reasons:
#   The system is out of physical RAM or swap space
#   This process is running with CompressedOops enabled, and the Java Heap may be blocking the growth of the native heap
# Possible solutions:
#   Reduce memory load on the system
#   Increase physical memory or swap space
#   Check if swap backing store is full
#   Decrease Java heap size (-Xmx/-Xms)
#   Decrease number of Java threads
#   Decrease Java thread stack sizes (-Xss)
#   Set larger code cache with -XX:ReservedCodeCacheSize=
#   JVM is running with Zero Based Compressed Oops mode in which the Java heap is
#     placed in the first 32GB address space. The Java Heap base address is the
#     maximum limit for the native heap growth. Please use -XX:HeapBaseMinAddress
#     to set the Java Heap base and to place the Java Heap above 32GB virtual address.
# This output file may be truncated or incomplete.
#
#  Out of Memory Error (os_windows.cpp:3690), pid=27024, tid=23584
#
# JRE version: OpenJDK Runtime Environment Microsoft-13106358 (17.0.18+8) (build 17.0.18+8-LTS)
# Java VM: OpenJDK 64-Bit Server VM Microsoft-13106358 (17.0.18+8-LTS, mixed mode, sharing, tiered, compressed oops, compressed class ptrs, g1 gc, windows-amd64)
# No core dump will be written. Minidumps are not enabled by default on client versions of Windows
#

---------------  S U M M A R Y ------------

Command Line: --add-opens=java.base/java.util=ALL-UNNAMED --add-opens=java.base/java.lang=ALL-UNNAMED --add-opens=java.base/java.lang.invoke=ALL-UNNAMED --add-opens=java.prefs/java.util.prefs=ALL-UNNAMED --add-opens=java.base/java.nio.charset=ALL-UNNAMED --add-opens=java.base/java.net=ALL-UNNAMED --add-opens=java.base/java.util.concurrent.atomic=ALL-UNNAMED -Xmx3G -Dfile.encoding=UTF-8 -Duser.country=CN -Duser.language=zh -Duser.variant -javaagent:C:\Users\Lenovo\.gradle\wrapper\dists\gradle-8.8-bin\dl7vupf4psengwqhwktix4v1\gradle-8.8\lib\agents\gradle-instrumentation-agent-8.8.jar org.gradle.launcher.daemon.bootstrap.GradleDaemon 8.8

Host: 12th Gen Intel(R) Core(TM) i7-12700H, 20 cores, 15G,  Windows 11 , 64 bit Build 26100 (10.0.26100.8246)
Time: Fri May  8 09:46:05 2026  Windows 11 , 64 bit Build 26100 (10.0.26100.8246) elapsed time: 18.963228 seconds (0d 0h 0m 18s)

---------------  T H R E A D  ---------------

Current thread (0x000001aacb74bd90):  VMThread "VM Thread" [stack: 0x00000019a5b00000,0x00000019a5c00000] [id=23584]

Stack: [0x00000019a5b00000,0x00000019a5c00000]
Native frames: (J=compiled Java code, j=interpreted, Vv=VM code, C=native code)
V  [jvm.dll+0x68c879]  (no source info available)
V  [jvm.dll+0x845979]  (no source info available)
V  [jvm.dll+0x8476e8]  (no source info available)
V  [jvm.dll+0x847d73]  (no source info available)
V  [jvm.dll+0x24cf6f]  (no source info available)
V  [jvm.dll+0x68bc79]  (no source info available)
V  [jvm.dll+0x68023a]  (no source info available)
V  [jvm.dll+0x3101a0]  (no source info available)
V  [jvm.dll+0x310042]  (no source info available)
V  [jvm.dll+0x317599]  (no source info available)
V  [jvm.dll+0x369999]  (no source info available)
V  [jvm.dll+0x369bcd]  (no source info available)
V  [jvm.dll+0x2e69aa]  (no source info available)
V  [jvm.dll+0x2e4da1]  (no source info available)
V  [jvm.dll+0x2e453c]  (no source info available)
V  [jvm.dll+0x328ecb]  (no source info available)
V  [jvm.dll+0x84c5fd]  (no source info available)
V  [jvm.dll+0x84d313]  (no source info available)
V  [jvm.dll+0x84d844]  (no source info available)
V  [jvm.dll+0x84dc28]  (no source info available)
V  [jvm.dll+0x84dd1e]  (no source info available)
V  [jvm.dll+0x7f5ebc]  (no source info available)
V  [jvm.dll+0x68de17]  (no source info available)
C  [ucrtbase.dll+0x37b0]  (no source info available)
C  [KERNEL32.DLL+0x2e8d7]  (no source info available)
C  [ntdll.dll+0x8c3fc]  (no source info available)

VM_Operation (0x00000019a77fbbb0): G1CollectForAllocation, mode: safepoint, requested by thread 0x000001ab12e66250


---------------  P R O C E S S  ---------------

Threads class SMR info:
_java_thread_list=0x000001aacb8b8820, length=161, elements={
0x000001aaa9d05fb0, 0x000001aacb751530, 0x000001aacb756220, 0x000001aacb7735f0,
0x000001aacb773ec0, 0x000001aacb774790, 0x000001aacb775060, 0x000001aacb775930,
0x000001aacb7762f0, 0x000001aacb778c10, 0x000001aacaa6d2b0, 0x000001aacb97e630,
0x000001ab12012e50, 0x000001ab12d50ae0, 0x000001ab122c2050, 0x000001ab12e6fde0,
0x000001ab12e70690, 0x000001ab12e655d0, 0x000001ab12e66250, 0x000001ab12d8a750,
0x000001ab12d8ac60, 0x000001ab12d8b170, 0x000001ab12d888f0, 0x000001ab12d8c0a0,
0x000001ab12d89820, 0x000001ab12d8a240, 0x000001ab12d88e00, 0x000001ab12d89d30,
0x000001ab12d89310, 0x000001ab12d8b680, 0x000001ab144a1760, 0x000001ab144a0d40,
0x000001ab144a30b0, 0x000001ab144a3ad0, 0x000001ab144a0320, 0x000001ab144a3fe0,
0x000001ab144a1250, 0x000001ab144a0830, 0x000001ab144a6860, 0x000001ab144a4a00,
0x000001ab144a6d70, 0x000001ab144a7ca0, 0x000001ab144a7280, 0x000001ab144a4f10,
0x000001ab144a5420, 0x000001ab144a5930, 0x000001ab144a5e40, 0x000001ab144a7790,
0x000001ab144a6350, 0x000001ab13f35740, 0x000001ab13f35c50, 0x000001ab13f36670,
0x000001ab13f36b80, 0x000001ab13f37fc0, 0x000001ab13f34810, 0x000001ab13f36160,
0x000001ab13f37090, 0x000001ab13f375a0, 0x000001ab13f37ab0, 0x000001ab13f384d0,
0x000001ab13f34d20, 0x000001ab13f389e0, 0x000001ab13f35230, 0x000001ab13f3a840,
0x000001ab13f39400, 0x000001ab13f3ad50, 0x000001ab13f39910, 0x000001ab13f3b260,
0x000001ab13f39e20, 0x000001ab13f38ef0, 0x000001ab13f3b770, 0x000001ab13f3a330,
0x000001ab13f3bc80, 0x000001ab13f3c190, 0x000001ab162f2dc0, 0x000001ab162f32d0,
0x000001ab162f5640, 0x000001ab162f1e90, 0x000001ab162f4710, 0x000001ab162f5b50,
0x000001ab162f4c20, 0x000001ab162f23a0, 0x000001ab162f28b0, 0x000001ab162f6a80,
0x000001ab162f6060, 0x000001ab162f5130, 0x000001ab162f6570, 0x000001ab162f3cf0,
0x000001ab162f6f90, 0x000001ab162f37e0, 0x000001ab162f4200, 0x000001ab162f8df0,
0x000001ab162f88e0, 0x000001ab162f74a0, 0x000001ab162f79b0, 0x000001ab162f9300,
0x000001ab162f83d0, 0x000001ab161d69b0, 0x000001ab161d5f90, 0x000001ab161d6ec0,
0x000001ab161d64a0, 0x000001ab161d73d0, 0x000001ab161d7df0, 0x000001ab161d8810,
0x000001ab161d78e0, 0x000001ab161d8300, 0x000001ab161d5060, 0x000001ab161d5a80,
0x000001ab16902f80, 0x000001ab16906730, 0x000001ab16903490, 0x000001ab169039a0,
0x000001ab16903eb0, 0x000001ab169043c0, 0x000001ab169048d0, 0x000001ab16904de0,
0x000001ab169052f0, 0x000001ab16905800, 0x000001ab16905d10, 0x000001ab16906220,
0x000001ab175d4640, 0x000001ab175d4b50, 0x000001ab175d5a80, 0x000001ab175d5570,
0x000001ab175d5060, 0x000001ab175d3710, 0x000001ab175d5f90, 0x000001ab175d27e0,
0x000001ab175d3c20, 0x000001ab175d64a0, 0x000001ab175d2cf0, 0x000001ab175d69b0,
0x000001ab175d3200, 0x000001ab175d6ec0, 0x000001ab175d78e0, 0x000001ab175d73d0,
0x000001ab175d4130, 0x000001ab175d8d20, 0x000001ab175da160, 0x000001ab175d9c50,
0x000001ab175d7df0, 0x000001ab175d8300, 0x000001ab175d8810, 0x000001ab175d9230,
0x000001ab175d9740, 0x000001ab12d8bb90, 0x000001ab197ac3c0, 0x000001ab13deffa0,
0x000001ab197ad3b0, 0x000001ab13df3750, 0x000001ab13df4170, 0x000001ab18c0fdf0,
0x000001ab18c0f8e0, 0x000001ab18c12160, 0x000001ab197abe70, 0x000001ab197ac910,
0x000001ab197ace60, 0x000001ab197ad900, 0x000001ab197ade50, 0x000001ab197ae3a0,
0x000001ab197aa930
}

Java Threads: ( => current thread )
  0x000001aaa9d05fb0 JavaThread "main" [_thread_blocked, id=11528, stack(0x00000019a5500000,0x00000019a5600000)]
  0x000001aacb751530 JavaThread "Reference Handler" daemon [_thread_blocked, id=30044, stack(0x00000019a5c00000,0x00000019a5d00000)]
  0x000001aacb756220 JavaThread "Finalizer" daemon [_thread_blocked, id=25772, stack(0x00000019a5d00000,0x00000019a5e00000)]
  0x000001aacb7735f0 JavaThread "Signal Dispatcher" daemon [_thread_blocked, id=27764, stack(0x00000019a5e00000,0x00000019a5f00000)]
  0x000001aacb773ec0 JavaThread "Attach Listener" daemon [_thread_blocked, id=27004, stack(0x00000019a5f00000,0x00000019a6000000)]
  0x000001aacb774790 JavaThread "Service Thread" daemon [_thread_blocked, id=18664, stack(0x00000019a6000000,0x00000019a6100000)]
  0x000001aacb775060 JavaThread "Monitor Deflation Thread" daemon [_thread_blocked, id=17852, stack(0x00000019a6100000,0x00000019a6200000)]
  0x000001aacb775930 JavaThread "C2 CompilerThread0" daemon [_thread_blocked, id=27500, stack(0x00000019a6200000,0x00000019a6300000)]
  0x000001aacb7762f0 JavaThread "C1 CompilerThread0" daemon [_thread_blocked, id=8008, stack(0x00000019a6300000,0x00000019a6400000)]
  0x000001aacb778c10 JavaThread "Sweeper thread" daemon [_thread_blocked, id=13088, stack(0x00000019a6400000,0x00000019a6500000)]
  0x000001aacaa6d2b0 JavaThread "Common-Cleaner" daemon [_thread_blocked, id=27748, stack(0x00000019a6600000,0x00000019a6700000)]
  0x000001aacb97e630 JavaThread "Notification Thread" daemon [_thread_blocked, id=16340, stack(0x00000019a6a00000,0x00000019a6b00000)]
  0x000001ab12012e50 JavaThread "Daemon health stats" [_thread_blocked, id=28088, stack(0x00000019a7100000,0x00000019a7200000)]
  0x000001ab12d50ae0 JavaThread "Incoming local TCP Connector on port 65335" [_thread_in_native, id=28068, stack(0x00000019a7200000,0x00000019a7300000)]
  0x000001ab122c2050 JavaThread "Daemon periodic checks" [_thread_blocked, id=30580, stack(0x00000019a7300000,0x00000019a7400000)]
  0x000001ab12e6fde0 JavaThread "Daemon" [_thread_blocked, id=27840, stack(0x00000019a7400000,0x00000019a7500000)]
  0x000001ab12e70690 JavaThread "Handler for socket connection from /127.0.0.1:65335 to /127.0.0.1:65336" [_thread_in_native, id=24848, stack(0x00000019a7500000,0x00000019a7600000)]
  0x000001ab12e655d0 JavaThread "Cancel handler" [_thread_blocked, id=28356, stack(0x00000019a7600000,0x00000019a7700000)]
  0x000001ab12e66250 JavaThread "Daemon worker" [_thread_blocked, id=29004, stack(0x00000019a7700000,0x00000019a7800000)]
  0x000001ab12d8a750 JavaThread "Asynchronous log dispatcher for DefaultDaemonConnection: socket connection from /127.0.0.1:65335 to /127.0.0.1:65336" [_thread_blocked, id=3804, stack(0x00000019a7800000,0x00000019a7900000)]
  0x000001ab12d8ac60 JavaThread "Stdin handler" [_thread_blocked, id=28184, stack(0x00000019a7900000,0x00000019a7a00000)]
  0x000001ab12d8b170 JavaThread "Daemon client event forwarder" [_thread_blocked, id=5356, stack(0x00000019a7a00000,0x00000019a7b00000)]
  0x000001ab12d888f0 JavaThread "Cache worker for journal cache (C:\Users\Lenovo\.gradle\caches\journal-1)" [_thread_blocked, id=26692, stack(0x00000019a7b00000,0x00000019a7c00000)]
  0x000001ab12d8c0a0 JavaThread "File lock request listener" [_thread_in_native, id=29192, stack(0x00000019a7c00000,0x00000019a7d00000)]
  0x000001ab12d89820 JavaThread "Cache worker for file hash cache (C:\Users\Lenovo\.gradle\caches\8.8\fileHashes)" [_thread_blocked, id=21104, stack(0x00000019a7d00000,0x00000019a7e00000)]
  0x000001ab12d8a240 JavaThread "Cache worker for file hash cache (C:\Users\Lenovo\Desktop\Ai_Run\better-luck-lootr-1.20.1\.gradle\8.8\fileHashes)" [_thread_blocked, id=27092, stack(0x00000019a7e00000,0x00000019a7f00000)]
  0x000001ab12d88e00 JavaThread "File watcher server" daemon [_thread_blocked, id=16028, stack(0x00000019a7f00000,0x00000019a8000000)]
  0x000001ab12d89d30 JavaThread "File watcher consumer" daemon [_thread_blocked, id=28280, stack(0x00000019a8000000,0x00000019a8100000)]
  0x000001ab12d89310 JavaThread "Cache worker for checksums cache (C:\Users\Lenovo\Desktop\Ai_Run\better-luck-lootr-1.20.1\.gradle\8.8\checksums)" [_thread_blocked, id=26260, stack(0x00000019a8d00000,0x00000019a8e00000)]
  0x000001ab12d8b680 JavaThread "Cache worker for file content cache (C:\Users\Lenovo\.gradle\caches\8.8\fileContent)" [_thread_blocked, id=18468, stack(0x00000019a8e00000,0x00000019a8f00000)]
  0x000001ab144a1760 JavaThread "jar transforms" [_thread_blocked, id=18136, stack(0x00000019a9400000,0x00000019a9500000)]
  0x000001ab144a0d40 JavaThread "Unconstrained build operations" [_thread_blocked, id=30212, stack(0x00000019a9500000,0x00000019a9600000)]
  0x000001ab144a30b0 JavaThread "Unconstrained build operations Thread 2" [_thread_blocked, id=9332, stack(0x00000019a9600000,0x00000019a9700000)]
  0x000001ab144a3ad0 JavaThread "Unconstrained build operations Thread 3" [_thread_blocked, id=28296, stack(0x00000019a9900000,0x00000019a9a00000)]
  0x000001ab144a0320 JavaThread "Unconstrained build operations Thread 4" [_thread_blocked, id=4308, stack(0x00000019a9a00000,0x00000019a9b00000)]
  0x000001ab144a3fe0 JavaThread "Unconstrained build operations Thread 5" [_thread_blocked, id=6968, stack(0x00000019a9b00000,0x00000019a9c00000)]
  0x000001ab144a1250 JavaThread "Unconstrained build operations Thread 6" [_thread_blocked, id=9072, stack(0x00000019a9c00000,0x00000019a9d00000)]
  0x000001ab144a0830 JavaThread "jar transforms Thread 2" [_thread_blocked, id=30696, stack(0x00000019a9d00000,0x00000019a9e00000)]
  0x000001ab144a6860 JavaThread "jar transforms Thread 3" [_thread_blocked, id=4752, stack(0x00000019a9e00000,0x00000019a9f00000)]
  0x000001ab144a4a00 JavaThread "Unconstrained build operations Thread 7" [_thread_blocked, id=3872, stack(0x00000019a9f00000,0x00000019aa000000)]
  0x000001ab144a6d70 JavaThread "Unconstrained build operations Thread 8" [_thread_blocked, id=25036, stack(0x00000019aa000000,0x00000019aa100000)]
  0x000001ab144a7ca0 JavaThread "Unconstrained build operations Thread 9" [_thread_blocked, id=14308, stack(0x00000019aa100000,0x00000019aa200000)]
  0x000001ab144a7280 JavaThread "Unconstrained build operations Thread 10" [_thread_blocked, id=18540, stack(0x00000019aa200000,0x00000019aa300000)]
  0x000001ab144a4f10 JavaThread "Unconstrained build operations Thread 11" [_thread_blocked, id=30248, stack(0x00000019aa300000,0x00000019aa400000)]
  0x000001ab144a5420 JavaThread "Unconstrained build operations Thread 12" [_thread_blocked, id=16132, stack(0x00000019aa400000,0x00000019aa500000)]
  0x000001ab144a5930 JavaThread "Unconstrained build operations Thread 13" [_thread_blocked, id=29108, stack(0x00000019aa500000,0x00000019aa600000)]
  0x000001ab144a5e40 JavaThread "Unconstrained build operations Thread 14" [_thread_blocked, id=26212, stack(0x00000019aa600000,0x00000019aa700000)]
  0x000001ab144a7790 JavaThread "Unconstrained build operations Thread 15" [_thread_blocked, id=20296, stack(0x00000019aa700000,0x00000019aa800000)]
  0x000001ab144a6350 JavaThread "Unconstrained build operations Thread 16" [_thread_blocked, id=29064, stack(0x00000019aa800000,0x00000019aa900000)]
  0x000001ab13f35740 JavaThread "Unconstrained build operations Thread 17" [_thread_blocked, id=28384, stack(0x00000019aa900000,0x00000019aaa00000)]
  0x000001ab13f35c50 JavaThread "Unconstrained build operations Thread 18" [_thread_blocked, id=18116, stack(0x00000019aaa00000,0x00000019aab00000)]
  0x000001ab13f36670 JavaThread "Unconstrained build operations Thread 19" [_thread_blocked, id=8072, stack(0x00000019aab00000,0x00000019aac00000)]
  0x000001ab13f36b80 JavaThread "Unconstrained build operations Thread 20" [_thread_blocked, id=29892, stack(0x00000019aac00000,0x00000019aad00000)]
  0x000001ab13f37fc0 JavaThread "Unconstrained build operations Thread 21" [_thread_blocked, id=26848, stack(0x00000019aad00000,0x00000019aae00000)]
  0x000001ab13f34810 JavaThread "Unconstrained build operations Thread 22" [_thread_blocked, id=29584, stack(0x00000019aae00000,0x00000019aaf00000)]
  0x000001ab13f36160 JavaThread "Unconstrained build operations Thread 23" [_thread_blocked, id=27444, stack(0x00000019aaf00000,0x00000019ab000000)]
  0x000001ab13f37090 JavaThread "Unconstrained build operations Thread 24" [_thread_blocked, id=26364, stack(0x00000019ab000000,0x00000019ab100000)]
  0x000001ab13f375a0 JavaThread "Unconstrained build operations Thread 25" [_thread_blocked, id=26724, stack(0x00000019ab100000,0x00000019ab200000)]
  0x000001ab13f37ab0 JavaThread "Unconstrained build operations Thread 26" [_thread_blocked, id=21084, stack(0x00000019ab200000,0x00000019ab300000)]
  0x000001ab13f384d0 JavaThread "Unconstrained build operations Thread 27" [_thread_blocked, id=20820, stack(0x00000019ab300000,0x00000019ab400000)]
  0x000001ab13f34d20 JavaThread "Unconstrained build operations Thread 28" [_thread_blocked, id=20544, stack(0x00000019ab500000,0x00000019ab600000)]
  0x000001ab13f389e0 JavaThread "Unconstrained build operations Thread 29" [_thread_blocked, id=23252, stack(0x00000019ab600000,0x00000019ab700000)]
  0x000001ab13f35230 JavaThread "Unconstrained build operations Thread 30" [_thread_blocked, id=26836, stack(0x00000019ab700000,0x00000019ab800000)]
  0x000001ab13f3a840 JavaThread "Unconstrained build operations Thread 31" [_thread_blocked, id=13508, stack(0x00000019ab800000,0x00000019ab900000)]
  0x000001ab13f39400 JavaThread "Unconstrained build operations Thread 32" [_thread_blocked, id=19632, stack(0x00000019ab900000,0x00000019aba00000)]
  0x000001ab13f3ad50 JavaThread "Unconstrained build operations Thread 33" [_thread_blocked, id=21336, stack(0x00000019aba00000,0x00000019abb00000)]
  0x000001ab13f39910 JavaThread "Unconstrained build operations Thread 34" [_thread_blocked, id=30276, stack(0x00000019abb00000,0x00000019abc00000)]
  0x000001ab13f3b260 JavaThread "Unconstrained build operations Thread 35" [_thread_blocked, id=25848, stack(0x00000019abc00000,0x00000019abd00000)]
  0x000001ab13f39e20 JavaThread "Unconstrained build operations Thread 36" [_thread_blocked, id=14440, stack(0x00000019abd00000,0x00000019abe00000)]
  0x000001ab13f38ef0 JavaThread "Unconstrained build operations Thread 37" [_thread_blocked, id=26700, stack(0x00000019abe00000,0x00000019abf00000)]
  0x000001ab13f3b770 JavaThread "Unconstrained build operations Thread 38" [_thread_blocked, id=26844, stack(0x00000019abf00000,0x00000019ac000000)]
  0x000001ab13f3a330 JavaThread "Unconstrained build operations Thread 39" [_thread_blocked, id=24620, stack(0x00000019ac000000,0x00000019ac100000)]
  0x000001ab13f3bc80 JavaThread "Unconstrained build operations Thread 40" [_thread_blocked, id=29464, stack(0x00000019ac100000,0x00000019ac200000)]
  0x000001ab13f3c190 JavaThread "Unconstrained build operations Thread 41" [_thread_blocked, id=25508, stack(0x00000019ac200000,0x00000019ac300000)]
  0x000001ab162f2dc0 JavaThread "Unconstrained build operations Thread 42" [_thread_blocked, id=15312, stack(0x00000019ac300000,0x00000019ac400000)]
  0x000001ab162f32d0 JavaThread "Unconstrained build operations Thread 43" [_thread_blocked, id=904, stack(0x00000019ac500000,0x00000019ac600000)]
  0x000001ab162f5640 JavaThread "Unconstrained build operations Thread 44" [_thread_blocked, id=16888, stack(0x00000019ac600000,0x00000019ac700000)]
  0x000001ab162f1e90 JavaThread "Unconstrained build operations Thread 45" [_thread_blocked, id=8, stack(0x00000019ac900000,0x00000019aca00000)]
  0x000001ab162f4710 JavaThread "Unconstrained build operations Thread 46" [_thread_blocked, id=5520, stack(0x00000019aca00000,0x00000019acb00000)]
  0x000001ab162f5b50 JavaThread "Unconstrained build operations Thread 47" [_thread_blocked, id=29536, stack(0x00000019acb00000,0x00000019acc00000)]
  0x000001ab162f4c20 JavaThread "Unconstrained build operations Thread 48" [_thread_blocked, id=28272, stack(0x00000019acc00000,0x00000019acd00000)]
  0x000001ab162f23a0 JavaThread "Unconstrained build operations Thread 49" [_thread_blocked, id=29052, stack(0x00000019acd00000,0x00000019ace00000)]
  0x000001ab162f28b0 JavaThread "Unconstrained build operations Thread 50" [_thread_blocked, id=26640, stack(0x00000019ace00000,0x00000019acf00000)]
  0x000001ab162f6a80 JavaThread "Unconstrained build operations Thread 51" [_thread_blocked, id=15972, stack(0x00000019acf00000,0x00000019ad000000)]
  0x000001ab162f6060 JavaThread "Unconstrained build operations Thread 52" [_thread_blocked, id=4076, stack(0x00000019ad000000,0x00000019ad100000)]
  0x000001ab162f5130 JavaThread "Unconstrained build operations Thread 53" [_thread_blocked, id=26920, stack(0x00000019ad100000,0x00000019ad200000)]
  0x000001ab162f6570 JavaThread "Unconstrained build operations Thread 54" [_thread_blocked, id=27140, stack(0x00000019ad200000,0x00000019ad300000)]
  0x000001ab162f3cf0 JavaThread "Unconstrained build operations Thread 55" [_thread_blocked, id=29632, stack(0x00000019ad300000,0x00000019ad400000)]
  0x000001ab162f6f90 JavaThread "Unconstrained build operations Thread 56" [_thread_blocked, id=19564, stack(0x00000019ad400000,0x00000019ad500000)]
  0x000001ab162f37e0 JavaThread "Unconstrained build operations Thread 57" [_thread_blocked, id=28224, stack(0x00000019ad500000,0x00000019ad600000)]
  0x000001ab162f4200 JavaThread "Unconstrained build operations Thread 58" [_thread_blocked, id=30700, stack(0x00000019ad600000,0x00000019ad700000)]
  0x000001ab162f8df0 JavaThread "Unconstrained build operations Thread 59" [_thread_blocked, id=26888, stack(0x00000019ad700000,0x00000019ad800000)]
  0x000001ab162f88e0 JavaThread "Unconstrained build operations Thread 60" [_thread_blocked, id=17664, stack(0x00000019ad800000,0x00000019ad900000)]
  0x000001ab162f74a0 JavaThread "Unconstrained build operations Thread 61" [_thread_blocked, id=6152, stack(0x00000019ad900000,0x00000019ada00000)]
  0x000001ab162f79b0 JavaThread "Unconstrained build operations Thread 62" [_thread_blocked, id=532, stack(0x00000019ada00000,0x00000019adb00000)]
  0x000001ab162f9300 JavaThread "Unconstrained build operations Thread 63" [_thread_blocked, id=29576, stack(0x00000019adb00000,0x00000019adc00000)]
  0x000001ab162f83d0 JavaThread "Keep-Alive-Timer" daemon [_thread_blocked, id=10092, stack(0x00000019a6800000,0x00000019a6900000)]
  0x000001ab161d69b0 JavaThread "Memory manager" [_thread_blocked, id=25272, stack(0x00000019a9100000,0x00000019a9200000)]
  0x000001ab161d5f90 JavaThread "jar transforms Thread 4" [_thread_blocked, id=26112, stack(0x00000019adc00000,0x00000019add00000)]
  0x000001ab161d6ec0 JavaThread "Unconstrained build operations Thread 64" [_thread_blocked, id=11984, stack(0x00000019ade00000,0x00000019adf00000)]
  0x000001ab161d64a0 JavaThread "Unconstrained build operations Thread 65" [_thread_blocked, id=9012, stack(0x00000019adf00000,0x00000019ae000000)]
  0x000001ab161d73d0 JavaThread "Unconstrained build operations Thread 66" [_thread_blocked, id=25252, stack(0x00000019ae000000,0x00000019ae100000)]
  0x000001ab161d7df0 JavaThread "Unconstrained build operations Thread 67" [_thread_blocked, id=25060, stack(0x00000019ae100000,0x00000019ae200000)]
  0x000001ab161d8810 JavaThread "Unconstrained build operations Thread 68" [_thread_blocked, id=26544, stack(0x00000019ae200000,0x00000019ae300000)]
  0x000001ab161d78e0 JavaThread "Unconstrained build operations Thread 69" [_thread_blocked, id=11000, stack(0x00000019ae300000,0x00000019ae400000)]
  0x000001ab161d8300 JavaThread "Unconstrained build operations Thread 70" [_thread_blocked, id=28680, stack(0x00000019ae400000,0x00000019ae500000)]
  0x000001ab161d5060 JavaThread "Unconstrained build operations Thread 71" [_thread_blocked, id=6352, stack(0x00000019ae500000,0x00000019ae600000)]
  0x000001ab161d5a80 JavaThread "Unconstrained build operations Thread 72" [_thread_blocked, id=28240, stack(0x00000019a9200000,0x00000019a9300000)]
  0x000001ab16902f80 JavaThread "Unconstrained build operations Thread 73" [_thread_blocked, id=15508, stack(0x00000019ab400000,0x00000019ab500000)]
  0x000001ab16906730 JavaThread "Unconstrained build operations Thread 74" [_thread_blocked, id=30320, stack(0x00000019ac400000,0x00000019ac500000)]
  0x000001ab16903490 JavaThread "Unconstrained build operations Thread 75" [_thread_blocked, id=528, stack(0x00000019ac700000,0x00000019ac800000)]
  0x000001ab169039a0 JavaThread "Unconstrained build operations Thread 76" [_thread_blocked, id=29996, stack(0x00000019ac800000,0x00000019ac900000)]
  0x000001ab16903eb0 JavaThread "Unconstrained build operations Thread 77" [_thread_blocked, id=27292, stack(0x00000019add00000,0x00000019ade00000)]
  0x000001ab169043c0 JavaThread "Unconstrained build operations Thread 78" [_thread_blocked, id=13752, stack(0x00000019ae800000,0x00000019ae900000)]
  0x000001ab169048d0 JavaThread "Unconstrained build operations Thread 79" [_thread_blocked, id=1612, stack(0x00000019ae900000,0x00000019aea00000)]
  0x000001ab16904de0 JavaThread "Unconstrained build operations Thread 80" [_thread_blocked, id=28956, stack(0x00000019aea00000,0x00000019aeb00000)]
  0x000001ab169052f0 JavaThread "Unconstrained build operations Thread 81" [_thread_blocked, id=11628, stack(0x00000019aeb00000,0x00000019aec00000)]
  0x000001ab16905800 JavaThread "Unconstrained build operations Thread 82" [_thread_blocked, id=9344, stack(0x00000019aec00000,0x00000019aed00000)]
  0x000001ab16905d10 JavaThread "Unconstrained build operations Thread 83" [_thread_blocked, id=512, stack(0x00000019aed00000,0x00000019aee00000)]
  0x000001ab16906220 JavaThread "Unconstrained build operations Thread 84" [_thread_blocked, id=12712, stack(0x00000019aee00000,0x00000019aef00000)]
  0x000001ab175d4640 JavaThread "Unconstrained build operations Thread 85" [_thread_blocked, id=9504, stack(0x00000019aef00000,0x00000019af000000)]
  0x000001ab175d4b50 JavaThread "Unconstrained build operations Thread 86" [_thread_blocked, id=27448, stack(0x00000019af000000,0x00000019af100000)]
  0x000001ab175d5a80 JavaThread "Unconstrained build operations Thread 87" [_thread_blocked, id=23724, stack(0x00000019af100000,0x00000019af200000)]
  0x000001ab175d5570 JavaThread "Unconstrained build operations Thread 88" [_thread_blocked, id=29472, stack(0x00000019af200000,0x00000019af300000)]
  0x000001ab175d5060 JavaThread "Unconstrained build operations Thread 89" [_thread_blocked, id=27552, stack(0x00000019af300000,0x00000019af400000)]
  0x000001ab175d3710 JavaThread "Unconstrained build operations Thread 90" [_thread_blocked, id=27176, stack(0x00000019af400000,0x00000019af500000)]
  0x000001ab175d5f90 JavaThread "ForkJoinPool.commonPool-worker-1" daemon [_thread_blocked, id=28644, stack(0x00000019af900000,0x00000019afa00000)]
  0x000001ab175d27e0 JavaThread "ForkJoinPool.commonPool-worker-2" daemon [_thread_blocked, id=19204, stack(0x00000019afa00000,0x00000019afb00000)]
  0x000001ab175d3c20 JavaThread "ForkJoinPool.commonPool-worker-3" daemon [_thread_blocked, id=20292, stack(0x00000019afb00000,0x00000019afc00000)]
  0x000001ab175d64a0 JavaThread "ForkJoinPool.commonPool-worker-4" daemon [_thread_blocked, id=12092, stack(0x00000019afc00000,0x00000019afd00000)]
  0x000001ab175d2cf0 JavaThread "ForkJoinPool.commonPool-worker-5" daemon [_thread_blocked, id=28736, stack(0x00000019afd00000,0x00000019afe00000)]
  0x000001ab175d69b0 JavaThread "ForkJoinPool.commonPool-worker-6" daemon [_thread_blocked, id=30396, stack(0x00000019afe00000,0x00000019aff00000)]
  0x000001ab175d3200 JavaThread "ForkJoinPool.commonPool-worker-7" daemon [_thread_blocked, id=8856, stack(0x00000019aff00000,0x00000019b0000000)]
  0x000001ab175d6ec0 JavaThread "ForkJoinPool.commonPool-worker-8" daemon [_thread_blocked, id=26644, stack(0x00000019b0000000,0x00000019b0100000)]
  0x000001ab175d78e0 JavaThread "ForkJoinPool.commonPool-worker-9" daemon [_thread_blocked, id=19576, stack(0x00000019b0100000,0x00000019b0200000)]
  0x000001ab175d73d0 JavaThread "ForkJoinPool.commonPool-worker-10" daemon [_thread_blocked, id=14240, stack(0x00000019b0200000,0x00000019b0300000)]
  0x000001ab175d4130 JavaThread "ForkJoinPool.commonPool-worker-11" daemon [_thread_blocked, id=9488, stack(0x00000019b0300000,0x00000019b0400000)]
  0x000001ab175d8d20 JavaThread "Exec process" daemon [_thread_blocked, id=29768, stack(0x00000019b0400000,0x00000019b0500000)]
  0x000001ab175da160 JavaThread "ForkJoinPool.commonPool-worker-12" daemon [_thread_blocked, id=23316, stack(0x00000019b0500000,0x00000019b0600000)]
  0x000001ab175d9c50 JavaThread "Exec process Thread 2" daemon [_thread_blocked, id=13764, stack(0x00000019b0600000,0x00000019b0700000)]
  0x000001ab175d7df0 JavaThread "Exec process Thread 3" daemon [_thread_blocked, id=23580, stack(0x00000019b0700000,0x00000019b0800000)]
  0x000001ab175d8300 JavaThread "ForkJoinPool.commonPool-worker-13" daemon [_thread_blocked, id=26948, stack(0x00000019b0800000,0x00000019b0900000)]
  0x000001ab175d8810 JavaThread "ForkJoinPool.commonPool-worker-14" daemon [_thread_blocked, id=26932, stack(0x00000019af700000,0x00000019af800000)]
  0x000001ab175d9230 JavaThread "ForkJoinPool.commonPool-worker-15" daemon [_thread_blocked, id=24128, stack(0x00000019af800000,0x00000019af900000)]
  0x000001ab175d9740 JavaThread "ForkJoinPool.commonPool-worker-16" daemon [_thread_blocked, id=18148, stack(0x00000019af500000,0x00000019af600000)]
  0x000001ab12d8bb90 JavaThread "ForkJoinPool.commonPool-worker-17" daemon [_thread_blocked, id=11148, stack(0x00000019af600000,0x00000019af700000)]
  0x000001ab197ac3c0 JavaThread "C2 CompilerThread1" daemon [_thread_blocked, id=24696, stack(0x00000019a6900000,0x00000019a6a00000)]
  0x000001ab13deffa0 JavaThread "included builds" [_thread_blocked, id=28868, stack(0x00000019b0900000,0x00000019b0a00000)]
  0x000001ab197ad3b0 JavaThread "C2 CompilerThread2" daemon [_thread_blocked, id=23276, stack(0x00000019b1e00000,0x00000019b1f00000)]
  0x000001ab13df3750 JavaThread "Unconstrained build operations Thread 91" [_thread_blocked, id=8292, stack(0x00000019b1f00000,0x00000019b2000000)]
  0x000001ab13df4170 JavaThread "Unconstrained build operations Thread 92" [_thread_blocked, id=18256, stack(0x00000019b2000000,0x00000019b2100000)]
  0x000001ab18c0fdf0 JavaThread "Unconstrained build operations Thread 93" [_thread_blocked, id=29016, stack(0x00000019b2100000,0x00000019b2200000)]
  0x000001ab18c0f8e0 JavaThread "Unconstrained build operations Thread 94" [_thread_blocked, id=21576, stack(0x00000019b2200000,0x00000019b2300000)]
  0x000001ab18c12160 JavaThread "Unconstrained build operations Thread 95" [_thread_blocked, id=28920, stack(0x00000019b2300000,0x00000019b2400000)]
  0x000001ab197abe70 JavaThread "C2 CompilerThread3" daemon [_thread_blocked, id=26832, stack(0x00000019b2400000,0x00000019b2500000)]
  0x000001ab197ac910 JavaThread "C2 CompilerThread4" daemon [_thread_blocked, id=3324, stack(0x00000019b2500000,0x00000019b2600000)]
  0x000001ab197ace60 JavaThread "C2 CompilerThread5" daemon [_thread_blocked, id=28080, stack(0x00000019b3200000,0x00000019b3300000)]
  0x000001ab197ad900 JavaThread "C2 CompilerThread6" daemon [_thread_blocked, id=9092, stack(0x00000019b3300000,0x00000019b3400000)]
  0x000001ab197ade50 JavaThread "C2 CompilerThread7" daemon [_thread_blocked, id=22612, stack(0x00000019b3400000,0x00000019b3500000)]
  0x000001ab197ae3a0 JavaThread "C1 CompilerThread1" daemon [_thread_blocked, id=5772, stack(0x00000019a6500000,0x00000019a6600000)]
  0x000001ab197aa930 JavaThread "C1 CompilerThread2" daemon [_thread_blocked, id=12540, stack(0x00000019a6700000,0x00000019a6800000)]

Other Threads:
=>0x000001aacb74bd90 VMThread "VM Thread" [stack: 0x00000019a5b00000,0x00000019a5c00000] [id=23584]
  0x000001aaa9d21400 WatcherThread [stack: 0x00000019a6b00000,0x00000019a6c00000] [id=14080]
  0x000001aaa9d7bae0 GCTaskThread "GC Thread#0" [stack: 0x00000019a5600000,0x00000019a5700000] [id=25380]
  0x000001ab11478c00 GCTaskThread "GC Thread#1" [stack: 0x00000019a6c00000,0x00000019a6d00000] [id=26292]
  0x000001ab11479a10 GCTaskThread "GC Thread#2" [stack: 0x00000019a6d00000,0x00000019a6e00000] [id=25604]
  0x000001ab11478930 GCTaskThread "GC Thread#3" [stack: 0x00000019a6e00000,0x00000019a6f00000] [id=3656]
  0x000001ab11479740 GCTaskThread "GC Thread#4" [stack: 0x00000019a6f00000,0x00000019a7000000] [id=7844]
  0x000001ab11479470 GCTaskThread "GC Thread#5" [stack: 0x00000019a7000000,0x00000019a7100000] [id=8768]
  0x000001ab136ccd90 GCTaskThread "GC Thread#6" [stack: 0x00000019a8100000,0x00000019a8200000] [id=27284]
  0x000001ab136ce410 GCTaskThread "GC Thread#7" [stack: 0x00000019a8200000,0x00000019a8300000] [id=27452]
  0x000001ab136ce6e0 GCTaskThread "GC Thread#8" [stack: 0x00000019a8300000,0x00000019a8400000] [id=29656]
  0x000001ab136ce9b0 GCTaskThread "GC Thread#9" [stack: 0x00000019a8400000,0x00000019a8500000] [id=29984]
  0x000001ab136cb710 GCTaskThread "GC Thread#10" [stack: 0x00000019a8500000,0x00000019a8600000] [id=26796]
  0x000001ab136cc250 GCTaskThread "GC Thread#11" [stack: 0x00000019a8600000,0x00000019a8700000] [id=29544]
  0x000001ab136cc7f0 GCTaskThread "GC Thread#12" [stack: 0x00000019a8700000,0x00000019a8800000] [id=25204]
  0x000001ab136cbf80 GCTaskThread "GC Thread#13" [stack: 0x00000019a8800000,0x00000019a8900000] [id=29460]
  0x000001ab136cde70 GCTaskThread "GC Thread#14" [stack: 0x00000019a8900000,0x00000019a8a00000] [id=25048]
  0x000001aaa7a9ec70 ConcurrentGCThread "G1 Main Marker" [stack: 0x00000019a5700000,0x00000019a5800000] [id=11556]
  0x000001aaa9d87180 ConcurrentGCThread "G1 Conc#0" [stack: 0x00000019a5800000,0x00000019a5900000] [id=22360]
  0x000001ab136cec80 ConcurrentGCThread "G1 Conc#1" [stack: 0x00000019a8a00000,0x00000019a8b00000] [id=2720]
  0x000001ab136cd8d0 ConcurrentGCThread "G1 Conc#2" [stack: 0x00000019a8b00000,0x00000019a8c00000] [id=28940]
  0x000001ab136cef50 ConcurrentGCThread "G1 Conc#3" [stack: 0x00000019a8c00000,0x00000019a8d00000] [id=27376]
  0x000001aaa9dc7420 ConcurrentGCThread "G1 Refine#0" [stack: 0x00000019a5900000,0x00000019a5a00000] [id=30144]
  0x000001ab15aa1af0 ConcurrentGCThread "G1 Refine#1" [stack: 0x00000019a9700000,0x00000019a9800000] [id=14032]
  0x000001ab15aa1df0 ConcurrentGCThread "G1 Refine#2" [stack: 0x00000019a9800000,0x00000019a9900000] [id=11908]
  0x000001ab16314bc0 ConcurrentGCThread "G1 Refine#3" [stack: 0x00000019b2600000,0x00000019b2700000] [id=22788]
  0x000001ab16312ac0 ConcurrentGCThread "G1 Refine#4" [stack: 0x00000019b2700000,0x00000019b2800000] [id=12828]
  0x000001ab16311ec0 ConcurrentGCThread "G1 Refine#5" [stack: 0x00000019b2800000,0x00000019b2900000] [id=3248]
  0x000001ab163151c0 ConcurrentGCThread "G1 Refine#6" [stack: 0x00000019b2900000,0x00000019b2a00000] [id=10448]
  0x000001ab163127c0 ConcurrentGCThread "G1 Refine#7" [stack: 0x00000019b2a00000,0x00000019b2b00000] [id=27952]
  0x000001ab16314ec0 ConcurrentGCThread "G1 Refine#8" [stack: 0x00000019b2b00000,0x00000019b2c00000] [id=28340]
  0x000001ab163145c0 ConcurrentGCThread "G1 Refine#9" [stack: 0x00000019b2c00000,0x00000019b2d00000] [id=19612]
  0x000001ab163124c0 ConcurrentGCThread "G1 Refine#10" [stack: 0x00000019b2d00000,0x00000019b2e00000] [id=28220]
  0x000001ab163121c0 ConcurrentGCThread "G1 Refine#11" [stack: 0x00000019b2e00000,0x00000019b2f00000] [id=28908]
  0x000001ab163154c0 ConcurrentGCThread "G1 Refine#12" [stack: 0x00000019b2f00000,0x00000019b3000000] [id=18252]
  0x000001ab16312dc0 ConcurrentGCThread "G1 Refine#13" [stack: 0x00000019b3000000,0x00000019b3100000] [id=15176]
  0x000001ab163136c0 ConcurrentGCThread "G1 Refine#14" [stack: 0x00000019b3100000,0x00000019b3200000] [id=18696]
  0x000001aaa9dc8c20 ConcurrentGCThread "G1 Service" [stack: 0x00000019a5a00000,0x00000019a5b00000] [id=29248]

Threads with active compile tasks:
C1 CompilerThread1  18998 10816       3       java.lang.Class::searchMethods (104 bytes)

VM state: at safepoint (normal execution)

VM Mutex/Monitor currently owned by a thread:  ([mutex/lock_event])
[0x000001aaa9d1ca30] Threads_lock - owner thread: 0x000001aacb74bd90
[0x000001aaa9d1d960] Heap_lock - owner thread: 0x000001ab12e66250

Heap address: 0x0000000740000000, size: 3072 MB, Compressed Oops mode: Zero based, Oop shift amount: 3

CDS archive(s) mapped at: [0x000001aacc000000-0x000001aaccbb0000-0x000001aaccbb0000), size 12255232, SharedBaseAddress: 0x000001aacc000000, ArchiveRelocationMode: 1.
Compressed class space mapped at: 0x000001aacd000000-0x000001ab0d000000, reserved size: 1073741824
Narrow klass base: 0x000001aacc000000, Narrow klass shift: 0, Narrow klass range: 0x100000000

GC Precious Log:
 CPUs: 20 total, 20 available
 Memory: 16193M
 Large Page Support: Disabled
 NUMA Support: Disabled
 Compressed Oops: Enabled (Zero based)
 Heap Region Size: 2M
 Heap Min Capacity: 8M
 Heap Initial Capacity: 254M
 Heap Max Capacity: 3G
 Pre-touch: Disabled
 Parallel Workers: 15
 Concurrent Workers: 4
 Concurrent Refinement Workers: 15
 Periodic GC: Disabled

Heap:
 garbage-first heap   total 444416K, used 251559K [0x0000000740000000, 0x0000000800000000)
  region size 2048K, 1 young (2048K), 1 survivors (2048K)
 Metaspace       used 71945K, committed 72704K, reserved 1114112K
  class space    used 10066K, committed 10432K, reserved 1048576K

Heap Regions: E=young(eden), S=young(survivor), O=old, HS=humongous(starts), HC=humongous(continues), CS=collection set, F=free, OA=open archive, CA=closed archive, TAMS=top-at-mark-start (previous, next)
|   0|0x0000000740000000, 0x0000000740200000, 0x0000000740200000|100%|HS|  |TAMS 0x0000000740200000, 0x0000000740000000| Complete 
|   1|0x0000000740200000, 0x0000000740400000, 0x0000000740400000|100%|HC|  |TAMS 0x0000000740400000, 0x0000000740200000| Complete 
|   2|0x0000000740400000, 0x0000000740600000, 0x0000000740600000|100%| O|  |TAMS 0x0000000740600000, 0x0000000740400000| Untracked 
|   3|0x0000000740600000, 0x0000000740800000, 0x0000000740800000|100%| O|  |TAMS 0x0000000740800000, 0x0000000740600000| Untracked 
|   4|0x0000000740800000, 0x0000000740a00000, 0x0000000740a00000|100%| O|  |TAMS 0x0000000740a00000, 0x0000000740800000| Untracked 
|   5|0x0000000740a00000, 0x0000000740c00000, 0x0000000740c00000|100%| O|  |TAMS 0x0000000740c00000, 0x0000000740a00000| Untracked 
|   6|0x0000000740c00000, 0x0000000740e00000, 0x0000000740e00000|100%| O|  |TAMS 0x0000000740e00000, 0x0000000740c00000| Untracked 
|   7|0x0000000740e00000, 0x0000000741000000, 0x0000000741000000|100%| O|  |TAMS 0x0000000741000000, 0x0000000740e00000| Untracked 
|   8|0x0000000741000000, 0x0000000741200000, 0x0000000741200000|100%| O|  |TAMS 0x0000000741200000, 0x0000000741000000| Untracked 
|   9|0x0000000741200000, 0x0000000741400000, 0x0000000741400000|100%| O|  |TAMS 0x0000000741400000, 0x0000000741200000| Untracked 
|  10|0x0000000741400000, 0x0000000741600000, 0x0000000741600000|100%| O|  |TAMS 0x0000000741600000, 0x0000000741400000| Untracked 
|  11|0x0000000741600000, 0x0000000741800000, 0x0000000741800000|100%| O|  |TAMS 0x0000000741800000, 0x0000000741600000| Untracked 
|  12|0x0000000741800000, 0x0000000741a00000, 0x0000000741a00000|100%|HS|  |TAMS 0x0000000741a00000, 0x0000000741800000| Complete 
|  13|0x0000000741a00000, 0x0000000741c00000, 0x0000000741c00000|100%| O|  |TAMS 0x0000000741c00000, 0x0000000741a00000| Untracked 
|  14|0x0000000741c00000, 0x0000000741e00000, 0x0000000741e00000|100%| O|  |TAMS 0x0000000741e00000, 0x0000000741c00000| Untracked 
|  15|0x0000000741e00000, 0x0000000742000000, 0x0000000742000000|100%| O|  |TAMS 0x0000000742000000, 0x0000000741e00000| Untracked 
|  16|0x0000000742000000, 0x0000000742200000, 0x0000000742200000|100%| O|  |TAMS 0x0000000742200000, 0x0000000742000000| Untracked 
|  17|0x0000000742200000, 0x0000000742400000, 0x0000000742400000|100%| O|  |TAMS 0x0000000742400000, 0x0000000742200000| Untracked 
|  18|0x0000000742400000, 0x0000000742600000, 0x0000000742600000|100%| O|  |TAMS 0x0000000742600000, 0x0000000742400000| Untracked 
|  19|0x0000000742600000, 0x0000000742800000, 0x0000000742800000|100%| O|  |TAMS 0x0000000742800000, 0x0000000742600000| Untracked 
|  20|0x0000000742800000, 0x0000000742a00000, 0x0000000742a00000|100%| O|  |TAMS 0x0000000742a00000, 0x0000000742800000| Untracked 
|  21|0x0000000742a00000, 0x0000000742c00000, 0x0000000742c00000|100%| O|  |TAMS 0x0000000742c00000, 0x0000000742a00000| Untracked 
|  22|0x0000000742c00000, 0x0000000742e00000, 0x0000000742e00000|100%| O|  |TAMS 0x0000000742e00000, 0x0000000742c00000| Untracked 
|  23|0x0000000742e00000, 0x0000000743000000, 0x0000000743000000|100%| O|  |TAMS 0x0000000743000000, 0x0000000742e00000| Untracked 
|  24|0x0000000743000000, 0x0000000743200000, 0x0000000743200000|100%| O|  |TAMS 0x0000000743200000, 0x0000000743000000| Untracked 
|  25|0x0000000743200000, 0x0000000743400000, 0x0000000743400000|100%| O|  |TAMS 0x0000000743400000, 0x0000000743200000| Untracked 
|  26|0x0000000743400000, 0x0000000743600000, 0x0000000743600000|100%| O|  |TAMS 0x0000000743600000, 0x0000000743400000| Untracked 
|  27|0x0000000743600000, 0x0000000743800000, 0x0000000743800000|100%| O|  |TAMS 0x0000000743800000, 0x0000000743600000| Untracked 
|  28|0x0000000743800000, 0x0000000743a00000, 0x0000000743a00000|100%| O|  |TAMS 0x0000000743a00000, 0x0000000743800000| Untracked 
|  29|0x0000000743a00000, 0x0000000743c00000, 0x0000000743c00000|100%| O|  |TAMS 0x0000000743c00000, 0x0000000743a00000| Untracked 
|  30|0x0000000743c00000, 0x0000000743e00000, 0x0000000743e00000|100%| O|  |TAMS 0x0000000743e00000, 0x0000000743c00000| Untracked 
|  31|0x0000000743e00000, 0x0000000744000000, 0x0000000744000000|100%| O|  |TAMS 0x0000000744000000, 0x0000000743e00000| Untracked 
|  32|0x0000000744000000, 0x0000000744200000, 0x0000000744200000|100%| O|  |TAMS 0x0000000744200000, 0x0000000744000000| Untracked 
|  33|0x0000000744200000, 0x0000000744400000, 0x0000000744400000|100%| O|  |TAMS 0x0000000744400000, 0x0000000744200000| Untracked 
|  34|0x0000000744400000, 0x0000000744600000, 0x0000000744600000|100%| O|  |TAMS 0x0000000744600000, 0x0000000744400000| Untracked 
|  35|0x0000000744600000, 0x0000000744800000, 0x0000000744800000|100%| O|  |TAMS 0x0000000744800000, 0x0000000744600000| Untracked 
|  36|0x0000000744800000, 0x0000000744a00000, 0x0000000744a00000|100%| O|  |TAMS 0x0000000744a00000, 0x0000000744800000| Untracked 
|  37|0x0000000744a00000, 0x0000000744c00000, 0x0000000744c00000|100%| O|  |TAMS 0x0000000744c00000, 0x0000000744a00000| Untracked 
|  38|0x0000000744c00000, 0x0000000744e00000, 0x0000000744e00000|100%| O|  |TAMS 0x0000000744e00000, 0x0000000744c00000| Untracked 
|  39|0x0000000744e00000, 0x0000000745000000, 0x0000000745000000|100%| O|  |TAMS 0x0000000745000000, 0x0000000744e00000| Untracked 
|  40|0x0000000745000000, 0x0000000745200000, 0x0000000745200000|100%| O|  |TAMS 0x0000000745200000, 0x0000000745000000| Untracked 
|  41|0x0000000745200000, 0x0000000745400000, 0x0000000745400000|100%| O|  |TAMS 0x0000000745400000, 0x0000000745200000| Untracked 
|  42|0x0000000745400000, 0x0000000745600000, 0x0000000745600000|100%| O|  |TAMS 0x0000000745600000, 0x0000000745400000| Untracked 
|  43|0x0000000745600000, 0x0000000745800000, 0x0000000745800000|100%| O|  |TAMS 0x0000000745800000, 0x0000000745600000| Untracked 
|  44|0x0000000745800000, 0x0000000745a00000, 0x0000000745a00000|100%| O|  |TAMS 0x0000000745a00000, 0x0000000745800000| Untracked 
|  45|0x0000000745a00000, 0x0000000745c00000, 0x0000000745c00000|100%| O|  |TAMS 0x0000000745c00000, 0x0000000745a00000| Untracked 
|  46|0x0000000745c00000, 0x0000000745e00000, 0x0000000745e00000|100%| O|  |TAMS 0x0000000745e00000, 0x0000000745c00000| Untracked 
|  47|0x0000000745e00000, 0x0000000746000000, 0x0000000746000000|100%| O|  |TAMS 0x0000000746000000, 0x0000000745e00000| Untracked 
|  48|0x0000000746000000, 0x0000000746200000, 0x0000000746200000|100%| O|  |TAMS 0x0000000746200000, 0x0000000746000000| Untracked 
|  49|0x0000000746200000, 0x0000000746400000, 0x0000000746400000|100%| O|  |TAMS 0x0000000746400000, 0x0000000746200000| Untracked 
|  50|0x0000000746400000, 0x0000000746600000, 0x0000000746600000|100%| O|  |TAMS 0x0000000746600000, 0x0000000746400000| Untracked 
|  51|0x0000000746600000, 0x0000000746800000, 0x0000000746800000|100%| O|  |TAMS 0x0000000746800000, 0x0000000746600000| Untracked 
|  52|0x0000000746800000, 0x0000000746a00000, 0x0000000746a00000|100%| O|  |TAMS 0x0000000746a00000, 0x0000000746800000| Untracked 
|  53|0x0000000746a00000, 0x0000000746c00000, 0x0000000746c00000|100%| O|  |TAMS 0x0000000746c00000, 0x0000000746a00000| Untracked 
|  54|0x0000000746c00000, 0x0000000746e00000, 0x0000000746e00000|100%| O|  |TAMS 0x0000000746e00000, 0x0000000746c00000| Untracked 
|  55|0x0000000746e00000, 0x0000000747000000, 0x0000000747000000|100%| O|  |TAMS 0x0000000747000000, 0x0000000746e00000| Untracked 
|  56|0x0000000747000000, 0x0000000747200000, 0x0000000747200000|100%| O|  |TAMS 0x0000000747200000, 0x0000000747000000| Untracked 
|  57|0x0000000747200000, 0x0000000747400000, 0x0000000747400000|100%| O|  |TAMS 0x0000000747400000, 0x0000000747200000| Untracked 
|  58|0x0000000747400000, 0x0000000747600000, 0x0000000747600000|100%| O|  |TAMS 0x0000000747600000, 0x0000000747400000| Untracked 
|  59|0x0000000747600000, 0x0000000747800000, 0x0000000747800000|100%| O|  |TAMS 0x0000000747800000, 0x0000000747600000| Untracked 
|  60|0x0000000747800000, 0x0000000747a00000, 0x0000000747a00000|100%| O|  |TAMS 0x0000000747a00000, 0x0000000747800000| Untracked 
|  61|0x0000000747a00000, 0x0000000747a00000, 0x0000000747c00000|  0%| F|  |TAMS 0x0000000747a00000, 0x0000000747a00000| Untracked 
|  62|0x0000000747c00000, 0x0000000747e00000, 0x0000000747e00000|100%| O|  |TAMS 0x0000000747d15c00, 0x0000000747c00000| Untracked 
|  63|0x0000000747e00000, 0x0000000748000000, 0x0000000748000000|100%| O|  |TAMS 0x0000000747e00000, 0x0000000747e00000| Untracked 
|  64|0x0000000748000000, 0x0000000748200000, 0x0000000748200000|100%| O|  |TAMS 0x0000000748000000, 0x0000000748000000| Untracked 
|  65|0x0000000748200000, 0x0000000748400000, 0x0000000748400000|100%| O|  |TAMS 0x0000000748200000, 0x0000000748200000| Untracked 
|  66|0x0000000748400000, 0x0000000748600000, 0x0000000748600000|100%| O|  |TAMS 0x0000000748400000, 0x0000000748400000| Untracked 
|  67|0x0000000748600000, 0x0000000748800000, 0x0000000748800000|100%| O|  |TAMS 0x0000000748600000, 0x0000000748600000| Untracked 
|  68|0x0000000748800000, 0x0000000748a00000, 0x0000000748a00000|100%| O|  |TAMS 0x0000000748800000, 0x0000000748800000| Untracked 
|  69|0x0000000748a00000, 0x0000000748c00000, 0x0000000748c00000|100%| O|  |TAMS 0x0000000748a00000, 0x0000000748a00000| Untracked 
|  70|0x0000000748c00000, 0x0000000748e00000, 0x0000000748e00000|100%| O|  |TAMS 0x0000000748c00000, 0x0000000748c00000| Untracked 
|  71|0x0000000748e00000, 0x0000000749000000, 0x0000000749000000|100%| O|  |TAMS 0x0000000748e00000, 0x0000000748e00000| Untracked 
|  72|0x0000000749000000, 0x0000000749200000, 0x0000000749200000|100%| O|  |TAMS 0x0000000749000000, 0x0000000749000000| Untracked 
|  73|0x0000000749200000, 0x0000000749400000, 0x0000000749400000|100%| O|  |TAMS 0x0000000749200000, 0x0000000749200000| Untracked 
|  74|0x0000000749400000, 0x0000000749600000, 0x0000000749600000|100%| O|  |TAMS 0x0000000749400000, 0x0000000749400000| Untracked 
|  75|0x0000000749600000, 0x0000000749800000, 0x0000000749800000|100%| O|  |TAMS 0x0000000749600000, 0x0000000749600000| Untracked 
|  76|0x0000000749800000, 0x0000000749a00000, 0x0000000749a00000|100%| O|  |TAMS 0x0000000749800000, 0x0000000749800000| Untracked 
|  77|0x0000000749a00000, 0x0000000749c00000, 0x0000000749c00000|100%| O|  |TAMS 0x0000000749a00000, 0x0000000749a00000| Untracked 
|  78|0x0000000749c00000, 0x0000000749e00000, 0x0000000749e00000|100%| O|  |TAMS 0x0000000749c00000, 0x0000000749c00000| Untracked 
|  79|0x0000000749e00000, 0x000000074a000000, 0x000000074a000000|100%| O|  |TAMS 0x0000000749e00000, 0x0000000749e00000| Untracked 
|  80|0x000000074a000000, 0x000000074a200000, 0x000000074a200000|100%| O|  |TAMS 0x000000074a000000, 0x000000074a000000| Untracked 
|  81|0x000000074a200000, 0x000000074a400000, 0x000000074a400000|100%| O|  |TAMS 0x000000074a200000, 0x000000074a200000| Untracked 
|  82|0x000000074a400000, 0x000000074a600000, 0x000000074a600000|100%| O|  |TAMS 0x000000074a400000, 0x000000074a400000| Untracked 
|  83|0x000000074a600000, 0x000000074a800000, 0x000000074a800000|100%| O|  |TAMS 0x000000074a600000, 0x000000074a600000| Untracked 
|  84|0x000000074a800000, 0x000000074aa00000, 0x000000074aa00000|100%| O|  |TAMS 0x000000074a800000, 0x000000074a800000| Untracked 
|  85|0x000000074aa00000, 0x000000074ac00000, 0x000000074ac00000|100%| O|  |TAMS 0x000000074aa00000, 0x000000074aa00000| Untracked 
|  86|0x000000074ac00000, 0x000000074ae00000, 0x000000074ae00000|100%| O|  |TAMS 0x000000074ac00000, 0x000000074ac00000| Untracked 
|  87|0x000000074ae00000, 0x000000074b000000, 0x000000074b000000|100%| O|  |TAMS 0x000000074ae00000, 0x000000074ae00000| Untracked 
|  88|0x000000074b000000, 0x000000074b200000, 0x000000074b200000|100%| O|  |TAMS 0x000000074b000000, 0x000000074b000000| Untracked 
|  89|0x000000074b200000, 0x000000074b400000, 0x000000074b400000|100%| O|  |TAMS 0x000000074b200000, 0x000000074b200000| Untracked 
|  90|0x000000074b400000, 0x000000074b600000, 0x000000074b600000|100%| O|  |TAMS 0x000000074b400000, 0x000000074b400000| Untracked 
|  91|0x000000074b600000, 0x000000074b800000, 0x000000074b800000|100%| O|  |TAMS 0x000000074b600000, 0x000000074b600000| Untracked 
|  92|0x000000074b800000, 0x000000074ba00000, 0x000000074ba00000|100%| O|  |TAMS 0x000000074b800000, 0x000000074b800000| Untracked 
|  93|0x000000074ba00000, 0x000000074bc00000, 0x000000074bc00000|100%| O|  |TAMS 0x000000074ba00000, 0x000000074ba00000| Untracked 
|  94|0x000000074bc00000, 0x000000074be00000, 0x000000074be00000|100%| O|  |TAMS 0x000000074bc00000, 0x000000074bc00000| Untracked 
|  95|0x000000074be00000, 0x000000074c000000, 0x000000074c000000|100%| O|  |TAMS 0x000000074be00000, 0x000000074be00000| Untracked 
|  96|0x000000074c000000, 0x000000074c01ba00, 0x000000074c200000|  5%| O|  |TAMS 0x000000074c000000, 0x000000074c000000| Untracked 
|  97|0x000000074c200000, 0x000000074c200000, 0x000000074c400000|  0%| F|  |TAMS 0x000000074c200000, 0x000000074c200000| Untracked 
|  98|0x000000074c400000, 0x000000074c400000, 0x000000074c600000|  0%| F|  |TAMS 0x000000074c400000, 0x000000074c400000| Untracked 
|  99|0x000000074c600000, 0x000000074c600000, 0x000000074c800000|  0%| F|  |TAMS 0x000000074c600000, 0x000000074c600000| Untracked 
| 100|0x000000074c800000, 0x000000074c800000, 0x000000074ca00000|  0%| F|  |TAMS 0x000000074c800000, 0x000000074c800000| Untracked 
| 101|0x000000074ca00000, 0x000000074ca00000, 0x000000074cc00000|  0%| F|  |TAMS 0x000000074ca00000, 0x000000074ca00000| Untracked 
| 102|0x000000074cc00000, 0x000000074cc00000, 0x000000074ce00000|  0%| F|  |TAMS 0x000000074cc00000, 0x000000074cc00000| Untracked 
| 103|0x000000074ce00000, 0x000000074ce00000, 0x000000074d000000|  0%| F|  |TAMS 0x000000074ce00000, 0x000000074ce00000| Untracked 
| 104|0x000000074d000000, 0x000000074d000000, 0x000000074d200000|  0%| F|  |TAMS 0x000000074d000000, 0x000000074d000000| Untracked 
| 105|0x000000074d200000, 0x000000074d200000, 0x000000074d400000|  0%| F|  |TAMS 0x000000074d200000, 0x000000074d200000| Untracked 
| 106|0x000000074d400000, 0x000000074d400000, 0x000000074d600000|  0%| F|  |TAMS 0x000000074d400000, 0x000000074d400000| Untracked 
| 107|0x000000074d600000, 0x000000074d600000, 0x000000074d800000|  0%| F|  |TAMS 0x000000074d600000, 0x000000074d600000| Untracked 
| 108|0x000000074d800000, 0x000000074d800000, 0x000000074da00000|  0%| F|  |TAMS 0x000000074d800000, 0x000000074d800000| Untracked 
| 109|0x000000074da00000, 0x000000074da00000, 0x000000074dc00000|  0%| F|  |TAMS 0x000000074da00000, 0x000000074da00000| Untracked 
| 110|0x000000074dc00000, 0x000000074dc00000, 0x000000074de00000|  0%| F|  |TAMS 0x000000074dc00000, 0x000000074dc00000| Untracked 
| 111|0x000000074de00000, 0x000000074de00000, 0x000000074e000000|  0%| F|  |TAMS 0x000000074de00000, 0x000000074de00000| Untracked 
| 112|0x000000074e000000, 0x000000074e000000, 0x000000074e200000|  0%| F|  |TAMS 0x000000074e000000, 0x000000074e000000| Untracked 
| 113|0x000000074e200000, 0x000000074e200000, 0x000000074e400000|  0%| F|  |TAMS 0x000000074e200000, 0x000000074e200000| Untracked 
| 114|0x000000074e400000, 0x000000074e400000, 0x000000074e600000|  0%| F|  |TAMS 0x000000074e400000, 0x000000074e400000| Untracked 
| 115|0x000000074e600000, 0x000000074e600000, 0x000000074e800000|  0%| F|  |TAMS 0x000000074e600000, 0x000000074e600000| Untracked 
| 116|0x000000074e800000, 0x000000074e800000, 0x000000074ea00000|  0%| F|  |TAMS 0x000000074e800000, 0x000000074e800000| Untracked 
| 117|0x000000074ea00000, 0x000000074ea00000, 0x000000074ec00000|  0%| F|  |TAMS 0x000000074ea00000, 0x000000074ea00000| Untracked 
| 118|0x000000074ec00000, 0x000000074ec00000, 0x000000074ee00000|  0%| F|  |TAMS 0x000000074ec00000, 0x000000074ec00000| Untracked 
| 119|0x000000074ee00000, 0x000000074ee00000, 0x000000074f000000|  0%| F|  |TAMS 0x000000074ee00000, 0x000000074ee00000| Untracked 
| 120|0x000000074f000000, 0x000000074f000000, 0x000000074f200000|  0%| F|  |TAMS 0x000000074f000000, 0x000000074f000000| Untracked 
| 121|0x000000074f200000, 0x000000074f200000, 0x000000074f400000|  0%| F|  |TAMS 0x000000074f200000, 0x000000074f200000| Untracked 
| 122|0x000000074f400000, 0x000000074f400000, 0x000000074f600000|  0%| F|  |TAMS 0x000000074f400000, 0x000000074f400000| Untracked 
| 123|0x000000074f600000, 0x000000074f600000, 0x000000074f800000|  0%| F|  |TAMS 0x000000074f600000, 0x000000074f600000| Untracked 
| 124|0x000000074f800000, 0x000000074f800000, 0x000000074fa00000|  0%| F|  |TAMS 0x000000074f800000, 0x000000074f800000| Untracked 
| 125|0x000000074fa00000, 0x000000074fa00000, 0x000000074fc00000|  0%| F|  |TAMS 0x000000074fa00000, 0x000000074fa00000| Untracked 
| 126|0x000000074fc00000, 0x000000074fc00000, 0x000000074fe00000|  0%| F|  |TAMS 0x000000074fc00000, 0x000000074fc00000| Untracked 
| 127|0x000000074fe00000, 0x000000074fe00000, 0x0000000750000000|  0%| F|  |TAMS 0x000000074fe00000, 0x000000074fe00000| Untracked 
| 128|0x0000000750000000, 0x0000000750000000, 0x0000000750200000|  0%| F|  |TAMS 0x0000000750000000, 0x0000000750000000| Untracked 
| 129|0x0000000750200000, 0x0000000750200000, 0x0000000750400000|  0%| F|  |TAMS 0x0000000750200000, 0x0000000750200000| Untracked 
| 130|0x0000000750400000, 0x0000000750400000, 0x0000000750600000|  0%| F|  |TAMS 0x0000000750400000, 0x0000000750400000| Untracked 
| 131|0x0000000750600000, 0x0000000750600000, 0x0000000750800000|  0%| F|  |TAMS 0x0000000750600000, 0x0000000750600000| Untracked 
| 132|0x0000000750800000, 0x0000000750800000, 0x0000000750a00000|  0%| F|  |TAMS 0x0000000750800000, 0x0000000750800000| Untracked 
| 133|0x0000000750a00000, 0x0000000750a00000, 0x0000000750c00000|  0%| F|  |TAMS 0x0000000750a00000, 0x0000000750a00000| Untracked 
| 134|0x0000000750c00000, 0x0000000750c00000, 0x0000000750e00000|  0%| F|  |TAMS 0x0000000750c00000, 0x0000000750c00000| Untracked 
| 135|0x0000000750e00000, 0x0000000750e00000, 0x0000000751000000|  0%| F|  |TAMS 0x0000000750e00000, 0x0000000750e00000| Untracked 
| 136|0x0000000751000000, 0x0000000751000000, 0x0000000751200000|  0%| F|  |TAMS 0x0000000751000000, 0x0000000751000000| Untracked 
| 137|0x0000000751200000, 0x0000000751200000, 0x0000000751400000|  0%| F|  |TAMS 0x0000000751200000, 0x0000000751200000| Untracked 
| 138|0x0000000751400000, 0x0000000751400000, 0x0000000751600000|  0%| F|  |TAMS 0x0000000751400000, 0x0000000751400000| Untracked 
| 139|0x0000000751600000, 0x0000000751600000, 0x0000000751800000|  0%| F|  |TAMS 0x0000000751600000, 0x0000000751600000| Untracked 
| 140|0x0000000751800000, 0x0000000751800000, 0x0000000751a00000|  0%| F|  |TAMS 0x0000000751800000, 0x0000000751800000| Untracked 
| 141|0x0000000751a00000, 0x0000000751a00000, 0x0000000751c00000|  0%| F|  |TAMS 0x0000000751a00000, 0x0000000751a00000| Untracked 
| 142|0x0000000751c00000, 0x0000000751c00000, 0x0000000751e00000|  0%| F|  |TAMS 0x0000000751c00000, 0x0000000751c00000| Untracked 
| 143|0x0000000751e00000, 0x0000000751e00000, 0x0000000752000000|  0%| F|  |TAMS 0x0000000751e00000, 0x0000000751e00000| Untracked 
| 144|0x0000000752000000, 0x0000000752000000, 0x0000000752200000|  0%| F|  |TAMS 0x0000000752000000, 0x0000000752000000| Untracked 
| 145|0x0000000752200000, 0x0000000752200000, 0x0000000752400000|  0%| F|  |TAMS 0x0000000752200000, 0x0000000752200000| Untracked 
| 146|0x0000000752400000, 0x0000000752400000, 0x0000000752600000|  0%| F|  |TAMS 0x0000000752400000, 0x0000000752400000| Untracked 
| 147|0x0000000752600000, 0x0000000752600000, 0x0000000752800000|  0%| F|  |TAMS 0x0000000752600000, 0x0000000752600000| Untracked 
| 148|0x0000000752800000, 0x0000000752800000, 0x0000000752a00000|  0%| F|  |TAMS 0x0000000752800000, 0x0000000752800000| Untracked 
| 149|0x0000000752a00000, 0x0000000752a00000, 0x0000000752c00000|  0%| F|  |TAMS 0x0000000752a00000, 0x0000000752a00000| Untracked 
| 150|0x0000000752c00000, 0x0000000752c00000, 0x0000000752e00000|  0%| F|  |TAMS 0x0000000752c00000, 0x0000000752c00000| Untracked 
| 151|0x0000000752e00000, 0x0000000752e00000, 0x0000000753000000|  0%| F|  |TAMS 0x0000000752e00000, 0x0000000752e00000| Untracked 
| 152|0x0000000753000000, 0x0000000753000000, 0x0000000753200000|  0%| F|  |TAMS 0x0000000753000000, 0x0000000753000000| Untracked 
| 153|0x0000000753200000, 0x0000000753200000, 0x0000000753400000|  0%| F|  |TAMS 0x0000000753200000, 0x0000000753200000| Untracked 
| 154|0x0000000753400000, 0x0000000753400000, 0x0000000753600000|  0%| F|  |TAMS 0x0000000753400000, 0x0000000753400000| Untracked 
| 155|0x0000000753600000, 0x0000000753600000, 0x0000000753800000|  0%| F|  |TAMS 0x0000000753600000, 0x0000000753600000| Untracked 
| 156|0x0000000753800000, 0x0000000753800000, 0x0000000753a00000|  0%| F|  |TAMS 0x0000000753800000, 0x0000000753800000| Untracked 
| 157|0x0000000753a00000, 0x0000000753a00000, 0x0000000753c00000|  0%| F|  |TAMS 0x0000000753a00000, 0x0000000753a00000| Untracked 
| 158|0x0000000753c00000, 0x0000000753c00000, 0x0000000753e00000|  0%| F|  |TAMS 0x0000000753c00000, 0x0000000753c00000| Untracked 
| 159|0x0000000753e00000, 0x0000000753e00000, 0x0000000754000000|  0%| F|  |TAMS 0x0000000753e00000, 0x0000000753e00000| Untracked 
| 160|0x0000000754000000, 0x0000000754000000, 0x0000000754200000|  0%| F|  |TAMS 0x0000000754000000, 0x0000000754000000| Untracked 
| 161|0x0000000754200000, 0x0000000754200000, 0x0000000754400000|  0%| F|  |TAMS 0x0000000754200000, 0x0000000754200000| Untracked 
| 162|0x0000000754400000, 0x0000000754400000, 0x0000000754600000|  0%| F|  |TAMS 0x0000000754400000, 0x0000000754400000| Untracked 
| 163|0x0000000754600000, 0x0000000754600000, 0x0000000754800000|  0%| F|  |TAMS 0x0000000754600000, 0x0000000754600000| Untracked 
| 164|0x0000000754800000, 0x0000000754800000, 0x0000000754a00000|  0%| F|  |TAMS 0x0000000754800000, 0x0000000754800000| Untracked 
| 165|0x0000000754a00000, 0x0000000754a00000, 0x0000000754c00000|  0%| F|  |TAMS 0x0000000754a00000, 0x0000000754a00000| Untracked 
| 166|0x0000000754c00000, 0x0000000754c00000, 0x0000000754e00000|  0%| F|  |TAMS 0x0000000754c00000, 0x0000000754c00000| Untracked 
| 167|0x0000000754e00000, 0x0000000754e00000, 0x0000000755000000|  0%| F|  |TAMS 0x0000000754e00000, 0x0000000754e00000| Untracked 
| 168|0x0000000755000000, 0x0000000755000000, 0x0000000755200000|  0%| F|  |TAMS 0x0000000755000000, 0x0000000755000000| Untracked 
| 169|0x0000000755200000, 0x0000000755200000, 0x0000000755400000|  0%| F|  |TAMS 0x0000000755200000, 0x0000000755200000| Untracked 
| 170|0x0000000755400000, 0x0000000755400000, 0x0000000755600000|  0%| F|  |TAMS 0x0000000755400000, 0x0000000755400000| Untracked 
| 171|0x0000000755600000, 0x0000000755600000, 0x0000000755800000|  0%| F|  |TAMS 0x0000000755600000, 0x0000000755600000| Untracked 
| 172|0x0000000755800000, 0x0000000755800000, 0x0000000755a00000|  0%| F|  |TAMS 0x0000000755800000, 0x0000000755800000| Untracked 
| 173|0x0000000755a00000, 0x0000000755a00000, 0x0000000755c00000|  0%| F|  |TAMS 0x0000000755a00000, 0x0000000755a00000| Untracked 
| 174|0x0000000755c00000, 0x0000000755c00000, 0x0000000755e00000|  0%| F|  |TAMS 0x0000000755c00000, 0x0000000755c00000| Untracked 
| 175|0x0000000755e00000, 0x0000000755e00000, 0x0000000756000000|  0%| F|  |TAMS 0x0000000755e00000, 0x0000000755e00000| Untracked 
| 176|0x0000000756000000, 0x0000000756000000, 0x0000000756200000|  0%| F|  |TAMS 0x0000000756000000, 0x0000000756000000| Untracked 
| 177|0x0000000756200000, 0x0000000756200000, 0x0000000756400000|  0%| F|  |TAMS 0x0000000756200000, 0x0000000756200000| Untracked 
| 178|0x0000000756400000, 0x0000000756400000, 0x0000000756600000|  0%| F|  |TAMS 0x0000000756400000, 0x0000000756400000| Untracked 
| 179|0x0000000756600000, 0x0000000756600000, 0x0000000756800000|  0%| F|  |TAMS 0x0000000756600000, 0x0000000756600000| Untracked 
| 180|0x0000000756800000, 0x0000000756800000, 0x0000000756a00000|  0%| F|  |TAMS 0x0000000756800000, 0x0000000756800000| Untracked 
| 181|0x0000000756a00000, 0x0000000756a00000, 0x0000000756c00000|  0%| F|  |TAMS 0x0000000756a00000, 0x0000000756a00000| Untracked 
| 182|0x0000000756c00000, 0x0000000756c00000, 0x0000000756e00000|  0%| F|  |TAMS 0x0000000756c00000, 0x0000000756c00000| Untracked 
| 183|0x0000000756e00000, 0x0000000756e00000, 0x0000000757000000|  0%| F|  |TAMS 0x0000000756e00000, 0x0000000756e00000| Untracked 
| 184|0x0000000757000000, 0x000000075718e520, 0x0000000757200000| 77%| S|CS|TAMS 0x0000000757000000, 0x0000000757000000| Complete 
| 185|0x0000000757200000, 0x0000000757200000, 0x0000000757400000|  0%| F|  |TAMS 0x0000000757200000, 0x0000000757200000| Untracked 
| 186|0x0000000757400000, 0x0000000757400000, 0x0000000757600000|  0%| F|  |TAMS 0x0000000757400000, 0x0000000757400000| Untracked 
| 187|0x0000000757600000, 0x0000000757600000, 0x0000000757800000|  0%| F|  |TAMS 0x0000000757600000, 0x0000000757600000| Untracked 
| 188|0x0000000757800000, 0x0000000757800000, 0x0000000757a00000|  0%| F|  |TAMS 0x0000000757800000, 0x0000000757800000| Untracked 
| 189|0x0000000757a00000, 0x0000000757a00000, 0x0000000757c00000|  0%| F|  |TAMS 0x0000000757a00000, 0x0000000757a00000| Untracked 
|1509|0x00000007fca00000, 0x00000007fcc00000, 0x00000007fcc00000|100%| O|  |TAMS 0x00000007fcc00000, 0x00000007fca00000| Untracked 
|1510|0x00000007fcc00000, 0x00000007fce00000, 0x00000007fce00000|100%| O|  |TAMS 0x00000007fce00000, 0x00000007fcc00000| Untracked 
|1511|0x00000007fce00000, 0x00000007fd000000, 0x00000007fd000000|100%| O|  |TAMS 0x00000007fd000000, 0x00000007fce00000| Untracked 
|1512|0x00000007fd000000, 0x00000007fd200000, 0x00000007fd200000|100%| O|  |TAMS 0x00000007fd200000, 0x00000007fd000000| Untracked 
|1513|0x00000007fd200000, 0x00000007fd400000, 0x00000007fd400000|100%| O|  |TAMS 0x00000007fd400000, 0x00000007fd200000| Untracked 
|1514|0x00000007fd400000, 0x00000007fd600000, 0x00000007fd600000|100%| O|  |TAMS 0x00000007fd600000, 0x00000007fd400000| Untracked 
|1515|0x00000007fd600000, 0x00000007fd800000, 0x00000007fd800000|100%| O|  |TAMS 0x00000007fd800000, 0x00000007fd600000| Untracked 
|1516|0x00000007fd800000, 0x00000007fda00000, 0x00000007fda00000|100%| O|  |TAMS 0x00000007fda00000, 0x00000007fd800000| Untracked 
|1517|0x00000007fda00000, 0x00000007fdc00000, 0x00000007fdc00000|100%| O|  |TAMS 0x00000007fdc00000, 0x00000007fda00000| Untracked 
|1518|0x00000007fdc00000, 0x00000007fde00000, 0x00000007fde00000|100%| O|  |TAMS 0x00000007fde00000, 0x00000007fdc00000| Untracked 
|1519|0x00000007fde00000, 0x00000007fe000000, 0x00000007fe000000|100%| O|  |TAMS 0x00000007fe000000, 0x00000007fde00000| Untracked 
|1520|0x00000007fe000000, 0x00000007fe200000, 0x00000007fe200000|100%| O|  |TAMS 0x00000007fe200000, 0x00000007fe000000| Untracked 
|1521|0x00000007fe200000, 0x00000007fe400000, 0x00000007fe400000|100%| O|  |TAMS 0x00000007fe400000, 0x00000007fe200000| Untracked 
|1522|0x00000007fe400000, 0x00000007fe600000, 0x00000007fe600000|100%| O|  |TAMS 0x00000007fe600000, 0x00000007fe400000| Untracked 
|1523|0x00000007fe600000, 0x00000007fe800000, 0x00000007fe800000|100%| O|  |TAMS 0x00000007fe800000, 0x00000007fe600000| Untracked 
|1524|0x00000007fe800000, 0x00000007fea00000, 0x00000007fea00000|100%| O|  |TAMS 0x00000007fea00000, 0x00000007fe800000| Untracked 
|1525|0x00000007fea00000, 0x00000007fec00000, 0x00000007fec00000|100%| O|  |TAMS 0x00000007fec00000, 0x00000007fea00000| Untracked 
|1526|0x00000007fec00000, 0x00000007fee00000, 0x00000007fee00000|100%| O|  |TAMS 0x00000007fee00000, 0x00000007fec00000| Untracked 
|1527|0x00000007fee00000, 0x00000007ff000000, 0x00000007ff000000|100%| O|  |TAMS 0x00000007ff000000, 0x00000007fee00000| Untracked 
|1528|0x00000007ff000000, 0x00000007ff200000, 0x00000007ff200000|100%| O|  |TAMS 0x00000007ff200000, 0x00000007ff000000| Untracked 
|1529|0x00000007ff200000, 0x00000007ff400000, 0x00000007ff400000|100%| O|  |TAMS 0x00000007ff400000, 0x00000007ff200000| Untracked 
|1530|0x00000007ff400000, 0x00000007ff600000, 0x00000007ff600000|100%| O|  |TAMS 0x00000007ff600000, 0x00000007ff400000| Untracked 
|1531|0x00000007ff600000, 0x00000007ff800000, 0x00000007ff800000|100%| O|  |TAMS 0x00000007ff800000, 0x00000007ff600000| Untracked 
|1532|0x00000007ff800000, 0x00000007ffa00000, 0x00000007ffa00000|100%| O|  |TAMS 0x00000007ffa00000, 0x00000007ff800000| Untracked 
|1533|0x00000007ffa00000, 0x00000007ffc00000, 0x00000007ffc00000|100%| O|  |TAMS 0x00000007ffc00000, 0x00000007ffa00000| Untracked 
|1534|0x00000007ffc00000, 0x00000007ffe00000, 0x00000007ffe00000|100%| O|  |TAMS 0x00000007ffe00000, 0x00000007ffc00000| Untracked 
|1535|0x00000007ffe00000, 0x0000000800000000, 0x0000000800000000|100%| O|  |TAMS 0x0000000800000000, 0x00000007ffe00000| Untracked 

Card table byte_map: [0x000001aac1930000,0x000001aac1f30000] _byte_map_base: 0x000001aabdf30000

Marking Bits (Prev, Next): (CMBitMap*) 0x000001aaa7a9b440, (CMBitMap*) 0x000001aaa7a9b480
 Prev Bits: [0x000001aac2530000, 0x000001aac5530000)
 Next Bits: [0x000001aac5530000, 0x000001aac8530000)

Polling page: 0x000001aaa7940000

Metaspace:

Usage:
  Non-class:     60.43 MB used.
      Class:      9.83 MB used.
       Both:     70.26 MB used.

Virtual space:
  Non-class space:       64.00 MB reserved,      60.81 MB ( 95%) committed,  1 nodes.
      Class space:        1.00 GB reserved,      10.19 MB ( <1%) committed,  1 nodes.
             Both:        1.06 GB reserved,      71.00 MB (  7%) committed. 

Chunk freelists:
   Non-Class:  2.84 MB
       Class:  5.70 MB
        Both:  8.54 MB

MaxMetaspaceSize: unlimited
CompressedClassSpaceSize: 1.00 GB
Initial GC threshold: 21.00 MB
Current GC threshold: 117.19 MB
CDS: on
MetaspaceReclaimPolicy: balanced
 - commit_granule_bytes: 65536.
 - commit_granule_words: 8192.
 - virtual_space_node_default_size: 8388608.
 - enlarge_chunks_in_place: 1.
 - new_chunks_are_fully_committed: 0.
 - uncommit_free_chunks: 1.
 - use_allocation_guard: 0.
 - handle_deallocations: 1.


Internal statistics:

num_allocs_failed_limit: 9.
num_arena_births: 792.
num_arena_deaths: 4.
num_vsnodes_births: 2.
num_vsnodes_deaths: 0.
num_space_committed: 1136.
num_space_uncommitted: 0.
num_chunks_returned_to_freelist: 15.
num_chunks_taken_from_freelist: 3631.
num_chunk_merges: 10.
num_chunk_splits: 2288.
num_chunks_enlarged: 1457.
num_inconsistent_stats: 0.

CodeHeap 'non-profiled nmethods': size=119168Kb used=6645Kb max_used=6645Kb free=112523Kb
 bounds [0x000001aab9430000, 0x000001aab9ab0000, 0x000001aac0890000]
CodeHeap 'profiled nmethods': size=119104Kb used=17796Kb max_used=17796Kb free=101307Kb
 bounds [0x000001aab1890000, 0x000001aab2a00000, 0x000001aab8ce0000]
CodeHeap 'non-nmethods': size=7488Kb used=3501Kb max_used=4128Kb free=3986Kb
 bounds [0x000001aab8ce0000, 0x000001aab90f0000, 0x000001aab9430000]
 total_blobs=10174 nmethods=9276 adapters=808
 compilation: enabled
              stopped_count=0, restarted_count=0
 full_count=0

Compilation events (20 events):
Event: 16.933 Thread 0x000001ab197ad3b0 nmethod 10791 0x000001aab9a99e90 code [0x000001aab9a9a060, 0x000001aab9a9a868]
Event: 16.938 Thread 0x000001ab197aa930 10808       3       org.gradle.internal.concurrent.CompositeStoppable::add (34 bytes)
Event: 16.938 Thread 0x000001ab197aa930 nmethod 10808 0x000001aab29f2190 code [0x000001aab29f23a0, 0x000001aab29f29e8]
Event: 16.939 Thread 0x000001ab197ac910 10809       4       java.util.concurrent.ConcurrentHashMap$Traverser::advance (188 bytes)
Event: 16.939 Thread 0x000001ab197ac3c0 10810       4       java.util.concurrent.ConcurrentHashMap$BaseIterator::hasNext (13 bytes)
Event: 16.939 Thread 0x000001ab197ac3c0 nmethod 10810 0x000001aab9a9ad90 code [0x000001aab9a9af00, 0x000001aab9a9af98]
Event: 16.943 Thread 0x000001ab197abe70 nmethod 10657 0x000001aab9a9b090 code [0x000001aab9a9b3e0, 0x000001aab9a9fc60]
Event: 16.944 Thread 0x000001ab197ac910 nmethod 10809 0x000001aab9aa1610 code [0x000001aab9aa17a0, 0x000001aab9aa1ab8]
Event: 16.945 Thread 0x000001ab197ac910 10811       4       jdk.internal.reflect.ReflectionFactory::copyField (11 bytes)
Event: 16.945 Thread 0x000001ab197ace60 10812       4       java.lang.reflect.Field::copy (80 bytes)
Event: 16.945 Thread 0x000001ab197ade50 10813       4       java.lang.reflect.Field::<init> (50 bytes)
Event: 16.946 Thread 0x000001ab197ace60 nmethod 10812 0x000001aab9aa1c90 code [0x000001aab9aa1e20, 0x000001aab9aa1f98]
Event: 16.947 Thread 0x000001ab197ac910 nmethod 10811 0x000001aab9aa2090 code [0x000001aab9aa2220, 0x000001aab9aa23f8]
Event: 16.948 Thread 0x000001ab197ade50 nmethod 10813 0x000001aab9aa2590 code [0x000001aab9aa2700, 0x000001aab9aa2c78]
Event: 16.954 Thread 0x000001ab197ad900 nmethod 10654 0x000001aab9aa2d10 code [0x000001aab9aa3280, 0x000001aab9aaa370]
Event: 16.955 Thread 0x000001ab197ae3a0 10814       3       com.google.common.cache.LocalCache$LocalManualCache::put (11 bytes)
Event: 16.955 Thread 0x000001ab197ae3a0 nmethod 10814 0x000001aab29f2c10 code [0x000001aab29f2dc0, 0x000001aab29f2f08]
Event: 16.955 Thread 0x000001ab197aa930 10815       3       java.lang.Short::<init> (10 bytes)
Event: 16.955 Thread 0x000001ab197aa930 nmethod 10815 0x000001aab29f3010 code [0x000001aab29f31c0, 0x000001aab29f3398]
Event: 16.956 Thread 0x000001ab197ae3a0 10816       3       java.lang.Class::searchMethods (104 bytes)

GC Heap History (20 events):
Event: 12.563 GC heap after
{Heap after GC invocations=25 (full 0):
 garbage-first heap   total 143360K, used 61326K [0x0000000740000000, 0x0000000800000000)
  region size 2048K, 2 young (4096K), 2 survivors (4096K)
 Metaspace       used 63982K, committed 64640K, reserved 1114112K
  class space    used 8816K, committed 9152K, reserved 1048576K
}
Event: 12.591 GC heap before
{Heap before GC invocations=25 (full 0):
 garbage-first heap   total 143360K, used 85902K [0x0000000740000000, 0x0000000800000000)
  region size 2048K, 4 young (8192K), 2 survivors (4096K)
 Metaspace       used 63996K, committed 64640K, reserved 1114112K
  class space    used 8816K, committed 9152K, reserved 1048576K
}
Event: 12.593 GC heap after
{Heap after GC invocations=26 (full 0):
 garbage-first heap   total 143360K, used 61396K [0x0000000740000000, 0x0000000800000000)
  region size 2048K, 2 young (4096K), 2 survivors (4096K)
 Metaspace       used 63996K, committed 64640K, reserved 1114112K
  class space    used 8816K, committed 9152K, reserved 1048576K
}
Event: 12.598 GC heap before
{Heap before GC invocations=26 (full 0):
 garbage-first heap   total 143360K, used 63444K [0x0000000740000000, 0x0000000800000000)
  region size 2048K, 3 young (6144K), 2 survivors (4096K)
 Metaspace       used 63996K, committed 64640K, reserved 1114112K
  class space    used 8816K, committed 9152K, reserved 1048576K
}
Event: 12.600 GC heap after
{Heap after GC invocations=27 (full 0):
 garbage-first heap   total 143360K, used 61577K [0x0000000740000000, 0x0000000800000000)
  region size 2048K, 3 young (6144K), 3 survivors (6144K)
 Metaspace       used 63996K, committed 64640K, reserved 1114112K
  class space    used 8816K, committed 9152K, reserved 1048576K
}
Event: 12.622 GC heap before
{Heap before GC invocations=27 (full 0):
 garbage-first heap   total 143360K, used 84105K [0x0000000740000000, 0x0000000800000000)
  region size 2048K, 4 young (8192K), 3 survivors (6144K)
 Metaspace       used 64000K, committed 64704K, reserved 1114112K
  class space    used 8817K, committed 9152K, reserved 1048576K
}
Event: 12.625 GC heap after
{Heap after GC invocations=28 (full 0):
 garbage-first heap   total 143360K, used 61586K [0x0000000740000000, 0x0000000800000000)
  region size 2048K, 3 young (6144K), 3 survivors (6144K)
 Metaspace       used 64000K, committed 64704K, reserved 1114112K
  class space    used 8817K, committed 9152K, reserved 1048576K
}
Event: 14.087 GC heap before
{Heap before GC invocations=28 (full 0):
 garbage-first heap   total 143360K, used 125074K [0x0000000740000000, 0x0000000800000000)
  region size 2048K, 31 young (63488K), 3 survivors (6144K)
 Metaspace       used 66702K, committed 67392K, reserved 1114112K
  class space    used 9259K, committed 9536K, reserved 1048576K
}
Event: 14.092 GC heap after
{Heap after GC invocations=29 (full 0):
 garbage-first heap   total 294912K, used 66671K [0x0000000740000000, 0x0000000800000000)
  region size 2048K, 4 young (8192K), 4 survivors (8192K)
 Metaspace       used 66702K, committed 67392K, reserved 1114112K
  class space    used 9259K, committed 9536K, reserved 1048576K
}
Event: 15.033 GC heap before
{Heap before GC invocations=29 (full 0):
 garbage-first heap   total 294912K, used 291951K [0x0000000740000000, 0x0000000800000000)
  region size 2048K, 82 young (167936K), 4 survivors (8192K)
 Metaspace       used 71016K, committed 71744K, reserved 1114112K
  class space    used 9914K, committed 10240K, reserved 1048576K
}
Event: 15.056 GC heap after
{Heap after GC invocations=30 (full 0):
 garbage-first heap   total 372736K, used 136562K [0x0000000740000000, 0x0000000800000000)
  region size 2048K, 11 young (22528K), 11 survivors (22528K)
 Metaspace       used 71016K, committed 71744K, reserved 1114112K
  class space    used 9914K, committed 10240K, reserved 1048576K
}
Event: 15.198 GC heap before
{Heap before GC invocations=30 (full 0):
 garbage-first heap   total 372736K, used 249202K [0x0000000740000000, 0x0000000800000000)
  region size 2048K, 66 young (135168K), 11 survivors (22528K)
 Metaspace       used 71154K, committed 71936K, reserved 1114112K
  class space    used 9929K, committed 10304K, reserved 1048576K
}
Event: 15.219 GC heap after
{Heap after GC invocations=31 (full 0):
 garbage-first heap   total 372736K, used 201815K [0x0000000740000000, 0x0000000800000000)
  region size 2048K, 9 young (18432K), 9 survivors (18432K)
 Metaspace       used 71154K, committed 71936K, reserved 1114112K
  class space    used 9929K, committed 10304K, reserved 1048576K
}
Event: 15.375 GC heap before
{Heap before GC invocations=31 (full 0):
 garbage-first heap   total 372736K, used 263255K [0x0000000740000000, 0x0000000800000000)
  region size 2048K, 39 young (79872K), 9 survivors (18432K)
 Metaspace       used 71234K, committed 72000K, reserved 1114112K
  class space    used 9938K, committed 10304K, reserved 1048576K
}
Event: 15.387 GC heap after
{Heap after GC invocations=32 (full 0):
 garbage-first heap   total 372736K, used 231424K [0x0000000740000000, 0x0000000800000000)
  region size 2048K, 5 young (10240K), 5 survivors (10240K)
 Metaspace       used 71234K, committed 72000K, reserved 1114112K
  class space    used 9938K, committed 10304K, reserved 1048576K
}
Event: 15.486 GC heap before
{Heap before GC invocations=32 (full 0):
 garbage-first heap   total 444416K, used 276480K [0x0000000740000000, 0x0000000800000000)
  region size 2048K, 28 young (57344K), 5 survivors (10240K)
 Metaspace       used 71231K, committed 72000K, reserved 1114112K
  class space    used 9937K, committed 10304K, reserved 1048576K
}
Event: 15.490 GC heap after
{Heap after GC invocations=33 (full 0):
 garbage-first heap   total 444416K, used 241642K [0x0000000740000000, 0x0000000800000000)
  region size 2048K, 4 young (8192K), 4 survivors (8192K)
 Metaspace       used 71231K, committed 72000K, reserved 1114112K
  class space    used 9937K, committed 10304K, reserved 1048576K
}
Event: 15.612 GC heap before
{Heap before GC invocations=34 (full 0):
 garbage-first heap   total 444416K, used 315370K [0x0000000740000000, 0x0000000800000000)
  region size 2048K, 40 young (81920K), 4 survivors (8192K)
 Metaspace       used 71231K, committed 72000K, reserved 1114112K
  class space    used 9937K, committed 10304K, reserved 1048576K
}
Event: 15.616 GC heap after
{Heap after GC invocations=35 (full 0):
 garbage-first heap   total 444416K, used 251359K [0x0000000740000000, 0x0000000800000000)
  region size 2048K, 5 young (10240K), 5 survivors (10240K)
 Metaspace       used 71231K, committed 72000K, reserved 1114112K
  class space    used 9937K, committed 10304K, reserved 1048576K
}
Event: 16.956 GC heap before
{Heap before GC invocations=35 (full 0):
 garbage-first heap   total 444416K, used 261599K [0x0000000740000000, 0x0000000800000000)
  region size 2048K, 10 young (20480K), 5 survivors (10240K)
 Metaspace       used 71945K, committed 72704K, reserved 1114112K
  class space    used 10066K, committed 10432K, reserved 1048576K
}

Dll operation events (15 events):
Event: 0.007 Loaded shared library D:\JAVA\JAVA_17\bin\java.dll
Event: 0.018 Loaded shared library D:\JAVA\JAVA_17\bin\jsvml.dll
Event: 0.050 Loaded shared library D:\JAVA\JAVA_17\bin\zip.dll
Event: 0.053 Loaded shared library D:\JAVA\JAVA_17\bin\instrument.dll
Event: 0.056 Loaded shared library D:\JAVA\JAVA_17\bin\net.dll
Event: 0.058 Loaded shared library D:\JAVA\JAVA_17\bin\nio.dll
Event: 0.060 Loaded shared library D:\JAVA\JAVA_17\bin\zip.dll
Event: 0.261 Loaded shared library D:\JAVA\JAVA_17\bin\jimage.dll
Event: 0.333 Loaded shared library D:\JAVA\JAVA_17\bin\verify.dll
Event: 0.442 Loaded shared library C:\Users\Lenovo\.gradle\native\c067742578af261105cb4f569cf0c3c89f3d7b1fecec35dd04571415982c5e48\windows-amd64\native-platform.dll
Event: 0.446 Loaded shared library C:\Users\Lenovo\.gradle\native\100fb08df4bc3b14c8652ba06237920a3bd2aa13389f12d3474272988ae205f9\windows-amd64\native-platform-file-events.dll
Event: 1.245 Loaded shared library D:\JAVA\JAVA_17\bin\management.dll
Event: 1.247 Loaded shared library D:\JAVA\JAVA_17\bin\management_ext.dll
Event: 1.373 Loaded shared library D:\JAVA\JAVA_17\bin\extnet.dll
Event: 1.708 Loaded shared library D:\JAVA\JAVA_17\bin\sunmscapi.dll

Deoptimization events (20 events):
Event: 16.917 Thread 0x000001ab144a2180 Uncommon trap: trap_request=0xffffffde fr.pc=0x000001aab9662794 relative=0x0000000000000274
Event: 16.917 Thread 0x000001ab144a2180 Uncommon trap: reason=class_check action=maybe_recompile pc=0x000001aab9662794 method=java.util.concurrent.locks.ReentrantLock$Sync.lock()V @ 1 c2
Event: 16.917 Thread 0x000001ab144a2180 DEOPT PACKING pc=0x000001aab9662794 sp=0x00000019a90feed0
Event: 16.917 Thread 0x000001ab144a2180 DEOPT UNPACKING pc=0x000001aab8d369a3 sp=0x00000019a90fee30 mode 2
Event: 16.918 Thread 0x000001ab144a2180 Uncommon trap: trap_request=0xffffff45 fr.pc=0x000001aab9431d48 relative=0x0000000000000048
Event: 16.918 Thread 0x000001ab144a2180 Uncommon trap: reason=unstable_if action=reinterpret pc=0x000001aab9431d48 method=java.lang.Thread.interrupted()Z @ 10 c2
Event: 16.918 Thread 0x000001ab144a2180 DEOPT PACKING pc=0x000001aab9431d48 sp=0x00000019a90ff090
Event: 16.918 Thread 0x000001ab144a2180 DEOPT UNPACKING pc=0x000001aab8d369a3 sp=0x00000019a90ff020 mode 2
Event: 16.919 Thread 0x000001ab13df2820 Uncommon trap: trap_request=0xffffffde fr.pc=0x000001aab9662794 relative=0x0000000000000274
Event: 16.919 Thread 0x000001ab13df2820 Uncommon trap: reason=class_check action=maybe_recompile pc=0x000001aab9662794 method=java.util.concurrent.locks.ReentrantLock$Sync.lock()V @ 1 c2
Event: 16.920 Thread 0x000001ab13df2820 DEOPT PACKING pc=0x000001aab9662794 sp=0x00000019b1dfebc0
Event: 16.920 Thread 0x000001ab13df2820 DEOPT UNPACKING pc=0x000001aab8d369a3 sp=0x00000019b1dfeb20 mode 2
Event: 16.921 Thread 0x000001ab144a44f0 Uncommon trap: trap_request=0xffffffde fr.pc=0x000001aab9662794 relative=0x0000000000000274
Event: 16.921 Thread 0x000001ab144a44f0 Uncommon trap: reason=class_check action=maybe_recompile pc=0x000001aab9662794 method=java.util.concurrent.locks.ReentrantLock$Sync.lock()V @ 1 c2
Event: 16.921 Thread 0x000001ab144a44f0 DEOPT PACKING pc=0x000001aab9662794 sp=0x00000019a93fecb0
Event: 16.921 Thread 0x000001ab144a44f0 DEOPT UNPACKING pc=0x000001aab8d369a3 sp=0x00000019a93fec10 mode 2
Event: 16.922 Thread 0x000001ab144a2690 Uncommon trap: trap_request=0xffffffde fr.pc=0x000001aab9662794 relative=0x0000000000000274
Event: 16.922 Thread 0x000001ab144a2690 Uncommon trap: reason=class_check action=maybe_recompile pc=0x000001aab9662794 method=java.util.concurrent.locks.ReentrantLock$Sync.lock()V @ 1 c2
Event: 16.922 Thread 0x000001ab144a2690 DEOPT PACKING pc=0x000001aab9662794 sp=0x00000019a8fff000
Event: 16.922 Thread 0x000001ab144a2690 DEOPT UNPACKING pc=0x000001aab8d369a3 sp=0x00000019a8ffef60 mode 2

Classes loaded (20 events):
Event: 14.850 Loading class org/xml/sax/ContentHandler
Event: 14.850 Loading class org/xml/sax/ContentHandler done
Event: 14.850 Loading class org/xml/sax/DTDHandler
Event: 14.850 Loading class org/xml/sax/DTDHandler done
Event: 14.858 Loading class java/util/Spliterators$IntArraySpliterator
Event: 14.858 Loading class java/util/Spliterators$IntArraySpliterator done
Event: 14.860 Loading class java/text/ParsePosition
Event: 14.860 Loading class java/text/ParsePosition done
Event: 14.866 Loading class java/text/CharacterIterator
Event: 14.866 Loading class java/text/CharacterIterator done
Event: 14.901 Loading class java/io/BufferedReader$1
Event: 14.901 Loading class java/io/BufferedReader$1 done
Event: 16.868 Loading class java/util/logging/LogRecord
Event: 16.869 Loading class java/util/logging/LogRecord done
Event: 16.944 Loading class java/lang/Throwable$PrintStreamOrWriter
Event: 16.944 Loading class java/lang/Throwable$PrintStreamOrWriter done
Event: 16.955 Loading class java/lang/Short$ShortCache
Event: 16.955 Loading class java/lang/Short$ShortCache done
Event: 16.955 Loading class java/io/SerialCallbackContext
Event: 16.955 Loading class java/io/SerialCallbackContext done

Classes unloaded (2 events):
Event: 15.454 Thread 0x000001aacb74bd90 Unloading class 0x000001aacd910800 'java/lang/invoke/LambdaForm$DMH+0x000001aacd910800'
Event: 15.454 Thread 0x000001aacb74bd90 Unloading class 0x000001aacd910400 'java/lang/invoke/LambdaForm$DMH+0x000001aacd910400'

Classes redefined (0 events):
No events

Internal exceptions (20 events):
Event: 14.680 Thread 0x000001ab13df13e0 Exception <a 'java/lang/NoSuchMethodError'{0x000000074f4fafe8}: 'int java.lang.invoke.DirectMethodHandle$Holder.invokeSpecial(java.lang.Object, java.lang.Object, java.lang.Object, java.lang.Object, java.lang.Object)'> (0x000000074f4fafe8) 
thrown [s\src\hotspot\share\interpreter\linkResolver.cpp, line 759]
Event: 14.818 Thread 0x000001ab13df13e0 Exception <a 'java/lang/ClassNotFoundException'{0x000000074f1841c0}: java/lang/BooleanBeanInfo> (0x000000074f1841c0) 
thrown [s\src\hotspot\share\classfile\systemDictionary.cpp, line 256]
Event: 14.818 Thread 0x000001ab13df13e0 Exception <a 'java/lang/ClassNotFoundException'{0x000000074f186a90}: java/lang/BooleanCustomizer> (0x000000074f186a90) 
thrown [s\src\hotspot\share\classfile\systemDictionary.cpp, line 256]
Event: 14.851 Thread 0x000001ab13df13e0 Exception <a 'java/lang/IncompatibleClassChangeError'{0x000000074efb33a0}: Found class java.lang.Object, but interface was expected> (0x000000074efb33a0) 
thrown [s\src\hotspot\share\interpreter\linkResolver.cpp, line 826]
Event: 14.876 Thread 0x000001ab13df13e0 Exception <a 'java/lang/ClassNotFoundException'{0x000000074ed5eb08}: org/gradle/api/internal/project/DefaultAntBuilderBeanInfo> (0x000000074ed5eb08) 
thrown [s\src\hotspot\share\classfile\systemDictionary.cpp, line 256]
Event: 14.876 Thread 0x000001ab13df13e0 Exception <a 'java/lang/ClassNotFoundException'{0x000000074ed72418}: org/gradle/api/internal/project/ant/BasicAntBuilderBeanInfo> (0x000000074ed72418) 
thrown [s\src\hotspot\share\classfile\systemDictionary.cpp, line 256]
Event: 14.877 Thread 0x000001ab13df13e0 Exception <a 'java/lang/ClassNotFoundException'{0x000000074ed85348}: org/gradle/api/AntBuilderBeanInfo> (0x000000074ed85348) 
thrown [s\src\hotspot\share\classfile\systemDictionary.cpp, line 256]
Event: 14.877 Thread 0x000001ab13df13e0 Exception <a 'java/lang/ClassNotFoundException'{0x000000074ed99418}: groovy/ant/AntBuilderBeanInfo> (0x000000074ed99418) 
thrown [s\src\hotspot\share\classfile\systemDictionary.cpp, line 256]
Event: 14.878 Thread 0x000001ab13df13e0 Exception <a 'java/lang/ClassNotFoundException'{0x000000074ede2118}: groovy/util/BuilderSupportBeanInfo> (0x000000074ede2118) 
thrown [s\src\hotspot\share\classfile\systemDictionary.cpp, line 256]
Event: 14.878 Thread 0x000001ab13df13e0 Exception <a 'java/lang/ClassNotFoundException'{0x000000074ea2b078}: groovy/util/BuilderSupportCustomizer> (0x000000074ea2b078) 
thrown [s\src\hotspot\share\classfile\systemDictionary.cpp, line 256]
Event: 14.879 Thread 0x000001ab13df13e0 Exception <a 'java/lang/ClassNotFoundException'{0x000000074ea41c10}: groovy/ant/AntBuilderCustomizer> (0x000000074ea41c10) 
thrown [s\src\hotspot\share\classfile\systemDictionary.cpp, line 256]
Event: 14.880 Thread 0x000001ab13df13e0 Exception <a 'java/lang/ClassNotFoundException'{0x000000074ea59568}: org/gradle/api/AntBuilderCustomizer> (0x000000074ea59568) 
thrown [s\src\hotspot\share\classfile\systemDictionary.cpp, line 256]
Event: 14.881 Thread 0x000001ab13df13e0 Exception <a 'java/lang/ClassNotFoundException'{0x000000074ea782a8}: org/gradle/api/internal/project/ant/BasicAntBuilderCustomizer> (0x000000074ea782a8) 
thrown [s\src\hotspot\share\classfile\systemDictionary.cpp, line 256]
Event: 14.881 Thread 0x000001ab13df13e0 Exception <a 'java/lang/ClassNotFoundException'{0x000000074ea9e7d0}: org/gradle/api/internal/project/DefaultAntBuilderCustomizer> (0x000000074ea9e7d0) 
thrown [s\src\hotspot\share\classfile\systemDictionary.cpp, line 256]
Event: 15.103 Thread 0x000001ab13df13e0 Exception <a 'java/lang/NoSuchMethodError'{0x000000074f58d918}: 'void java.lang.invoke.DirectMethodHandle$Holder.invokeStatic(java.lang.Object, java.lang.Object, int, int, java.lang.Object)'> (0x000000074f58d918) 
thrown [s\src\hotspot\share\interpreter\linkResolver.cpp, line 759]
Event: 15.274 Thread 0x000001ab13df13e0 Exception <a 'java/lang/NoSuchMethodError'{0x0000000751826940}: 'java.lang.Object java.lang.invoke.DirectMethodHandle$Holder.newInvokeSpecial(java.lang.Object, java.lang.Object, java.lang.Object, int, java.lang.Object)'> (0x0000000751826940) 
thrown [s\src\hotspot\share\interpreter\linkResolver.cpp, line 759]
Event: 15.275 Thread 0x000001ab13df13e0 Exception <a 'java/lang/NoSuchMethodError'{0x000000075182ae28}: 'java.lang.Object java.lang.invoke.Invokers$Holder.linkToTargetMethod(java.lang.Object, java.lang.Object, int, java.lang.Object, java.lang.Object)'> (0x000000075182ae28) 
thrown [s\src\hotspot\share\interpreter\linkResolver.cpp, line 759]
Event: 15.626 Thread 0x000001ab13df13e0 Exception <a 'sun/nio/fs/WindowsException'{0x00000007579afdf8}> (0x00000007579afdf8) 
thrown [s\src\hotspot\share\prims\jni.cpp, line 516]
Event: 16.836 Thread 0x000001ab13df13e0 Exception <a 'java/lang/reflect/InvocationTargetException'{0x000000075744ea40}> (0x000000075744ea40) 
thrown [s\src\hotspot\share\runtime\reflection.cpp, line 1128]
Event: 16.893 Thread 0x000001ab12e66250 Exception <a 'java/lang/NoSuchMethodError'{0x0000000757586738}: 'void java.lang.invoke.DirectMethodHandle$Holder.invokeStatic(java.lang.Object, int, java.lang.Object)'> (0x0000000757586738) 
thrown [s\src\hotspot\share\interpreter\linkResolver.cpp, line 759]

VM Operations (20 events):
Event: 15.388 Executing VM operation: G1CollectForAllocation done
Event: 15.453 Executing VM operation: G1PauseRemark
Event: 15.466 Executing VM operation: G1PauseRemark done
Event: 15.485 Executing VM operation: G1CollectForAllocation
Event: 15.490 Executing VM operation: G1CollectForAllocation done
Event: 15.503 Executing VM operation: G1PauseCleanup
Event: 15.503 Executing VM operation: G1PauseCleanup done
Event: 15.612 Executing VM operation: G1CollectForAllocation
Event: 15.616 Executing VM operation: G1CollectForAllocation done
Event: 15.743 Executing VM operation: HandshakeAllThreads
Event: 15.743 Executing VM operation: HandshakeAllThreads done
Event: 16.753 Executing VM operation: Cleanup
Event: 16.832 Executing VM operation: Cleanup done
Event: 16.835 Executing VM operation: HandshakeAllThreads
Event: 16.835 Executing VM operation: HandshakeAllThreads done
Event: 16.843 Executing VM operation: HandshakeAllThreads
Event: 16.843 Executing VM operation: HandshakeAllThreads done
Event: 16.892 Executing VM operation: HandshakeAllThreads
Event: 16.892 Executing VM operation: HandshakeAllThreads done
Event: 16.956 Executing VM operation: G1CollectForAllocation

Memory protections (0 events):
No events

Nmethod flushes (20 events):
Event: 12.959 Thread 0x000001aacb778c10 flushing  nmethod 0x000001aab26d1f10
Event: 12.959 Thread 0x000001aacb778c10 flushing  nmethod 0x000001aab270b310
Event: 12.959 Thread 0x000001aacb778c10 flushing  nmethod 0x000001aab2717a90
Event: 12.959 Thread 0x000001aacb778c10 flushing  nmethod 0x000001aab2758190
Event: 12.959 Thread 0x000001aacb778c10 flushing  nmethod 0x000001aab275a090
Event: 12.959 Thread 0x000001aacb778c10 flushing  nmethod 0x000001aab275a510
Event: 12.959 Thread 0x000001aacb778c10 flushing  nmethod 0x000001aab275ad10
Event: 12.959 Thread 0x000001aacb778c10 flushing  nmethod 0x000001aab275bb10
Event: 12.960 Thread 0x000001aacb778c10 flushing  nmethod 0x000001aab278de90
Event: 12.960 Thread 0x000001aacb778c10 flushing  nmethod 0x000001aab278e290
Event: 12.960 Thread 0x000001aacb778c10 flushing  nmethod 0x000001aab2790310
Event: 12.960 Thread 0x000001aacb778c10 flushing  nmethod 0x000001aab2790690
Event: 12.960 Thread 0x000001aacb778c10 flushing  nmethod 0x000001aab2792110
Event: 12.960 Thread 0x000001aacb778c10 flushing  nmethod 0x000001aab281ae90
Event: 15.761 Thread 0x000001aacb778c10 flushing  nmethod 0x000001aab1f25c90
Event: 15.761 Thread 0x000001aacb778c10 flushing  nmethod 0x000001aab1fed810
Event: 15.763 Thread 0x000001aacb778c10 flushing  nmethod 0x000001aab2121b10
Event: 15.763 Thread 0x000001aacb778c10 flushing  nmethod 0x000001aab2124410
Event: 15.763 Thread 0x000001aacb778c10 flushing  nmethod 0x000001aab2124790
Event: 15.773 Thread 0x000001aacb778c10 flushing  nmethod 0x000001aab2544f90

Events (20 events):
Event: 16.922 Thread 0x000001ab144a2690 Thread exited: 0x000001ab144a2690
Event: 16.925 Thread 0x000001ab13dee140 Thread exited: 0x000001ab13dee140
Event: 16.925 Thread 0x000001ab13dee650 Thread exited: 0x000001ab13dee650
Event: 16.926 Thread 0x000001ab13df3c60 Thread exited: 0x000001ab13df3c60
Event: 16.926 Thread 0x000001ab13ded720 Thread exited: 0x000001ab13ded720
Event: 16.926 Thread 0x000001ab13ded210 Thread exited: 0x000001ab13ded210
Event: 16.926 Thread 0x000001ab13df1e00 Thread exited: 0x000001ab13df1e00
Event: 16.926 Thread 0x000001ab13df2310 Thread exited: 0x000001ab13df2310
Event: 16.926 Thread 0x000001ab13df3240 Thread exited: 0x000001ab13df3240
Event: 16.926 Thread 0x000001ab13df0ed0 Thread exited: 0x000001ab13df0ed0
Event: 16.926 Thread 0x000001ab13df13e0 Thread exited: 0x000001ab13df13e0
Event: 16.926 Thread 0x000001ab13dedc30 Thread exited: 0x000001ab13dedc30
Event: 16.926 Thread 0x000001ab13df18f0 Thread exited: 0x000001ab13df18f0
Event: 16.926 Thread 0x000001ab13df04b0 Thread exited: 0x000001ab13df04b0
Event: 16.926 Thread 0x000001ab13df09c0 Thread exited: 0x000001ab13df09c0
Event: 16.926 Thread 0x000001ab13def070 Thread exited: 0x000001ab13def070
Event: 16.926 Thread 0x000001ab13dec7f0 Thread exited: 0x000001ab13dec7f0
Event: 16.926 Thread 0x000001ab13def580 Thread exited: 0x000001ab13def580
Event: 16.926 Thread 0x000001ab13defa90 Thread exited: 0x000001ab13defa90
Event: 16.926 Thread 0x000001ab13decd00 Thread exited: 0x000001ab13decd00


Dynamic libraries:
0x00007ff760330000 - 0x00007ff76033e000 	D:\JAVA\JAVA_17\bin\java.exe
0x00007ff966880000 - 0x00007ff966ae7000 	C:\WINDOWS\SYSTEM32\ntdll.dll
0x00007ff9664f0000 - 0x00007ff9665b9000 	C:\WINDOWS\System32\KERNEL32.DLL
0x00007ff963400000 - 0x00007ff9637f4000 	C:\WINDOWS\System32\KERNELBASE.dll
0x00007ff9644c0000 - 0x00007ff96460b000 	C:\WINDOWS\System32\ucrtbase.dll
0x00007ff904b20000 - 0x00007ff904b38000 	D:\JAVA\JAVA_17\bin\jli.dll
0x00007ff8e6e50000 - 0x00007ff8e6e6e000 	D:\JAVA\JAVA_17\bin\VCRUNTIME140.dll
0x00007ff9655e0000 - 0x00007ff9657a5000 	C:\WINDOWS\System32\USER32.dll
0x00007ff963150000 - 0x00007ff963177000 	C:\WINDOWS\System32\win32u.dll
0x00007ff964df0000 - 0x00007ff964e1b000 	C:\WINDOWS\System32\GDI32.dll
0x00007ff941b30000 - 0x00007ff941dc3000 	C:\WINDOWS\WinSxS\amd64_microsoft.windows.common-controls_6595b64144ccf1df_6.0.26100.8115_none_3e075c82e3354f9c\COMCTL32.dll
0x00007ff963180000 - 0x00007ff9632ab000 	C:\WINDOWS\System32\gdi32full.dll
0x00007ff965f80000 - 0x00007ff966029000 	C:\WINDOWS\System32\msvcrt.dll
0x00007ff964410000 - 0x00007ff9644b3000 	C:\WINDOWS\System32\msvcp_win.dll
0x00007ff9654d0000 - 0x00007ff965502000 	C:\WINDOWS\System32\IMM32.DLL
0x00007ff926da0000 - 0x00007ff926dac000 	D:\JAVA\JAVA_17\bin\vcruntime140_1.dll
0x00007ff8ceee0000 - 0x00007ff8cef69000 	D:\JAVA\JAVA_17\bin\msvcp140.dll
0x00007ff892a10000 - 0x00007ff89368a000 	D:\JAVA\JAVA_17\bin\server\jvm.dll
0x00007ff964750000 - 0x00007ff964806000 	C:\WINDOWS\System32\ADVAPI32.dll
0x00007ff964610000 - 0x00007ff9646b7000 	C:\WINDOWS\System32\sechost.dll
0x00007ff966130000 - 0x00007ff966248000 	C:\WINDOWS\System32\RPCRT4.dll
0x00007ff9665c0000 - 0x00007ff966640000 	C:\WINDOWS\System32\WS2_32.dll
0x00007ff962e00000 - 0x00007ff962e5e000 	C:\WINDOWS\SYSTEM32\POWRPROF.dll
0x00007ff953fd0000 - 0x00007ff954006000 	C:\WINDOWS\SYSTEM32\WINMM.dll
0x00007ff95c9d0000 - 0x00007ff95c9db000 	C:\WINDOWS\SYSTEM32\VERSION.dll
0x00007ff962de0000 - 0x00007ff962df4000 	C:\WINDOWS\SYSTEM32\UMPDC.dll
0x00007ff961ee0000 - 0x00007ff961efb000 	C:\WINDOWS\SYSTEM32\kernel.appcore.dll
0x00007ff926480000 - 0x00007ff92648a000 	D:\JAVA\JAVA_17\bin\jimage.dll
0x00007ff960b80000 - 0x00007ff960dc2000 	C:\WINDOWS\SYSTEM32\DBGHELP.DLL
0x00007ff964f20000 - 0x00007ff9652a2000 	C:\WINDOWS\System32\combase.dll
0x00007ff966050000 - 0x00007ff966128000 	C:\WINDOWS\System32\OLEAUT32.dll
0x00007ff94a8f0000 - 0x00007ff94a92b000 	C:\WINDOWS\SYSTEM32\dbgcore.DLL
0x00007ff964360000 - 0x00007ff964405000 	C:\WINDOWS\System32\bcryptPrimitives.dll
0x00007ff909970000 - 0x00007ff90997f000 	D:\JAVA\JAVA_17\bin\instrument.dll
0x00007ff8e6340000 - 0x00007ff8e6366000 	D:\JAVA\JAVA_17\bin\java.dll
0x00007ff8c4500000 - 0x00007ff8c45d6000 	D:\JAVA\JAVA_17\bin\jsvml.dll
0x00007ff9657c0000 - 0x00007ff965f27000 	C:\WINDOWS\System32\SHELL32.dll
0x00007ff964070000 - 0x00007ff9641da000 	C:\WINDOWS\System32\wintypes.dll
0x00007ff963800000 - 0x00007ff964068000 	C:\WINDOWS\System32\windows.storage.dll
0x00007ff964e20000 - 0x00007ff964f18000 	C:\WINDOWS\System32\SHCORE.dll
0x00007ff965510000 - 0x00007ff965576000 	C:\WINDOWS\System32\shlwapi.dll
0x00007ff963070000 - 0x00007ff963099000 	C:\WINDOWS\SYSTEM32\profapi.dll
0x00007ff8e6320000 - 0x00007ff8e6338000 	D:\JAVA\JAVA_17\bin\zip.dll
0x00007ff8e6010000 - 0x00007ff8e602b000 	D:\JAVA\JAVA_17\bin\net.dll
0x00007ff95bfc0000 - 0x00007ff95c0ed000 	C:\WINDOWS\SYSTEM32\WINHTTP.dll
0x00007ff962440000 - 0x00007ff9624ac000 	C:\WINDOWS\system32\mswsock.dll
0x00007ff8e5760000 - 0x00007ff8e5776000 	D:\JAVA\JAVA_17\bin\nio.dll
0x00007ff909900000 - 0x00007ff909910000 	D:\JAVA\JAVA_17\bin\verify.dll
0x00007ff8ec860000 - 0x00007ff8ec887000 	C:\Users\Lenovo\.gradle\native\c067742578af261105cb4f569cf0c3c89f3d7b1fecec35dd04571415982c5e48\windows-amd64\native-platform.dll
0x00007ff8c3730000 - 0x00007ff8c3874000 	C:\Users\Lenovo\.gradle\native\100fb08df4bc3b14c8652ba06237920a3bd2aa13389f12d3474272988ae205f9\windows-amd64\native-platform-file-events.dll
0x00007ff9098b0000 - 0x00007ff9098ba000 	D:\JAVA\JAVA_17\bin\management.dll
0x00007ff9094e0000 - 0x00007ff9094ec000 	D:\JAVA\JAVA_17\bin\management_ext.dll
0x00007ff966650000 - 0x00007ff966658000 	C:\WINDOWS\System32\PSAPI.DLL
0x00007ff962720000 - 0x00007ff96273b000 	C:\WINDOWS\SYSTEM32\CRYPTSP.dll
0x00007ff961e40000 - 0x00007ff961e79000 	C:\WINDOWS\system32\rsaenh.dll
0x00007ff9624f0000 - 0x00007ff962523000 	C:\WINDOWS\SYSTEM32\USERENV.dll
0x00007ff963040000 - 0x00007ff96306a000 	C:\WINDOWS\SYSTEM32\bcrypt.dll
0x00007ff962d80000 - 0x00007ff962d8c000 	C:\WINDOWS\SYSTEM32\CRYPTBASE.dll
0x00007ff9619e0000 - 0x00007ff961a12000 	C:\WINDOWS\SYSTEM32\IPHLPAPI.DLL
0x00007ff9646c0000 - 0x00007ff9646ca000 	C:\WINDOWS\System32\NSI.dll
0x00007ff95c9a0000 - 0x00007ff95c9bd000 	C:\WINDOWS\SYSTEM32\dhcpcsvc6.DLL
0x00007ff95c970000 - 0x00007ff95c995000 	C:\WINDOWS\SYSTEM32\dhcpcsvc.DLL
0x00007ff961a20000 - 0x00007ff961b52000 	C:\WINDOWS\SYSTEM32\DNSAPI.dll
0x00007ff907830000 - 0x00007ff907839000 	D:\JAVA\JAVA_17\bin\extnet.dll
0x00007ff8ef210000 - 0x00007ff8ef21e000 	D:\JAVA\JAVA_17\bin\sunmscapi.dll
0x00007ff9641e0000 - 0x00007ff964357000 	C:\WINDOWS\System32\CRYPT32.dll
0x00007ff962930000 - 0x00007ff962960000 	C:\WINDOWS\SYSTEM32\ncrypt.dll
0x00007ff9628e0000 - 0x00007ff96291f000 	C:\WINDOWS\SYSTEM32\NTASN1.dll
0x00007ff940520000 - 0x00007ff940528000 	C:\WINDOWS\system32\wshunix.dll
0x00007ff95c9c0000 - 0x00007ff95c9cb000 	C:\Windows\System32\rasadhlp.dll
0x00007ff95d1d0000 - 0x00007ff95d256000 	C:\WINDOWS\System32\fwpuclnt.dll

dbghelp: loaded successfully - version: 4.0.5 - missing functions: none
symbol engine: initialized successfully - sym options: 0x614 - pdb path: .;D:\JAVA\JAVA_17\bin;C:\WINDOWS\SYSTEM32;C:\WINDOWS\WinSxS\amd64_microsoft.windows.common-controls_6595b64144ccf1df_6.0.26100.8115_none_3e075c82e3354f9c;D:\JAVA\JAVA_17\bin\server;C:\Users\Lenovo\.gradle\native\c067742578af261105cb4f569cf0c3c89f3d7b1fecec35dd04571415982c5e48\windows-amd64;C:\Users\Lenovo\.gradle\native\100fb08df4bc3b14c8652ba06237920a3bd2aa13389f12d3474272988ae205f9\windows-amd64

VM Arguments:
jvm_args: --add-opens=java.base/java.util=ALL-UNNAMED --add-opens=java.base/java.lang=ALL-UNNAMED --add-opens=java.base/java.lang.invoke=ALL-UNNAMED --add-opens=java.prefs/java.util.prefs=ALL-UNNAMED --add-opens=java.base/java.nio.charset=ALL-UNNAMED --add-opens=java.base/java.net=ALL-UNNAMED --add-opens=java.base/java.util.concurrent.atomic=ALL-UNNAMED -Xmx3G -Dfile.encoding=UTF-8 -Duser.country=CN -Duser.language=zh -Duser.variant -javaagent:C:\Users\Lenovo\.gradle\wrapper\dists\gradle-8.8-bin\dl7vupf4psengwqhwktix4v1\gradle-8.8\lib\agents\gradle-instrumentation-agent-8.8.jar 
java_command: org.gradle.launcher.daemon.bootstrap.GradleDaemon 8.8
java_class_path (initial): C:\Users\Lenovo\.gradle\wrapper\dists\gradle-8.8-bin\dl7vupf4psengwqhwktix4v1\gradle-8.8\lib\gradle-launcher-8.8.jar
Launcher Type: SUN_STANDARD

[Global flags]
     intx CICompilerCount                          = 12                                        {product} {ergonomic}
     uint ConcGCThreads                            = 4                                         {product} {ergonomic}
     uint G1ConcRefinementThreads                  = 15                                        {product} {ergonomic}
   size_t G1HeapRegionSize                         = 2097152                                   {product} {ergonomic}
    uintx GCDrainStackTargetSize                   = 64                                        {product} {ergonomic}
   size_t InitialHeapSize                          = 266338304                                 {product} {ergonomic}
   size_t MarkStackSize                            = 4194304                                   {product} {ergonomic}
   size_t MaxHeapSize                              = 3221225472                                {product} {command line}
   size_t MaxNewSize                               = 1931476992                                {product} {ergonomic}
   size_t MinHeapDeltaBytes                        = 2097152                                   {product} {ergonomic}
   size_t MinHeapSize                              = 8388608                                   {product} {ergonomic}
    uintx NonNMethodCodeHeapSize                   = 7602480                                {pd product} {ergonomic}
    uintx NonProfiledCodeHeapSize                  = 122027880                              {pd product} {ergonomic}
    uintx ProfiledCodeHeapSize                     = 122027880                              {pd product} {ergonomic}
    uintx ReservedCodeCacheSize                    = 251658240                              {pd product} {ergonomic}
     bool SegmentedCodeCache                       = true                                      {product} {ergonomic}
   size_t SoftMaxHeapSize                          = 3221225472                             {manageable} {ergonomic}
     bool UseCompressedClassPointers               = true                           {product lp64_product} {ergonomic}
     bool UseCompressedOops                        = true                           {product lp64_product} {ergonomic}
     bool UseG1GC                                  = true                                      {product} {ergonomic}
     bool UseLargePagesIndividualAllocation        = false                                  {pd product} {ergonomic}

Logging:
Log output configuration:
 #0: stdout all=warning uptime,level,tags
 #1: stderr all=off uptime,level,tags

Environment Variables:
PATH=C:\Users\Lenovo\bin;D:\git\Git\mingw64\bin;D:\git\Git\usr\local\bin;D:\git\Git\usr\bin;D:\git\Git\usr\bin;D:\git\Git\mingw64\bin;D:\git\Git\usr\bin;C:\Users\Lenovo\bin;D:\Kubejs±‡“Î»Ìº˛\Microsoft VS Code;C:\Program Files\Common Files\Oracle\Java\javapath;C:\Program Files (x86)\Common Files\Oracle\Java\javapath;C:\ProgramData\Oracle\Java\javapath;C:\Windows\system32;C:\Windows;C:\Windows\System32\Wbem;C:\Windows\System32\WindowsPowerShell\v1.0;C:\Windows\System32\OpenSSH;C:\Program Files (x86)\NVIDIA Corporation\PhysX\Common;C:\WINDOWS\system32;C:\WINDOWS;C:\WINDOWS\System32\Wbem;C:\WINDOWS\System32\WindowsPowerShell\v1.0;C:\WINDOWS\System32\OpenSSH;C:\Program Files\dotnet;C:\WINDOWS\system32\downlevel;D:\git\Git\cmd;C:\Users\Lenovo\AppData\Local\Microsoft\WindowsApps;D:\Kubejs±‡“Î»Ìº˛\Microsoft VS Code\bin;D:\git\Git\usr\bin\vendor_perl;D:\git\Git\usr\bin\core_perl
USERNAME=Lenovo
SHELL=D:\git\Git\usr\bin\bash.exe
TERM=xterm-256color
OS=Windows_NT
PROCESSOR_IDENTIFIER=Intel64 Family 6 Model 154 Stepping 3, GenuineIntel
TMP=C:\Users\Lenovo\AppData\Local\Temp
TEMP=C:\Users\Lenovo\AppData\Local\Temp



Periodic native trim disabled


---------------  S Y S T E M  ---------------

OS:
 Windows 11 , 64 bit Build 26100 (10.0.26100.8246)
OS uptime: 0 days 20:27 hours
Hyper-V role detected

CPU: total 20 (initial active 20) (10 cores per cpu, 2 threads per core) family 6 model 154 stepping 3 microcode 0x424, cx8, cmov, fxsr, ht, mmx, 3dnowpref, sse, sse2, sse3, ssse3, sse4.1, sse4.2, popcnt, lzcnt, tsc, tscinvbit, avx, avx2, aes, erms, clmul, bmi1, bmi2, adx, sha, fma, vzeroupper, clflush, clflushopt, clwb, hv
Processor Information for processor 0
  Max Mhz: 2300, Current Mhz: 2300, Mhz Limit: 2300
Processor Information for processor 1
  Max Mhz: 2300, Current Mhz: 2300, Mhz Limit: 2300
Processor Information for processor 2
  Max Mhz: 2300, Current Mhz: 2300, Mhz Limit: 2300
Processor Information for processor 3
  Max Mhz: 2300, Current Mhz: 1506, Mhz Limit: 2300
Processor Information for processor 4
  Max Mhz: 2300, Current Mhz: 2300, Mhz Limit: 2300
Processor Information for processor 5
  Max Mhz: 2300, Current Mhz: 2300, Mhz Limit: 2300
Processor Information for processor 6
  Max Mhz: 2300, Current Mhz: 2300, Mhz Limit: 2300
Processor Information for processor 7
  Max Mhz: 2300, Current Mhz: 2300, Mhz Limit: 2300
Processor Information for processor 8
  Max Mhz: 2300, Current Mhz: 2300, Mhz Limit: 2300
Processor Information for processor 9
  Max Mhz: 2300, Current Mhz: 2300, Mhz Limit: 2300
Processor Information for processor 10
  Max Mhz: 2300, Current Mhz: 2300, Mhz Limit: 2300
Processor Information for processor 11
  Max Mhz: 2300, Current Mhz: 2300, Mhz Limit: 2300
Processor Information for processor 12
  Max Mhz: 2300, Current Mhz: 1488, Mhz Limit: 2300
Processor Information for processor 13
  Max Mhz: 2300, Current Mhz: 2300, Mhz Limit: 2300
Processor Information for processor 14
  Max Mhz: 2300, Current Mhz: 2300, Mhz Limit: 2300
Processor Information for processor 15
  Max Mhz: 2300, Current Mhz: 2300, Mhz Limit: 2300
Processor Information for processor 16
  Max Mhz: 2300, Current Mhz: 1488, Mhz Limit: 2300
Processor Information for processor 17
  Max Mhz: 2300, Current Mhz: 2300, Mhz Limit: 2300
Processor Information for processor 18
  Max Mhz: 2300, Current Mhz: 2300, Mhz Limit: 2300
Processor Information for processor 19
  Max Mhz: 2300, Current Mhz: 2300, Mhz Limit: 2300

Memory: 4k page, system-wide physical 16193M (4255M free)
TotalPageFile size 41793M (AvailPageFile size 135M)
current process WorkingSet (physical memory assigned to process): 733M, peak: 776M
current process commit charge ("private bytes"): 793M, peak: 1167M

vm_info: OpenJDK 64-Bit Server VM (17.0.18+8-LTS) for windows-amd64 JRE (17.0.18+8-LTS), built on Jan 15 2026 18:50:45 by "MicrosoftCorporation" with MS VC++ 17.14 (VS2022)

END.
