#
# There is insufficient memory for the Java Runtime Environment to continue.
# Native memory allocation (mmap) failed to map 526385152 bytes. Error detail: G1 virtual space
# Possible reasons:
#   The system is out of physical RAM or swap space
#   This process is running with CompressedOops enabled, and the Java Heap may be blocking the growth of the native heap
# Possible solutions:
#   Reduce memory load on the system
#   Increase physical memory or swap space
#   Check if swap backing store is full
#   Decrease Java heap size (-Xmx/-Xms)
#   Decrease number of Java threads
#   Decrease Java thread stack sizes (-Xss)
#   Set larger code cache with -XX:ReservedCodeCacheSize=
#   JVM is running with Zero Based Compressed Oops mode in which the Java heap is
#     placed in the first 32GB address space. The Java Heap base address is the
#     maximum limit for the native heap growth. Please use -XX:HeapBaseMinAddress
#     to set the Java Heap base and to place the Java Heap above 32GB virtual address.
# This output file may be truncated or incomplete.
#
#  Out of Memory Error (os_windows.cpp:3690), pid=26932, tid=20664
#
# JRE version: OpenJDK Runtime Environment Microsoft-13106358 (17.0.18+8) (build 17.0.18+8-LTS)
# Java VM: OpenJDK 64-Bit Server VM Microsoft-13106358 (17.0.18+8-LTS, mixed mode, sharing, tiered, compressed oops, compressed class ptrs, g1 gc, windows-amd64)
# No core dump will be written. Minidumps are not enabled by default on client versions of Windows
#

---------------  S U M M A R Y ------------

Command Line: --add-opens=java.base/java.util=ALL-UNNAMED --add-opens=java.base/java.lang=ALL-UNNAMED --add-opens=java.base/java.lang.invoke=ALL-UNNAMED --add-opens=java.prefs/java.util.prefs=ALL-UNNAMED --add-opens=java.base/java.nio.charset=ALL-UNNAMED --add-opens=java.base/java.net=ALL-UNNAMED --add-opens=java.base/java.util.concurrent.atomic=ALL-UNNAMED -Xmx3G -Dfile.encoding=UTF-8 -Duser.country=CN -Duser.language=zh -Duser.variant -javaagent:C:\Users\Lenovo\.gradle\wrapper\dists\gradle-8.8-bin\dl7vupf4psengwqhwktix4v1\gradle-8.8\lib\agents\gradle-instrumentation-agent-8.8.jar org.gradle.launcher.daemon.bootstrap.GradleDaemon 8.8

Host: 12th Gen Intel(R) Core(TM) i7-12700H, 20 cores, 15G,  Windows 11 , 64 bit Build 26100 (10.0.26100.8246)
Time: Fri May  8 09:45:38 2026  Windows 11 , 64 bit Build 26100 (10.0.26100.8246) elapsed time: 21.207090 seconds (0d 0h 0m 21s)

---------------  T H R E A D  ---------------

Current thread (0x0000025ca2b23100):  VMThread "VM Thread" [stack: 0x000000d094600000,0x000000d094700000] [id=20664]

Stack: [0x000000d094600000,0x000000d094700000]
Native frames: (J=compiled Java code, j=interpreted, Vv=VM code, C=native code)
V  [jvm.dll+0x68c879]  (no source info available)
V  [jvm.dll+0x845979]  (no source info available)
V  [jvm.dll+0x8476e8]  (no source info available)
V  [jvm.dll+0x847d73]  (no source info available)
V  [jvm.dll+0x24cf6f]  (no source info available)
V  [jvm.dll+0x68bc79]  (no source info available)
V  [jvm.dll+0x68023a]  (no source info available)
V  [jvm.dll+0x3101a0]  (no source info available)
V  [jvm.dll+0x310042]  (no source info available)
V  [jvm.dll+0x317599]  (no source info available)
V  [jvm.dll+0x369999]  (no source info available)
V  [jvm.dll+0x369bcd]  (no source info available)
V  [jvm.dll+0x2e69aa]  (no source info available)
V  [jvm.dll+0x2e4da1]  (no source info available)
V  [jvm.dll+0x2e453c]  (no source info available)
V  [jvm.dll+0x328ecb]  (no source info available)
V  [jvm.dll+0x84c5fd]  (no source info available)
V  [jvm.dll+0x84d313]  (no source info available)
V  [jvm.dll+0x84d844]  (no source info available)
V  [jvm.dll+0x84dc28]  (no source info available)
V  [jvm.dll+0x84dd1e]  (no source info available)
V  [jvm.dll+0x7f5ebc]  (no source info available)
V  [jvm.dll+0x68de17]  (no source info available)
C  [ucrtbase.dll+0x37b0]  (no source info available)
C  [KERNEL32.DLL+0x2e8d7]  (no source info available)
C  [ntdll.dll+0x8c3fc]  (no source info available)

VM_Operation (0x000000d09f4f8f00): G1CollectForAllocation, mode: safepoint, requested by thread 0x0000025cf0b75f80


---------------  P R O C E S S  ---------------

Threads class SMR info:
_java_thread_list=0x0000025cedab0c40, length=202, elements={
0x0000025c81c5f700, 0x0000025ca2b28100, 0x0000025ca2b2abe0, 0x0000025ca2b42600,
0x0000025ca2b42ed0, 0x0000025ca2b437a0, 0x0000025ca2b44070, 0x0000025ca2b44c70,
0x0000025ca2b45580, 0x0000025ca2b45e90, 0x0000025ca2b137e0, 0x0000025ca389f600,
0x0000025ca38b3fd0, 0x0000025ca396db70, 0x0000025ceb1feb00, 0x0000025ceb2b8960,
0x0000025ceb272b40, 0x0000025ceb2ad9d0, 0x0000025ceb2b6750, 0x0000025ceb2b73d0,
0x0000025ceb29a570, 0x0000025ceb2ace50, 0x0000025ce91ab2e0, 0x0000025ce91aadd0,
0x0000025ce91adb60, 0x0000025ce91ad140, 0x0000025ce91ab7f0, 0x0000025ce91ad650,
0x0000025ce91ac720, 0x0000025ce91aa3b0, 0x0000025ce91abd00, 0x0000025ce91aa8c0,
0x0000025ce91ac210, 0x0000025ceb9604a0, 0x0000025ceb9618e0, 0x0000025ceb95f570,
0x0000025ceb95f060, 0x0000025ceb95fa80, 0x0000025ceb963230, 0x0000025ceb962d20,
0x0000025ceb963740, 0x0000025ceb960ec0, 0x0000025ceb962810, 0x0000025ceb95ff90,
0x0000025ceb963c50, 0x0000025ceb964160, 0x0000025ceb964670, 0x0000025ceb964b80,
0x0000025ceb965090, 0x0000025ceb965ab0, 0x0000025ceb9655a0, 0x0000025ceb962300,
0x0000025ceb965fc0, 0x0000025ceb9664d0, 0x0000025ceb9669e0, 0x0000025ce9f02230,
0x0000025ce9f008e0, 0x0000025ce9f00df0, 0x0000025ce9f01300, 0x0000025ce9f01810,
0x0000025ce9f02c50, 0x0000025ce9f01d20, 0x0000025ce9eff9b0, 0x0000025ce9effec0,
0x0000025ce9f03160, 0x0000025ce9f02740, 0x0000025ce9f03670, 0x0000025ce9f03b80,
0x0000025ce9f003d0, 0x0000025ce9f04ab0, 0x0000025ce9f05ef0, 0x0000025ce9f07330,
0x0000025ce9f04090, 0x0000025ce9f06400, 0x0000025ce9f04fc0, 0x0000025ce9f06910,
0x0000025ce9f045a0, 0x0000025ce9f06e20, 0x0000025ce9f054d0, 0x0000025ce9f059e0,
0x0000025ce9f11830, 0x0000025ce9f0f9d0, 0x0000025ce9f12760, 0x0000025ce9f12c70,
0x0000025ce9f13180, 0x0000025ce9f13690, 0x0000025ce9f0fee0, 0x0000025ce9f103f0,
0x0000025ce9f13ba0, 0x0000025ce9f12250, 0x0000025ce9f10900, 0x0000025ce9f145c0,
0x0000025ce9f10e10, 0x0000025ce9f140b0, 0x0000025ce9f14ad0, 0x0000025ce9f11320,
0x0000025ce9f14fe0, 0x0000025ce9f154f0, 0x0000025ce9f11d40, 0x0000025ce9f15a00,
0x0000025ce9f15f10, 0x0000025ce9f17350, 0x0000025ced95bc60, 0x0000025ced95ad30,
0x0000025ced95d5b0, 0x0000025ced95cb90, 0x0000025ced95dac0, 0x0000025ced95dfd0,
0x0000025ced95c680, 0x0000025ced95b240, 0x0000025ced95b750, 0x0000025cef007a60,
0x0000025ced95d0a0, 0x0000025cee63dff0, 0x0000025cee63cbb0, 0x0000025cee63b770,
0x0000025cee63b260, 0x0000025cee63c190, 0x0000025cee63bc80, 0x0000025cee63dae0,
0x0000025cee63ad50, 0x0000025cee63d0c0, 0x0000025cee63d5d0, 0x0000025cee63c6a0,
0x0000025cee63a840, 0x0000025cee6417a0, 0x0000025cee63ef20, 0x0000025cee640870,
0x0000025cee63ea10, 0x0000025cee641cb0, 0x0000025cee641290, 0x0000025cee63f430,
0x0000025cee63f940, 0x0000025cee640d80, 0x0000025cee63fe50, 0x0000025cee6421c0,
0x0000025cee640360, 0x0000025ced95e4e0, 0x0000025ce91acc30, 0x0000025cf0b6ff50,
0x0000025cf0b70460, 0x0000025cf0b70e80, 0x0000025cf0b70970, 0x0000025cf0b71390,
0x0000025cf0b718a0, 0x0000025cf0b71db0, 0x0000025cf0b72ce0, 0x0000025cf0b727d0,
0x0000025cf0b722c0, 0x0000025cf0b6fa40, 0x0000025cf0b769a0, 0x0000025cf0b76eb0,
0x0000025cf0b73c10, 0x0000025cf0b75f80, 0x0000025cf0b74120, 0x0000025cf0b73700,
0x0000025cf0b773c0, 0x0000025cf0b74b40, 0x0000025cf0b75a70, 0x0000025cf0b75050,
0x0000025cf0b76490, 0x0000025cf0b75560, 0x0000025cf0b74630, 0x0000025ceb9007d0,
0x0000025ceb8ff8a0, 0x0000025ceb8fe460, 0x0000025ceb8ffdb0, 0x0000025ceb900ce0,
0x0000025ceb8fe970, 0x0000025ceb8fda40, 0x0000025ceb9002c0, 0x0000025ceb9011f0,
0x0000025ceb902120, 0x0000025ceb8ff390, 0x0000025ceb901700, 0x0000025ceb901c10,
0x0000025ceb902630, 0x0000025ceb8fee80, 0x0000025ceb903050, 0x0000025ceb902b40,
0x0000025ceb903560, 0x0000025ceb903a70, 0x0000025ceb903f80, 0x0000025ceb904490,
0x0000025ceb9049a0, 0x0000025ceb904eb0, 0x0000025ceb9053c0, 0x0000025cf24266a0,
0x0000025cf2426190, 0x0000025cf2429940, 0x0000025cf2429e50, 0x0000025cf242a360,
0x0000025cf2427ff0, 0x0000025cf24275d0, 0x0000025cf2428500, 0x0000025cef008500,
0x0000025cef007fb0, 0x0000025cef008a50, 0x0000025cef0094f0, 0x0000025cef009f90,
0x0000025ce9065b00, 0x0000025ce9067040
}

Java Threads: ( => current thread )
  0x0000025c81c5f700 JavaThread "main" [_thread_blocked, id=27092, stack(0x000000d094000000,0x000000d094100000)]
  0x0000025ca2b28100 JavaThread "Reference Handler" daemon [_thread_blocked, id=5212, stack(0x000000d094700000,0x000000d094800000)]
  0x0000025ca2b2abe0 JavaThread "Finalizer" daemon [_thread_blocked, id=28088, stack(0x000000d094800000,0x000000d094900000)]
  0x0000025ca2b42600 JavaThread "Signal Dispatcher" daemon [_thread_blocked, id=14244, stack(0x000000d094900000,0x000000d094a00000)]
  0x0000025ca2b42ed0 JavaThread "Attach Listener" daemon [_thread_blocked, id=28068, stack(0x000000d094a00000,0x000000d094b00000)]
  0x0000025ca2b437a0 JavaThread "Service Thread" daemon [_thread_blocked, id=30580, stack(0x000000d094b00000,0x000000d094c00000)]
  0x0000025ca2b44070 JavaThread "Monitor Deflation Thread" daemon [_thread_blocked, id=25780, stack(0x000000d094c00000,0x000000d094d00000)]
  0x0000025ca2b44c70 JavaThread "C2 CompilerThread0" daemon [_thread_blocked, id=23136, stack(0x000000d094d00000,0x000000d094e00000)]
  0x0000025ca2b45580 JavaThread "C1 CompilerThread0" daemon [_thread_blocked, id=24108, stack(0x000000d094e00000,0x000000d094f00000)]
  0x0000025ca2b45e90 JavaThread "Sweeper thread" daemon [_thread_blocked, id=27840, stack(0x000000d094f00000,0x000000d095000000)]
  0x0000025ca2b137e0 JavaThread "Common-Cleaner" daemon [_thread_blocked, id=24848, stack(0x000000d095000000,0x000000d095100000)]
  0x0000025ca389f600 JavaThread "C1 CompilerThread1" daemon [_thread_blocked, id=28356, stack(0x000000d095100000,0x000000d095200000)]
  0x0000025ca38b3fd0 JavaThread "C1 CompilerThread2" daemon [_thread_blocked, id=29004, stack(0x000000d095200000,0x000000d095300000)]
  0x0000025ca396db70 JavaThread "Notification Thread" daemon [_thread_blocked, id=28728, stack(0x000000d095500000,0x000000d095600000)]
  0x0000025ceb1feb00 JavaThread "Daemon health stats" [_thread_blocked, id=21104, stack(0x000000d095700000,0x000000d095800000)]
  0x0000025ceb2b8960 JavaThread "Incoming local TCP Connector on port 54721" [_thread_in_native, id=28280, stack(0x000000d095800000,0x000000d095900000)]
  0x0000025ceb272b40 JavaThread "Daemon periodic checks" [_thread_blocked, id=27284, stack(0x000000d095e00000,0x000000d095f00000)]
  0x0000025ceb2ad9d0 JavaThread "Daemon" [_thread_blocked, id=27452, stack(0x000000d095f00000,0x000000d096000000)]
  0x0000025ceb2b6750 JavaThread "Handler for socket connection from /127.0.0.1:54721 to /127.0.0.1:54722" [_thread_in_native, id=29656, stack(0x000000d096000000,0x000000d096100000)]
  0x0000025ceb2b73d0 JavaThread "Cancel handler" [_thread_blocked, id=16028, stack(0x000000d096100000,0x000000d096200000)]
  0x0000025ceb29a570 JavaThread "Daemon worker" [_thread_blocked, id=10584, stack(0x000000d096200000,0x000000d096300000)]
  0x0000025ceb2ace50 JavaThread "Asynchronous log dispatcher for DefaultDaemonConnection: socket connection from /127.0.0.1:54721 to /127.0.0.1:54722" [_thread_blocked, id=29544, stack(0x000000d096300000,0x000000d096400000)]
  0x0000025ce91ab2e0 JavaThread "Stdin handler" [_thread_blocked, id=29984, stack(0x000000d096400000,0x000000d096500000)]
  0x0000025ce91aadd0 JavaThread "Daemon client event forwarder" [_thread_blocked, id=26796, stack(0x000000d096500000,0x000000d096600000)]
  0x0000025ce91adb60 JavaThread "Cache worker for journal cache (C:\Users\Lenovo\.gradle\caches\journal-1)" [_thread_blocked, id=25204, stack(0x000000d096600000,0x000000d096700000)]
  0x0000025ce91ad140 JavaThread "File lock request listener" [_thread_in_native, id=29460, stack(0x000000d096700000,0x000000d096800000)]
  0x0000025ce91ab7f0 JavaThread "Cache worker for file hash cache (C:\Users\Lenovo\.gradle\caches\8.8\fileHashes)" [_thread_blocked, id=25048, stack(0x000000d096800000,0x000000d096900000)]
  0x0000025ce91ad650 JavaThread "Cache worker for file hash cache (C:\Users\Lenovo\Desktop\Ai_Run\better-luck-lootr-1.20.1\.gradle\8.8\fileHashes)" [_thread_blocked, id=2720, stack(0x000000d096900000,0x000000d096a00000)]
  0x0000025ce91ac720 JavaThread "File watcher server" daemon [_thread_blocked, id=28940, stack(0x000000d096a00000,0x000000d096b00000)]
  0x0000025ce91aa3b0 JavaThread "File watcher consumer" daemon [_thread_blocked, id=27376, stack(0x000000d096b00000,0x000000d096c00000)]
  0x0000025ce91abd00 JavaThread "Cache worker for checksums cache (C:\Users\Lenovo\Desktop\Ai_Run\better-luck-lootr-1.20.1\.gradle\8.8\checksums)" [_thread_blocked, id=9332, stack(0x000000d097800000,0x000000d097900000)]
  0x0000025ce91aa8c0 JavaThread "Cache worker for file content cache (C:\Users\Lenovo\.gradle\caches\8.8\fileContent)" [_thread_blocked, id=14032, stack(0x000000d097900000,0x000000d097a00000)]
  0x0000025ce91ac210 JavaThread "Cache worker for cache directory md-rule (C:\Users\Lenovo\.gradle\caches\8.8\md-rule)" [_thread_blocked, id=11908, stack(0x000000d097a00000,0x000000d097b00000)]
  0x0000025ceb9604a0 JavaThread "Cache worker for cache directory md-supplier (C:\Users\Lenovo\.gradle\caches\8.8\md-supplier)" [_thread_blocked, id=28296, stack(0x000000d097b00000,0x000000d097c00000)]
  0x0000025ceb9618e0 JavaThread "jar transforms" [_thread_blocked, id=9072, stack(0x000000d097f00000,0x000000d098000000)]
  0x0000025ceb95f570 JavaThread "Unconstrained build operations" [_thread_blocked, id=30696, stack(0x000000d097e00000,0x000000d097f00000)]
  0x0000025ceb95f060 JavaThread "Unconstrained build operations Thread 2" [_thread_blocked, id=29116, stack(0x000000d098000000,0x000000d098100000)]
  0x0000025ceb95fa80 JavaThread "Unconstrained build operations Thread 3" [_thread_blocked, id=4752, stack(0x000000d098100000,0x000000d098200000)]
  0x0000025ceb963230 JavaThread "Unconstrained build operations Thread 4" [_thread_blocked, id=3872, stack(0x000000d098200000,0x000000d098300000)]
  0x0000025ceb962d20 JavaThread "Unconstrained build operations Thread 5" [_thread_blocked, id=25036, stack(0x000000d098300000,0x000000d098400000)]
  0x0000025ceb963740 JavaThread "Unconstrained build operations Thread 6" [_thread_blocked, id=14308, stack(0x000000d098400000,0x000000d098500000)]
  0x0000025ceb960ec0 JavaThread "jar transforms Thread 2" [_thread_blocked, id=18540, stack(0x000000d098500000,0x000000d098600000)]
  0x0000025ceb962810 JavaThread "Cache worker for Build Output Cleanup Cache (C:\Users\Lenovo\Desktop\Ai_Run\better-luck-lootr-1.20.1\.gradle\buildOutputCleanup)" [_thread_blocked, id=30248, stack(0x000000d098600000,0x000000d098700000)]
  0x0000025ceb95ff90 JavaThread "jar transforms Thread 3" [_thread_blocked, id=4308, stack(0x000000d098700000,0x000000d098800000)]
  0x0000025ceb963c50 JavaThread "Unconstrained build operations Thread 7" [_thread_blocked, id=6968, stack(0x000000d098800000,0x000000d098900000)]
  0x0000025ceb964160 JavaThread "Unconstrained build operations Thread 8" [_thread_blocked, id=16132, stack(0x000000d098900000,0x000000d098a00000)]
  0x0000025ceb964670 JavaThread "Unconstrained build operations Thread 9" [_thread_blocked, id=29108, stack(0x000000d098a00000,0x000000d098b00000)]
  0x0000025ceb964b80 JavaThread "Unconstrained build operations Thread 10" [_thread_blocked, id=26212, stack(0x000000d098b00000,0x000000d098c00000)]
  0x0000025ceb965090 JavaThread "Unconstrained build operations Thread 11" [_thread_blocked, id=20296, stack(0x000000d098c00000,0x000000d098d00000)]
  0x0000025ceb965ab0 JavaThread "Unconstrained build operations Thread 12" [_thread_blocked, id=29064, stack(0x000000d098d00000,0x000000d098e00000)]
  0x0000025ceb9655a0 JavaThread "Unconstrained build operations Thread 13" [_thread_blocked, id=28384, stack(0x000000d098e00000,0x000000d098f00000)]
  0x0000025ceb962300 JavaThread "Unconstrained build operations Thread 14" [_thread_blocked, id=18116, stack(0x000000d098f00000,0x000000d099000000)]
  0x0000025ceb965fc0 JavaThread "Unconstrained build operations Thread 15" [_thread_blocked, id=8072, stack(0x000000d099000000,0x000000d099100000)]
  0x0000025ceb9664d0 JavaThread "Unconstrained build operations Thread 16" [_thread_blocked, id=29892, stack(0x000000d099100000,0x000000d099200000)]
  0x0000025ceb9669e0 JavaThread "Unconstrained build operations Thread 17" [_thread_blocked, id=26848, stack(0x000000d099200000,0x000000d099300000)]
  0x0000025ce9f02230 JavaThread "Unconstrained build operations Thread 18" [_thread_blocked, id=29584, stack(0x000000d099300000,0x000000d099400000)]
  0x0000025ce9f008e0 JavaThread "Unconstrained build operations Thread 19" [_thread_blocked, id=27444, stack(0x000000d099400000,0x000000d099500000)]
  0x0000025ce9f00df0 JavaThread "Unconstrained build operations Thread 20" [_thread_blocked, id=26364, stack(0x000000d099500000,0x000000d099600000)]
  0x0000025ce9f01300 JavaThread "Unconstrained build operations Thread 21" [_thread_blocked, id=26724, stack(0x000000d099600000,0x000000d099700000)]
  0x0000025ce9f01810 JavaThread "Unconstrained build operations Thread 22" [_thread_blocked, id=21084, stack(0x000000d099700000,0x000000d099800000)]
  0x0000025ce9f02c50 JavaThread "Unconstrained build operations Thread 23" [_thread_blocked, id=20820, stack(0x000000d099800000,0x000000d099900000)]
  0x0000025ce9f01d20 JavaThread "Unconstrained build operations Thread 24" [_thread_blocked, id=24404, stack(0x000000d099900000,0x000000d099a00000)]
  0x0000025ce9eff9b0 JavaThread "Unconstrained build operations Thread 25" [_thread_blocked, id=20544, stack(0x000000d099a00000,0x000000d099b00000)]
  0x0000025ce9effec0 JavaThread "Unconstrained build operations Thread 26" [_thread_blocked, id=23252, stack(0x000000d099b00000,0x000000d099c00000)]
  0x0000025ce9f03160 JavaThread "Unconstrained build operations Thread 27" [_thread_blocked, id=26836, stack(0x000000d099c00000,0x000000d099d00000)]
  0x0000025ce9f02740 JavaThread "Unconstrained build operations Thread 28" [_thread_blocked, id=13508, stack(0x000000d099d00000,0x000000d099e00000)]
  0x0000025ce9f03670 JavaThread "Unconstrained build operations Thread 29" [_thread_blocked, id=19632, stack(0x000000d099e00000,0x000000d099f00000)]
  0x0000025ce9f03b80 JavaThread "Unconstrained build operations Thread 30" [_thread_blocked, id=21336, stack(0x000000d099f00000,0x000000d09a000000)]
  0x0000025ce9f003d0 JavaThread "Unconstrained build operations Thread 31" [_thread_blocked, id=25848, stack(0x000000d09a000000,0x000000d09a100000)]
  0x0000025ce9f04ab0 JavaThread "Unconstrained build operations Thread 32" [_thread_blocked, id=30276, stack(0x000000d09a100000,0x000000d09a200000)]
  0x0000025ce9f05ef0 JavaThread "Unconstrained build operations Thread 33" [_thread_blocked, id=14440, stack(0x000000d09a200000,0x000000d09a300000)]
  0x0000025ce9f07330 JavaThread "Unconstrained build operations Thread 34" [_thread_blocked, id=26700, stack(0x000000d09a300000,0x000000d09a400000)]
  0x0000025ce9f04090 JavaThread "Unconstrained build operations Thread 35" [_thread_blocked, id=26844, stack(0x000000d09a400000,0x000000d09a500000)]
  0x0000025ce9f06400 JavaThread "Unconstrained build operations Thread 36" [_thread_blocked, id=24620, stack(0x000000d09a500000,0x000000d09a600000)]
  0x0000025ce9f04fc0 JavaThread "Unconstrained build operations Thread 37" [_thread_blocked, id=25508, stack(0x000000d09a600000,0x000000d09a700000)]
  0x0000025ce9f06910 JavaThread "Unconstrained build operations Thread 38" [_thread_blocked, id=15312, stack(0x000000d09a700000,0x000000d09a800000)]
  0x0000025ce9f045a0 JavaThread "Unconstrained build operations Thread 39" [_thread_blocked, id=28928, stack(0x000000d09a800000,0x000000d09a900000)]
  0x0000025ce9f06e20 JavaThread "Unconstrained build operations Thread 40" [_thread_blocked, id=904, stack(0x000000d09a900000,0x000000d09aa00000)]
  0x0000025ce9f054d0 JavaThread "Unconstrained build operations Thread 41" [_thread_blocked, id=17108, stack(0x000000d09aa00000,0x000000d09ab00000)]
  0x0000025ce9f059e0 JavaThread "Unconstrained build operations Thread 42" [_thread_blocked, id=1540, stack(0x000000d09ab00000,0x000000d09ac00000)]
  0x0000025ce9f11830 JavaThread "Unconstrained build operations Thread 43" [_thread_blocked, id=29464, stack(0x000000d09ac00000,0x000000d09ad00000)]
  0x0000025ce9f0f9d0 JavaThread "Unconstrained build operations Thread 44" [_thread_blocked, id=16888, stack(0x000000d09ad00000,0x000000d09ae00000)]
  0x0000025ce9f12760 JavaThread "Unconstrained build operations Thread 45" [_thread_blocked, id=28272, stack(0x000000d09af00000,0x000000d09b000000)]
  0x0000025ce9f12c70 JavaThread "Unconstrained build operations Thread 46" [_thread_blocked, id=5520, stack(0x000000d09b000000,0x000000d09b100000)]
  0x0000025ce9f13180 JavaThread "Unconstrained build operations Thread 47" [_thread_blocked, id=29052, stack(0x000000d09b100000,0x000000d09b200000)]
  0x0000025ce9f13690 JavaThread "Unconstrained build operations Thread 48" [_thread_blocked, id=26640, stack(0x000000d09b200000,0x000000d09b300000)]
  0x0000025ce9f0fee0 JavaThread "Unconstrained build operations Thread 49" [_thread_blocked, id=15972, stack(0x000000d09b300000,0x000000d09b400000)]
  0x0000025ce9f103f0 JavaThread "Unconstrained build operations Thread 50" [_thread_blocked, id=4076, stack(0x000000d09b400000,0x000000d09b500000)]
  0x0000025ce9f13ba0 JavaThread "Unconstrained build operations Thread 51" [_thread_blocked, id=26920, stack(0x000000d09b500000,0x000000d09b600000)]
  0x0000025ce9f12250 JavaThread "Unconstrained build operations Thread 52" [_thread_blocked, id=27140, stack(0x000000d09b600000,0x000000d09b700000)]
  0x0000025ce9f10900 JavaThread "Unconstrained build operations Thread 53" [_thread_blocked, id=29632, stack(0x000000d09b700000,0x000000d09b800000)]
  0x0000025ce9f145c0 JavaThread "Unconstrained build operations Thread 54" [_thread_blocked, id=8, stack(0x000000d09b800000,0x000000d09b900000)]
  0x0000025ce9f10e10 JavaThread "Unconstrained build operations Thread 55" [_thread_blocked, id=29536, stack(0x000000d09b900000,0x000000d09ba00000)]
  0x0000025ce9f140b0 JavaThread "Unconstrained build operations Thread 56" [_thread_blocked, id=30700, stack(0x000000d09ba00000,0x000000d09bb00000)]
  0x0000025ce9f14ad0 JavaThread "Unconstrained build operations Thread 57" [_thread_blocked, id=19564, stack(0x000000d09bb00000,0x000000d09bc00000)]
  0x0000025ce9f11320 JavaThread "Unconstrained build operations Thread 58" [_thread_blocked, id=26888, stack(0x000000d09bc00000,0x000000d09bd00000)]
  0x0000025ce9f14fe0 JavaThread "Unconstrained build operations Thread 59" [_thread_blocked, id=17664, stack(0x000000d09bd00000,0x000000d09be00000)]
  0x0000025ce9f154f0 JavaThread "Unconstrained build operations Thread 60" [_thread_blocked, id=6152, stack(0x000000d09be00000,0x000000d09bf00000)]
  0x0000025ce9f11d40 JavaThread "Unconstrained build operations Thread 61" [_thread_blocked, id=532, stack(0x000000d09bf00000,0x000000d09c000000)]
  0x0000025ce9f15a00 JavaThread "Unconstrained build operations Thread 62" [_thread_blocked, id=29576, stack(0x000000d09c000000,0x000000d09c100000)]
  0x0000025ce9f15f10 JavaThread "Unconstrained build operations Thread 63" [_thread_blocked, id=13796, stack(0x000000d09c100000,0x000000d09c200000)]
  0x0000025ce9f17350 JavaThread "Memory manager" [_thread_blocked, id=13204, stack(0x000000d095400000,0x000000d095500000)]
  0x0000025ced95bc60 JavaThread "jar transforms Thread 4" [_thread_blocked, id=28224, stack(0x000000d09c300000,0x000000d09c400000)]
  0x0000025ced95ad30 JavaThread "Unconstrained build operations Thread 64" [_thread_blocked, id=22352, stack(0x000000d09c600000,0x000000d09c700000)]
  0x0000025ced95d5b0 JavaThread "Unconstrained build operations Thread 65" [_thread_blocked, id=27332, stack(0x000000d09c700000,0x000000d09c800000)]
  0x0000025ced95cb90 JavaThread "Unconstrained build operations Thread 66" [_thread_blocked, id=14420, stack(0x000000d09c800000,0x000000d09c900000)]
  0x0000025ced95dac0 JavaThread "Unconstrained build operations Thread 67" [_thread_blocked, id=19696, stack(0x000000d09c900000,0x000000d09ca00000)]
  0x0000025ced95dfd0 JavaThread "Unconstrained build operations Thread 68" [_thread_blocked, id=6620, stack(0x000000d09ca00000,0x000000d09cb00000)]
  0x0000025ced95c680 JavaThread "Unconstrained build operations Thread 69" [_thread_blocked, id=10424, stack(0x000000d09cb00000,0x000000d09cc00000)]
  0x0000025ced95b240 JavaThread "Unconstrained build operations Thread 70" [_thread_blocked, id=25272, stack(0x000000d09cc00000,0x000000d09cd00000)]
  0x0000025ced95b750 JavaThread "Unconstrained build operations Thread 71" [_thread_blocked, id=28256, stack(0x000000d09cd00000,0x000000d09ce00000)]
  0x0000025cef007a60 JavaThread "C1 CompilerThread3" daemon [_thread_blocked, id=20084, stack(0x000000d09ce00000,0x000000d09cf00000)]
  0x0000025ced95d0a0 JavaThread "Unconstrained build operations Thread 72" [_thread_blocked, id=28192, stack(0x000000d095300000,0x000000d095400000)]
  0x0000025cee63dff0 JavaThread "Unconstrained build operations Thread 73" [_thread_blocked, id=22556, stack(0x000000d097d00000,0x000000d097e00000)]
  0x0000025cee63cbb0 JavaThread "Unconstrained build operations Thread 74" [_thread_blocked, id=28464, stack(0x000000d09ae00000,0x000000d09af00000)]
  0x0000025cee63b770 JavaThread "Unconstrained build operations Thread 75" [_thread_blocked, id=4116, stack(0x000000d09c200000,0x000000d09c300000)]
  0x0000025cee63b260 JavaThread "Unconstrained build operations Thread 76" [_thread_blocked, id=22040, stack(0x000000d09c400000,0x000000d09c500000)]
  0x0000025cee63c190 JavaThread "Unconstrained build operations Thread 77" [_thread_blocked, id=10092, stack(0x000000d09c500000,0x000000d09c600000)]
  0x0000025cee63bc80 JavaThread "Unconstrained build operations Thread 78" [_thread_blocked, id=27544, stack(0x000000d09d000000,0x000000d09d100000)]
  0x0000025cee63dae0 JavaThread "Unconstrained build operations Thread 79" [_thread_blocked, id=1132, stack(0x000000d09d100000,0x000000d09d200000)]
  0x0000025cee63ad50 JavaThread "Unconstrained build operations Thread 80" [_thread_blocked, id=19476, stack(0x000000d09d200000,0x000000d09d300000)]
  0x0000025cee63d0c0 JavaThread "Unconstrained build operations Thread 81" [_thread_blocked, id=26112, stack(0x000000d09d300000,0x000000d09d400000)]
  0x0000025cee63d5d0 JavaThread "Unconstrained build operations Thread 82" [_thread_blocked, id=29872, stack(0x000000d09d400000,0x000000d09d500000)]
  0x0000025cee63c6a0 JavaThread "Unconstrained build operations Thread 83" [_thread_blocked, id=3396, stack(0x000000d09d500000,0x000000d09d600000)]
  0x0000025cee63a840 JavaThread "Unconstrained build operations Thread 84" [_thread_blocked, id=4124, stack(0x000000d09d600000,0x000000d09d700000)]
  0x0000025cee6417a0 JavaThread "Unconstrained build operations Thread 85" [_thread_blocked, id=27068, stack(0x000000d09d700000,0x000000d09d800000)]
  0x0000025cee63ef20 JavaThread "Unconstrained build operations Thread 86" [_thread_blocked, id=6464, stack(0x000000d09d800000,0x000000d09d900000)]
  0x0000025cee640870 JavaThread "Unconstrained build operations Thread 87" [_thread_blocked, id=27984, stack(0x000000d09d900000,0x000000d09da00000)]
  0x0000025cee63ea10 JavaThread "Unconstrained build operations Thread 88" [_thread_blocked, id=11984, stack(0x000000d09da00000,0x000000d09db00000)]
  0x0000025cee641cb0 JavaThread "Unconstrained build operations Thread 89" [_thread_blocked, id=9012, stack(0x000000d09db00000,0x000000d09dc00000)]
  0x0000025cee641290 JavaThread "Unconstrained build operations Thread 90" [_thread_blocked, id=25252, stack(0x000000d09dc00000,0x000000d09dd00000)]
  0x0000025cee63f430 JavaThread "ForkJoinPool.commonPool-worker-1" daemon [_thread_blocked, id=28680, stack(0x000000d09e300000,0x000000d09e400000)]
  0x0000025cee63f940 JavaThread "ForkJoinPool.commonPool-worker-2" daemon [_thread_blocked, id=6352, stack(0x000000d09e400000,0x000000d09e500000)]
  0x0000025cee640d80 JavaThread "ForkJoinPool.commonPool-worker-3" daemon [_thread_blocked, id=28124, stack(0x000000d09e500000,0x000000d09e600000)]
  0x0000025cee63fe50 JavaThread "ForkJoinPool.commonPool-worker-4" daemon [_thread_blocked, id=27796, stack(0x000000d09e600000,0x000000d09e700000)]
  0x0000025cee6421c0 JavaThread "ForkJoinPool.commonPool-worker-5" daemon [_thread_blocked, id=29960, stack(0x000000d09e700000,0x000000d09e800000)]
  0x0000025cee640360 JavaThread "ForkJoinPool.commonPool-worker-6" daemon [_thread_blocked, id=13368, stack(0x000000d09e800000,0x000000d09e900000)]
  0x0000025ced95e4e0 JavaThread "ForkJoinPool.commonPool-worker-7" daemon [_thread_blocked, id=30312, stack(0x000000d09e900000,0x000000d09ea00000)]
  0x0000025ce91acc30 JavaThread "ForkJoinPool.commonPool-worker-8" daemon [_thread_blocked, id=21160, stack(0x000000d09ea00000,0x000000d09eb00000)]
  0x0000025cf0b6ff50 JavaThread "ForkJoinPool.commonPool-worker-9" daemon [_thread_blocked, id=27704, stack(0x000000d09eb00000,0x000000d09ec00000)]
  0x0000025cf0b70460 JavaThread "ForkJoinPool.commonPool-worker-10" daemon [_thread_blocked, id=22660, stack(0x000000d09ec00000,0x000000d09ed00000)]
  0x0000025cf0b70e80 JavaThread "ForkJoinPool.commonPool-worker-11" daemon [_thread_blocked, id=28240, stack(0x000000d09ed00000,0x000000d09ee00000)]
  0x0000025cf0b70970 JavaThread "Exec process" [_thread_blocked, id=30320, stack(0x000000d09ee00000,0x000000d09ef00000)]
  0x0000025cf0b71390 JavaThread "Exec process Thread 2" [_thread_blocked, id=29996, stack(0x000000d09ef00000,0x000000d09f000000)]
  0x0000025cf0b718a0 JavaThread "Exec process Thread 3" [_thread_blocked, id=27292, stack(0x000000d09f000000,0x000000d09f100000)]
  0x0000025cf0b71db0 JavaThread "ForkJoinPool.commonPool-worker-12" daemon [_thread_blocked, id=528, stack(0x000000d09e100000,0x000000d09e200000)]
  0x0000025cf0b72ce0 JavaThread "ForkJoinPool.commonPool-worker-13" daemon [_thread_blocked, id=28956, stack(0x000000d09de00000,0x000000d09df00000)]
  0x0000025cf0b727d0 JavaThread "ForkJoinPool.commonPool-worker-14" daemon [_thread_blocked, id=1612, stack(0x000000d09df00000,0x000000d09e000000)]
  0x0000025cf0b722c0 JavaThread "ForkJoinPool.commonPool-worker-15" daemon [_thread_blocked, id=25060, stack(0x000000d09e000000,0x000000d09e100000)]
  0x0000025cf0b6fa40 JavaThread "included builds" [_thread_blocked, id=26544, stack(0x000000d09e200000,0x000000d09e300000)]
  0x0000025cf0b769a0 JavaThread "Execution worker" [_thread_blocked, id=9344, stack(0x000000d09f100000,0x000000d09f200000)]
  0x0000025cf0b76eb0 JavaThread "Execution worker Thread 2" [_thread_blocked, id=512, stack(0x000000d09f200000,0x000000d09f300000)]
  0x0000025cf0b73c10 JavaThread "Execution worker Thread 3" [_thread_blocked, id=12712, stack(0x000000d09f300000,0x000000d09f400000)]
  0x0000025cf0b75f80 JavaThread "Execution worker Thread 4" [_thread_blocked, id=9504, stack(0x000000d09f400000,0x000000d09f500000)]
  0x0000025cf0b74120 JavaThread "Execution worker Thread 5" [_thread_blocked, id=11628, stack(0x000000d09f500000,0x000000d09f600000)]
  0x0000025cf0b73700 JavaThread "Execution worker Thread 6" [_thread_blocked, id=27448, stack(0x000000d09f600000,0x000000d09f700000)]
  0x0000025cf0b773c0 JavaThread "Execution worker Thread 7" [_thread_blocked, id=23724, stack(0x000000d09f700000,0x000000d09f800000)]
  0x0000025cf0b74b40 JavaThread "Execution worker Thread 8" [_thread_blocked, id=29472, stack(0x000000d09f800000,0x000000d09f900000)]
  0x0000025cf0b75a70 JavaThread "Execution worker Thread 9" [_thread_blocked, id=27552, stack(0x000000d09f900000,0x000000d09fa00000)]
  0x0000025cf0b75050 JavaThread "Execution worker Thread 10" [_thread_blocked, id=11000, stack(0x000000d09fa00000,0x000000d09fb00000)]
  0x0000025cf0b76490 JavaThread "Execution worker Thread 11" [_thread_blocked, id=15508, stack(0x000000d09fb00000,0x000000d09fc00000)]
  0x0000025cf0b75560 JavaThread "Execution worker Thread 12" [_thread_blocked, id=27176, stack(0x000000d09fc00000,0x000000d09fd00000)]
  0x0000025cf0b74630 JavaThread "Execution worker Thread 13" [_thread_blocked, id=6280, stack(0x000000d09fd00000,0x000000d09fe00000)]
  0x0000025ceb9007d0 JavaThread "Execution worker Thread 14" [_thread_blocked, id=30484, stack(0x000000d09fe00000,0x000000d09ff00000)]
  0x0000025ceb8ff8a0 JavaThread "Execution worker Thread 15" [_thread_blocked, id=18928, stack(0x000000d09ff00000,0x000000d0a0000000)]
  0x0000025ceb8fe460 JavaThread "Execution worker Thread 16" [_thread_blocked, id=26840, stack(0x000000d0a0000000,0x000000d0a0100000)]
  0x0000025ceb8ffdb0 JavaThread "Execution worker Thread 17" [_thread_blocked, id=18948, stack(0x000000d0a0100000,0x000000d0a0200000)]
  0x0000025ceb900ce0 JavaThread "Execution worker Thread 18" [_thread_blocked, id=30464, stack(0x000000d0a0200000,0x000000d0a0300000)]
  0x0000025ceb8fe970 JavaThread "Execution worker Thread 19" [_thread_blocked, id=3288, stack(0x000000d0a0300000,0x000000d0a0400000)]
  0x0000025ceb8fda40 JavaThread "Cache worker for execution history cache (C:\Users\Lenovo\Desktop\Ai_Run\better-luck-lootr-1.20.1\.gradle\8.8\executionHistory)" [_thread_blocked, id=11036, stack(0x000000d0a0400000,0x000000d0a0500000)]
  0x0000025ceb9002c0 JavaThread "Unconstrained build operations Thread 91" [_thread_blocked, id=19204, stack(0x000000d0a0600000,0x000000d0a0700000)]
  0x0000025ceb9011f0 JavaThread "Unconstrained build operations Thread 92" [_thread_blocked, id=20292, stack(0x000000d0a0700000,0x000000d0a0800000)]
  0x0000025ceb902120 JavaThread "Unconstrained build operations Thread 93" [_thread_blocked, id=12092, stack(0x000000d0a0800000,0x000000d0a0900000)]
  0x0000025ceb8ff390 JavaThread "Unconstrained build operations Thread 94" [_thread_blocked, id=28736, stack(0x000000d0a0900000,0x000000d0a0a00000)]
  0x0000025ceb901700 JavaThread "Unconstrained build operations Thread 95" [_thread_blocked, id=30396, stack(0x000000d0a0a00000,0x000000d0a0b00000)]
  0x0000025ceb901c10 JavaThread "Cache worker for Java compile cache (C:\Users\Lenovo\.gradle\caches\8.8\javaCompile)" [_thread_blocked, id=8856, stack(0x000000d0a0b00000,0x000000d0a0c00000)]
  0x0000025ceb902630 JavaThread "Build operations" [_thread_blocked, id=26644, stack(0x000000d0a0e00000,0x000000d0a0f00000)]
  0x0000025ceb8fee80 JavaThread "Build operations Thread 2" [_thread_blocked, id=19576, stack(0x000000d0a0f00000,0x000000d0a1000000)]
  0x0000025ceb903050 JavaThread "Build operations Thread 3" [_thread_blocked, id=14240, stack(0x000000d0a1000000,0x000000d0a1100000)]
  0x0000025ceb902b40 JavaThread "Build operations Thread 4" [_thread_blocked, id=9488, stack(0x000000d0a1100000,0x000000d0a1200000)]
  0x0000025ceb903560 JavaThread "Build operations Thread 5" [_thread_blocked, id=29768, stack(0x000000d0a1200000,0x000000d0a1300000)]
  0x0000025ceb903a70 JavaThread "Build operations Thread 6" [_thread_blocked, id=23316, stack(0x000000d0a1300000,0x000000d0a1400000)]
  0x0000025ceb903f80 JavaThread "Build operations Thread 7" [_thread_blocked, id=22344, stack(0x000000d0a1400000,0x000000d0a1500000)]
  0x0000025ceb904490 JavaThread "Build operations Thread 8" [_thread_blocked, id=28644, stack(0x000000d0a1500000,0x000000d0a1600000)]
  0x0000025ceb9049a0 JavaThread "Build operations Thread 9" [_thread_blocked, id=27076, stack(0x000000d0a1600000,0x000000d0a1700000)]
  0x0000025ceb904eb0 JavaThread "Build operations Thread 10" [_thread_blocked, id=23356, stack(0x000000d0a1700000,0x000000d0a1800000)]
  0x0000025ceb9053c0 JavaThread "Build operations Thread 11" [_thread_blocked, id=27904, stack(0x000000d0a1800000,0x000000d0a1900000)]
  0x0000025cf24266a0 JavaThread "Build operations Thread 12" [_thread_blocked, id=24988, stack(0x000000d0a1900000,0x000000d0a1a00000)]
  0x0000025cf2426190 JavaThread "Build operations Thread 13" [_thread_blocked, id=13764, stack(0x000000d0a1a00000,0x000000d0a1b00000)]
  0x0000025cf2429940 JavaThread "Build operations Thread 14" [_thread_blocked, id=23580, stack(0x000000d0a1b00000,0x000000d0a1c00000)]
  0x0000025cf2429e50 JavaThread "Build operations Thread 15" [_thread_blocked, id=26948, stack(0x000000d0a1c00000,0x000000d0a1d00000)]
  0x0000025cf242a360 JavaThread "Build operations Thread 16" [_thread_blocked, id=24092, stack(0x000000d0a1d00000,0x000000d0a1e00000)]
  0x0000025cf2427ff0 JavaThread "Build operations Thread 17" [_thread_blocked, id=14792, stack(0x000000d0a1e00000,0x000000d0a1f00000)]
  0x0000025cf24275d0 JavaThread "Build operations Thread 18" [_thread_blocked, id=17516, stack(0x000000d0a1f00000,0x000000d0a2000000)]
  0x0000025cf2428500 JavaThread "Build operations Thread 19" [_thread_blocked, id=13700, stack(0x000000d0a2000000,0x000000d0a2100000)]
  0x0000025cef008500 JavaThread "C2 CompilerThread1" daemon [_thread_blocked, id=14376, stack(0x000000d09dd00000,0x000000d09de00000)]
  0x0000025cef007fb0 JavaThread "C2 CompilerThread2" daemon [_thread_blocked, id=26064, stack(0x000000d0a0500000,0x000000d0a0600000)]
  0x0000025cef008a50 JavaThread "C2 CompilerThread3" daemon [_thread_blocked, id=30236, stack(0x000000d0a0c00000,0x000000d0a0d00000)]
  0x0000025cef0094f0 JavaThread "C2 CompilerThread4" daemon [_thread_blocked, id=29864, stack(0x000000d0a0d00000,0x000000d0a0e00000)]
  0x0000025cef009f90 JavaThread "C2 CompilerThread5" daemon [_thread_blocked, id=13752, stack(0x000000d0a2100000,0x000000d0a2200000)]
  0x0000025ce9065b00 JavaThread "C2 CompilerThread6" daemon [_thread_blocked, id=27116, stack(0x000000d0a2200000,0x000000d0a2300000)]
  0x0000025ce9067040 JavaThread "C2 CompilerThread7" daemon [_thread_blocked, id=27716, stack(0x000000d0a2a00000,0x000000d0a2b00000)]

Other Threads:
=>0x0000025ca2b23100 VMThread "VM Thread" [stack: 0x000000d094600000,0x000000d094700000] [id=20664]
  0x0000025c81c618a0 WatcherThread [stack: 0x000000d095600000,0x000000d095700000] [id=30168]
  0x0000025c81cbae90 GCTaskThread "GC Thread#0" [stack: 0x000000d094100000,0x000000d094200000] [id=8768]
  0x0000025ce9702c70 GCTaskThread "GC Thread#1" [stack: 0x000000d095900000,0x000000d095a00000] [id=3804]
  0x0000025ce9702f40 GCTaskThread "GC Thread#2" [stack: 0x000000d095a00000,0x000000d095b00000] [id=28184]
  0x0000025ce97029a0 GCTaskThread "GC Thread#3" [stack: 0x000000d095b00000,0x000000d095c00000] [id=5356]
  0x0000025ce97034e0 GCTaskThread "GC Thread#4" [stack: 0x000000d095c00000,0x000000d095d00000] [id=26692]
  0x0000025ce9703a80 GCTaskThread "GC Thread#5" [stack: 0x000000d095d00000,0x000000d095e00000] [id=29192]
  0x0000025cebca05d0 GCTaskThread "GC Thread#6" [stack: 0x000000d096c00000,0x000000d096d00000] [id=26260]
  0x0000025cebca0030 GCTaskThread "GC Thread#7" [stack: 0x000000d096d00000,0x000000d096e00000] [id=18468]
  0x0000025cebc9ec80 GCTaskThread "GC Thread#8" [stack: 0x000000d096e00000,0x000000d096f00000] [id=25864]
  0x0000025cebc9f7c0 GCTaskThread "GC Thread#9" [stack: 0x000000d096f00000,0x000000d097000000] [id=23372]
  0x0000025cebc9ef50 GCTaskThread "GC Thread#10" [stack: 0x000000d097000000,0x000000d097100000] [id=22068]
  0x0000025cebc9e9b0 GCTaskThread "GC Thread#11" [stack: 0x000000d097100000,0x000000d097200000] [id=30492]
  0x0000025cebc9fd60 GCTaskThread "GC Thread#12" [stack: 0x000000d097200000,0x000000d097300000] [id=27324]
  0x0000025cebc9fa90 GCTaskThread "GC Thread#13" [stack: 0x000000d097300000,0x000000d097400000] [id=27532]
  0x0000025cebc9d8d0 GCTaskThread "GC Thread#14" [stack: 0x000000d097400000,0x000000d097500000] [id=29552]
  0x0000025cff88cfb0 ConcurrentGCThread "G1 Main Marker" [stack: 0x000000d094200000,0x000000d094300000] [id=27204]
  0x0000025cff88d8e0 ConcurrentGCThread "G1 Conc#0" [stack: 0x000000d094300000,0x000000d094400000] [id=26820]
  0x0000025cebc9d600 ConcurrentGCThread "G1 Conc#1" [stack: 0x000000d097500000,0x000000d097600000] [id=18136]
  0x0000025cebc9dba0 ConcurrentGCThread "G1 Conc#2" [stack: 0x000000d097600000,0x000000d097700000] [id=29664]
  0x0000025cebca08a0 ConcurrentGCThread "G1 Conc#3" [stack: 0x000000d097700000,0x000000d097800000] [id=30212]
  0x0000025c81d0db90 ConcurrentGCThread "G1 Refine#0" [stack: 0x000000d094400000,0x000000d094500000] [id=12052]
  0x0000025ced3f7790 ConcurrentGCThread "G1 Refine#1" [stack: 0x000000d0a2300000,0x000000d0a2400000] [id=17364]
  0x0000025ced3f8990 ConcurrentGCThread "G1 Refine#2" [stack: 0x000000d0a2400000,0x000000d0a2500000] [id=29728]
  0x0000025ced3f7a90 ConcurrentGCThread "G1 Refine#3" [stack: 0x000000d0a2500000,0x000000d0a2600000] [id=16552]
  0x0000025ced593760 ConcurrentGCThread "G1 Refine#4" [stack: 0x000000d0a2600000,0x000000d0a2700000] [id=25328]
  0x0000025ced592b60 ConcurrentGCThread "G1 Refine#5" [stack: 0x000000d0a2700000,0x000000d0a2800000] [id=25148]
  0x0000025ced593460 ConcurrentGCThread "G1 Refine#6" [stack: 0x000000d0a2800000,0x000000d0a2900000] [id=24676]
  0x0000025ced592860 ConcurrentGCThread "G1 Refine#7" [stack: 0x000000d0a2900000,0x000000d0a2a00000] [id=23400]
  0x0000025ced594060 ConcurrentGCThread "G1 Refine#8" [stack: 0x000000d0a2b00000,0x000000d0a2c00000] [id=28312]
  0x0000025ced593d60 ConcurrentGCThread "G1 Refine#9" [stack: 0x000000d0a2c00000,0x000000d0a2d00000] [id=7056]
  0x0000025ca2a5a430 ConcurrentGCThread "G1 Service" [stack: 0x000000d094500000,0x000000d094600000] [id=30064]

Threads with active compile tasks:
C2 CompilerThread0  21252 13724       4       net.minecraftforge.srgutils.NamedMappingFile$Cls::method (49 bytes)
C1 CompilerThread0  21253 13733       3       net.minecraftforge.srgutils.InternalUtils::loadTSrg2 (661 bytes)
C2 CompilerThread1  21253 13728       4       net.minecraftforge.srgutils.NamedMappingFile$Cls::field (31 bytes)
C2 CompilerThread2  21253 13727       4       net.minecraftforge.srgutils.NamedMappingFile$Cls::field (6 bytes)
C2 CompilerThread4  21253 13723       4       net.minecraftforge.srgutils.NamedMappingFile$Cls::method (7 bytes)
C2 CompilerThread5  21254 13388       4       org.objectweb.asm.ClassReader::readCode (5117 bytes)
C2 CompilerThread6  21254 13731       4       java.lang.Integer::parseInt (264 bytes)
C2 CompilerThread7  21254 13730       4       net.minecraftforge.srgutils.NamedMappingFile$Cls$Method::meta (14 bytes)

VM state: at safepoint (normal execution)

VM Mutex/Monitor currently owned by a thread:  ([mutex/lock_event])
[0x0000025c81c5c420] Threads_lock - owner thread: 0x0000025ca2b23100
[0x0000025c81c5ba90] Heap_lock - owner thread: 0x0000025cf0b75f80

Heap address: 0x0000000740000000, size: 3072 MB, Compressed Oops mode: Zero based, Oop shift amount: 3

CDS archive(s) mapped at: [0x0000025ca4000000-0x0000025ca4bb0000-0x0000025ca4bb0000), size 12255232, SharedBaseAddress: 0x0000025ca4000000, ArchiveRelocationMode: 1.
Compressed class space mapped at: 0x0000025ca5000000-0x0000025ce5000000, reserved size: 1073741824
Narrow klass base: 0x0000025ca4000000, Narrow klass shift: 0, Narrow klass range: 0x100000000

GC Precious Log:
 CPUs: 20 total, 20 available
 Memory: 16193M
 Large Page Support: Disabled
 NUMA Support: Disabled
 Compressed Oops: Enabled (Zero based)
 Heap Region Size: 2M
 Heap Min Capacity: 8M
 Heap Initial Capacity: 254M
 Heap Max Capacity: 3G
 Pre-touch: Disabled
 Parallel Workers: 15
 Concurrent Workers: 4
 Concurrent Refinement Workers: 15
 Periodic GC: Disabled

Heap:
 garbage-first heap   total 327680K, used 196844K [0x0000000740000000, 0x0000000800000000)
  region size 2048K, 2 young (4096K), 2 survivors (4096K)
 Metaspace       used 82670K, committed 83904K, reserved 1179648K
  class space    used 11309K, committed 11712K, reserved 1048576K

Heap Regions: E=young(eden), S=young(survivor), O=old, HS=humongous(starts), HC=humongous(continues), CS=collection set, F=free, OA=open archive, CA=closed archive, TAMS=top-at-mark-start (previous, next)
|   0|0x0000000740000000, 0x0000000740200000, 0x0000000740200000|100%|HS|  |TAMS 0x0000000740200000, 0x0000000740000000| Complete 
|   1|0x0000000740200000, 0x0000000740400000, 0x0000000740400000|100%|HC|  |TAMS 0x0000000740400000, 0x0000000740200000| Complete 
|   2|0x0000000740400000, 0x0000000740600000, 0x0000000740600000|100%| O|  |TAMS 0x0000000740600000, 0x0000000740400000| Untracked 
|   3|0x0000000740600000, 0x0000000740800000, 0x0000000740800000|100%| O|  |TAMS 0x0000000740800000, 0x0000000740600000| Untracked 
|   4|0x0000000740800000, 0x0000000740a00000, 0x0000000740a00000|100%| O|  |TAMS 0x0000000740a00000, 0x0000000740800000| Untracked 
|   5|0x0000000740a00000, 0x0000000740c00000, 0x0000000740c00000|100%| O|  |TAMS 0x0000000740c00000, 0x0000000740a00000| Updating 
|   6|0x0000000740c00000, 0x0000000740e00000, 0x0000000740e00000|100%| O|  |TAMS 0x0000000740e00000, 0x0000000740c00000| Untracked 
|   7|0x0000000740e00000, 0x0000000741000000, 0x0000000741000000|100%| O|  |TAMS 0x0000000741000000, 0x0000000740e00000| Untracked 
|   8|0x0000000741000000, 0x0000000741200000, 0x0000000741200000|100%| O|  |TAMS 0x0000000741200000, 0x0000000741000000| Untracked 
|   9|0x0000000741200000, 0x0000000741400000, 0x0000000741400000|100%| O|  |TAMS 0x0000000741400000, 0x0000000741200000| Untracked 
|  10|0x0000000741400000, 0x0000000741600000, 0x0000000741600000|100%| O|  |TAMS 0x0000000741600000, 0x0000000741400000| Untracked 
|  11|0x0000000741600000, 0x0000000741800000, 0x0000000741800000|100%| O|  |TAMS 0x0000000741800000, 0x0000000741600000| Untracked 
|  12|0x0000000741800000, 0x0000000741a00000, 0x0000000741a00000|100%| O|  |TAMS 0x0000000741a00000, 0x0000000741800000| Updating 
|  13|0x0000000741a00000, 0x0000000741c00000, 0x0000000741c00000|100%| O|  |TAMS 0x0000000741c00000, 0x0000000741a00000| Updating 
|  14|0x0000000741c00000, 0x0000000741e00000, 0x0000000741e00000|100%| O|  |TAMS 0x0000000741e00000, 0x0000000741c00000| Untracked 
|  15|0x0000000741e00000, 0x0000000742000000, 0x0000000742000000|100%| O|  |TAMS 0x0000000742000000, 0x0000000741e00000| Untracked 
|  16|0x0000000742000000, 0x0000000742200000, 0x0000000742200000|100%| O|  |TAMS 0x0000000742200000, 0x0000000742000000| Untracked 
|  17|0x0000000742200000, 0x0000000742400000, 0x0000000742400000|100%|HS|  |TAMS 0x0000000742400000, 0x0000000742200000| Complete 
|  18|0x0000000742400000, 0x0000000742600000, 0x0000000742600000|100%| O|  |TAMS 0x0000000742600000, 0x0000000742400000| Untracked 
|  19|0x0000000742600000, 0x0000000742800000, 0x0000000742800000|100%| O|  |TAMS 0x0000000742800000, 0x0000000742600000| Untracked 
|  20|0x0000000742800000, 0x0000000742a00000, 0x0000000742a00000|100%| O|  |TAMS 0x0000000742a00000, 0x0000000742800000| Untracked 
|  21|0x0000000742a00000, 0x0000000742c00000, 0x0000000742c00000|100%| O|  |TAMS 0x0000000742c00000, 0x0000000742a00000| Untracked 
|  22|0x0000000742c00000, 0x0000000742e00000, 0x0000000742e00000|100%| O|  |TAMS 0x0000000742e00000, 0x0000000742c00000| Untracked 
|  23|0x0000000742e00000, 0x0000000743000000, 0x0000000743000000|100%| O|  |TAMS 0x0000000743000000, 0x0000000742e00000| Untracked 
|  24|0x0000000743000000, 0x0000000743200000, 0x0000000743200000|100%| O|  |TAMS 0x0000000743200000, 0x0000000743000000| Untracked 
|  25|0x0000000743200000, 0x0000000743400000, 0x0000000743400000|100%| O|  |TAMS 0x0000000743400000, 0x0000000743200000| Untracked 
|  26|0x0000000743400000, 0x0000000743600000, 0x0000000743600000|100%| O|  |TAMS 0x0000000743600000, 0x0000000743400000| Untracked 
|  27|0x0000000743600000, 0x0000000743800000, 0x0000000743800000|100%| O|  |TAMS 0x0000000743800000, 0x0000000743600000| Updating 
|  28|0x0000000743800000, 0x0000000743a00000, 0x0000000743a00000|100%| O|  |TAMS 0x0000000743a00000, 0x0000000743800000| Updating 
|  29|0x0000000743a00000, 0x0000000743c00000, 0x0000000743c00000|100%| O|  |TAMS 0x0000000743c00000, 0x0000000743a00000| Updating 
|  30|0x0000000743c00000, 0x0000000743e00000, 0x0000000743e00000|100%| O|  |TAMS 0x0000000743e00000, 0x0000000743c00000| Updating 
|  31|0x0000000743e00000, 0x0000000744000000, 0x0000000744000000|100%| O|  |TAMS 0x0000000744000000, 0x0000000743e00000| Updating 
|  32|0x0000000744000000, 0x0000000744200000, 0x0000000744200000|100%|HS|  |TAMS 0x0000000744200000, 0x0000000744000000| Complete 
|  33|0x0000000744200000, 0x0000000744400000, 0x0000000744400000|100%|HS|  |TAMS 0x0000000744400000, 0x0000000744200000| Complete 
|  34|0x0000000744400000, 0x0000000744600000, 0x0000000744600000|100%| O|  |TAMS 0x0000000744600000, 0x0000000744400000| Untracked 
|  35|0x0000000744600000, 0x0000000744800000, 0x0000000744800000|100%| O|  |TAMS 0x0000000744800000, 0x0000000744600000| Untracked 
|  36|0x0000000744800000, 0x0000000744a00000, 0x0000000744a00000|100%| O|  |TAMS 0x0000000744a00000, 0x0000000744800000| Untracked 
|  37|0x0000000744a00000, 0x0000000744c00000, 0x0000000744c00000|100%| O|  |TAMS 0x0000000744c00000, 0x0000000744a00000| Untracked 
|  38|0x0000000744c00000, 0x0000000744e00000, 0x0000000744e00000|100%| O|  |TAMS 0x0000000744e00000, 0x0000000744c00000| Untracked 
|  39|0x0000000744e00000, 0x0000000745000000, 0x0000000745000000|100%| O|  |TAMS 0x0000000745000000, 0x0000000744e00000| Updating 
|  40|0x0000000745000000, 0x0000000745200000, 0x0000000745200000|100%| O|  |TAMS 0x0000000745200000, 0x0000000745000000| Untracked 
|  41|0x0000000745200000, 0x0000000745400000, 0x0000000745400000|100%| O|  |TAMS 0x0000000745400000, 0x0000000745200000| Untracked 
|  42|0x0000000745400000, 0x0000000745600000, 0x0000000745600000|100%| O|  |TAMS 0x0000000745600000, 0x0000000745400000| Untracked 
|  43|0x0000000745600000, 0x0000000745800000, 0x0000000745800000|100%| O|  |TAMS 0x0000000745800000, 0x0000000745600000| Updating 
|  44|0x0000000745800000, 0x0000000745a00000, 0x0000000745a00000|100%| O|  |TAMS 0x0000000745a00000, 0x0000000745800000| Updating 
|  45|0x0000000745a00000, 0x0000000745c00000, 0x0000000745c00000|100%| O|  |TAMS 0x0000000745c00000, 0x0000000745a00000| Updating 
|  46|0x0000000745c00000, 0x0000000745e00000, 0x0000000745e00000|100%| O|  |TAMS 0x0000000745e00000, 0x0000000745c00000| Updating 
|  47|0x0000000745e00000, 0x0000000746000000, 0x0000000746000000|100%| O|  |TAMS 0x0000000746000000, 0x0000000745e00000| Updating 
|  48|0x0000000746000000, 0x0000000746200000, 0x0000000746200000|100%| O|  |TAMS 0x0000000746200000, 0x0000000746000000| Updating 
|  49|0x0000000746200000, 0x0000000746400000, 0x0000000746400000|100%| O|  |TAMS 0x0000000746400000, 0x0000000746200000| Updating 
|  50|0x0000000746400000, 0x0000000746600000, 0x0000000746600000|100%| O|  |TAMS 0x0000000746600000, 0x0000000746400000| Updating 
|  51|0x0000000746600000, 0x0000000746800000, 0x0000000746800000|100%| O|  |TAMS 0x0000000746600000, 0x0000000746600000| Untracked 
|  52|0x0000000746800000, 0x0000000746a00000, 0x0000000746a00000|100%| O|  |TAMS 0x0000000746800000, 0x0000000746800000| Untracked 
|  53|0x0000000746a00000, 0x0000000746c00000, 0x0000000746c00000|100%| O|  |TAMS 0x0000000746a00000, 0x0000000746a00000| Untracked 
|  54|0x0000000746c00000, 0x0000000746e00000, 0x0000000746e00000|100%| O|  |TAMS 0x0000000746c00000, 0x0000000746c00000| Untracked 
|  55|0x0000000746e00000, 0x0000000747000000, 0x0000000747000000|100%| O|  |TAMS 0x0000000746e00000, 0x0000000746e00000| Untracked 
|  56|0x0000000747000000, 0x0000000747200000, 0x0000000747200000|100%| O|  |TAMS 0x0000000747000000, 0x0000000747000000| Untracked 
|  57|0x0000000747200000, 0x000000074723b200, 0x0000000747400000| 11%| O|  |TAMS 0x0000000747200000, 0x0000000747200000| Untracked 
|  58|0x0000000747400000, 0x0000000747400000, 0x0000000747600000|  0%| F|  |TAMS 0x0000000747400000, 0x0000000747400000| Untracked 
|  59|0x0000000747600000, 0x0000000747600000, 0x0000000747800000|  0%| F|  |TAMS 0x0000000747600000, 0x0000000747600000| Untracked 
|  60|0x0000000747800000, 0x0000000747a00000, 0x0000000747a00000|100%| O|  |TAMS 0x0000000747a00000, 0x0000000747800000| Updating 
|  61|0x0000000747a00000, 0x0000000747c00000, 0x0000000747c00000|100%| O|  |TAMS 0x0000000747c00000, 0x0000000747a00000| Updating 
|  62|0x0000000747c00000, 0x0000000747e00000, 0x0000000747e00000|100%| O|  |TAMS 0x0000000747e00000, 0x0000000747c00000| Updating 
|  63|0x0000000747e00000, 0x0000000748000000, 0x0000000748000000|100%| O|  |TAMS 0x0000000748000000, 0x0000000747e00000| Updating 
|  64|0x0000000748000000, 0x0000000748000000, 0x0000000748200000|  0%| F|  |TAMS 0x0000000748000000, 0x0000000748000000| Untracked 
|  65|0x0000000748200000, 0x0000000748200000, 0x0000000748400000|  0%| F|  |TAMS 0x0000000748200000, 0x0000000748200000| Untracked 
|  66|0x0000000748400000, 0x0000000748400000, 0x0000000748600000|  0%| F|  |TAMS 0x0000000748400000, 0x0000000748400000| Untracked 
|  67|0x0000000748600000, 0x0000000748600000, 0x0000000748800000|  0%| F|  |TAMS 0x0000000748600000, 0x0000000748600000| Untracked 
|  68|0x0000000748800000, 0x0000000748800000, 0x0000000748a00000|  0%| F|  |TAMS 0x0000000748800000, 0x0000000748800000| Untracked 
|  69|0x0000000748a00000, 0x0000000748c00000, 0x0000000748c00000|100%| O|  |TAMS 0x0000000748a00000, 0x0000000748a00000| Untracked 
|  70|0x0000000748c00000, 0x0000000748e00000, 0x0000000748e00000|100%| O|  |TAMS 0x0000000748e00000, 0x0000000748c00000| Updating 
|  71|0x0000000748e00000, 0x0000000748e00000, 0x0000000749000000|  0%| F|  |TAMS 0x0000000748e00000, 0x0000000748e00000| Untracked 
|  72|0x0000000749000000, 0x0000000749000000, 0x0000000749200000|  0%| F|  |TAMS 0x0000000749000000, 0x0000000749000000| Untracked 
|  73|0x0000000749200000, 0x0000000749200000, 0x0000000749400000|  0%| F|  |TAMS 0x0000000749200000, 0x0000000749200000| Untracked 
|  74|0x0000000749400000, 0x0000000749400000, 0x0000000749600000|  0%| F|  |TAMS 0x0000000749400000, 0x0000000749400000| Untracked 
|  75|0x0000000749600000, 0x0000000749600000, 0x0000000749800000|  0%| F|  |TAMS 0x0000000749600000, 0x0000000749600000| Untracked 
|  76|0x0000000749800000, 0x0000000749800000, 0x0000000749a00000|  0%| F|  |TAMS 0x0000000749800000, 0x0000000749800000| Untracked 
|  77|0x0000000749a00000, 0x0000000749a00000, 0x0000000749c00000|  0%| F|  |TAMS 0x0000000749a00000, 0x0000000749a00000| Untracked 
|  78|0x0000000749c00000, 0x0000000749e00000, 0x0000000749e00000|100%| O|  |TAMS 0x0000000749e00000, 0x0000000749c00000| Updating 
|  79|0x0000000749e00000, 0x000000074a000000, 0x000000074a000000|100%| O|  |TAMS 0x000000074a000000, 0x0000000749e00000| Updating 
|  80|0x000000074a000000, 0x000000074a200000, 0x000000074a200000|100%| O|  |TAMS 0x000000074a200000, 0x000000074a000000| Updating 
|  81|0x000000074a200000, 0x000000074a400000, 0x000000074a400000|100%| O|  |TAMS 0x000000074a400000, 0x000000074a200000| Updating 
|  82|0x000000074a400000, 0x000000074a600000, 0x000000074a600000|100%| O|  |TAMS 0x000000074a600000, 0x000000074a400000| Updating 
|  83|0x000000074a600000, 0x000000074a600000, 0x000000074a800000|  0%| F|  |TAMS 0x000000074a600000, 0x000000074a600000| Untracked 
|  84|0x000000074a800000, 0x000000074aa00000, 0x000000074aa00000|100%| O|  |TAMS 0x000000074aa00000, 0x000000074a800000| Updating 
|  85|0x000000074aa00000, 0x000000074ac00000, 0x000000074ac00000|100%| O|  |TAMS 0x000000074ac00000, 0x000000074aa00000| Updating 
|  86|0x000000074ac00000, 0x000000074ae00000, 0x000000074ae00000|100%| O|  |TAMS 0x000000074ae00000, 0x000000074ac00000| Updating 
|  87|0x000000074ae00000, 0x000000074b000000, 0x000000074b000000|100%| O|  |TAMS 0x000000074ae00000, 0x000000074ae00000| Untracked 
|  88|0x000000074b000000, 0x000000074b200000, 0x000000074b200000|100%| O|  |TAMS 0x000000074b000000, 0x000000074b000000| Untracked 
|  89|0x000000074b200000, 0x000000074b400000, 0x000000074b400000|100%| O|  |TAMS 0x000000074b200000, 0x000000074b200000| Untracked 
|  90|0x000000074b400000, 0x000000074b600000, 0x000000074b600000|100%| O|  |TAMS 0x000000074b400000, 0x000000074b400000| Untracked 
|  91|0x000000074b600000, 0x000000074b800000, 0x000000074b800000|100%| O|  |TAMS 0x000000074b600000, 0x000000074b600000| Untracked 
|  92|0x000000074b800000, 0x000000074ba00000, 0x000000074ba00000|100%| O|  |TAMS 0x000000074b800000, 0x000000074b800000| Untracked 
|  93|0x000000074ba00000, 0x000000074bc00000, 0x000000074bc00000|100%| O|  |TAMS 0x000000074ba00000, 0x000000074ba00000| Untracked 
|  94|0x000000074bc00000, 0x000000074be00000, 0x000000074be00000|100%| O|  |TAMS 0x000000074bc00000, 0x000000074bc00000| Untracked 
|  95|0x000000074be00000, 0x000000074c000000, 0x000000074c000000|100%| O|  |TAMS 0x000000074be00000, 0x000000074be00000| Untracked 
|  96|0x000000074c000000, 0x000000074c200000, 0x000000074c200000|100%| O|  |TAMS 0x000000074c000000, 0x000000074c000000| Untracked 
|  97|0x000000074c200000, 0x000000074c400000, 0x000000074c400000|100%| O|  |TAMS 0x000000074c200000, 0x000000074c200000| Untracked 
|  98|0x000000074c400000, 0x000000074c600000, 0x000000074c600000|100%| O|  |TAMS 0x000000074c400000, 0x000000074c400000| Untracked 
|  99|0x000000074c600000, 0x000000074c800000, 0x000000074c800000|100%| O|  |TAMS 0x000000074c600000, 0x000000074c600000| Untracked 
| 100|0x000000074c800000, 0x000000074ca00000, 0x000000074ca00000|100%| O|  |TAMS 0x000000074c800000, 0x000000074c800000| Untracked 
| 101|0x000000074ca00000, 0x000000074cc00000, 0x000000074cc00000|100%| O|  |TAMS 0x000000074ca00000, 0x000000074ca00000| Untracked 
| 102|0x000000074cc00000, 0x000000074ce00000, 0x000000074ce00000|100%| O|  |TAMS 0x000000074cc00000, 0x000000074cc00000| Untracked 
| 103|0x000000074ce00000, 0x000000074d000000, 0x000000074d000000|100%| O|  |TAMS 0x000000074ce00000, 0x000000074ce00000| Untracked 
| 104|0x000000074d000000, 0x000000074d200000, 0x000000074d200000|100%| O|  |TAMS 0x000000074d000000, 0x000000074d000000| Untracked 
| 105|0x000000074d200000, 0x000000074d400000, 0x000000074d400000|100%| O|  |TAMS 0x000000074d200000, 0x000000074d200000| Untracked 
| 106|0x000000074d400000, 0x000000074d600000, 0x000000074d600000|100%| O|  |TAMS 0x000000074d400000, 0x000000074d400000| Untracked 
| 107|0x000000074d600000, 0x000000074d800000, 0x000000074d800000|100%| O|  |TAMS 0x000000074d600000, 0x000000074d600000| Updating 
| 108|0x000000074d800000, 0x000000074d800000, 0x000000074da00000|  0%| F|  |TAMS 0x000000074d800000, 0x000000074d800000| Untracked 
| 109|0x000000074da00000, 0x000000074da00000, 0x000000074dc00000|  0%| F|  |TAMS 0x000000074da00000, 0x000000074da00000| Untracked 
| 110|0x000000074dc00000, 0x000000074dc00000, 0x000000074de00000|  0%| F|  |TAMS 0x000000074dc00000, 0x000000074dc00000| Untracked 
| 111|0x000000074de00000, 0x000000074de00000, 0x000000074e000000|  0%| F|  |TAMS 0x000000074de00000, 0x000000074de00000| Untracked 
| 112|0x000000074e000000, 0x000000074e000000, 0x000000074e200000|  0%| F|  |TAMS 0x000000074e000000, 0x000000074e000000| Untracked 
| 113|0x000000074e200000, 0x000000074e200000, 0x000000074e400000|  0%| F|  |TAMS 0x000000074e200000, 0x000000074e200000| Untracked 
| 114|0x000000074e400000, 0x000000074e400000, 0x000000074e600000|  0%| F|  |TAMS 0x000000074e400000, 0x000000074e400000| Untracked 
| 115|0x000000074e600000, 0x000000074e600000, 0x000000074e800000|  0%| F|  |TAMS 0x000000074e600000, 0x000000074e600000| Untracked 
| 116|0x000000074e800000, 0x000000074e800000, 0x000000074ea00000|  0%| F|  |TAMS 0x000000074e800000, 0x000000074e800000| Untracked 
| 117|0x000000074ea00000, 0x000000074ea00000, 0x000000074ec00000|  0%| F|  |TAMS 0x000000074ea00000, 0x000000074ea00000| Untracked 
| 118|0x000000074ec00000, 0x000000074ec00000, 0x000000074ee00000|  0%| F|  |TAMS 0x000000074ec00000, 0x000000074ec00000| Untracked 
| 119|0x000000074ee00000, 0x000000074ee00000, 0x000000074f000000|  0%| F|  |TAMS 0x000000074ee00000, 0x000000074ee00000| Untracked 
| 120|0x000000074f000000, 0x000000074f000000, 0x000000074f200000|  0%| F|  |TAMS 0x000000074f000000, 0x000000074f000000| Untracked 
| 121|0x000000074f200000, 0x000000074f200000, 0x000000074f400000|  0%| F|  |TAMS 0x000000074f200000, 0x000000074f200000| Untracked 
| 122|0x000000074f400000, 0x000000074f400000, 0x000000074f600000|  0%| F|  |TAMS 0x000000074f400000, 0x000000074f400000| Untracked 
| 123|0x000000074f600000, 0x000000074f600000, 0x000000074f800000|  0%| F|  |TAMS 0x000000074f600000, 0x000000074f600000| Untracked 
| 124|0x000000074f800000, 0x000000074f800000, 0x000000074fa00000|  0%| F|  |TAMS 0x000000074f800000, 0x000000074f800000| Untracked 
| 125|0x000000074fa00000, 0x000000074fa00000, 0x000000074fc00000|  0%| F|  |TAMS 0x000000074fa00000, 0x000000074fa00000| Untracked 
| 126|0x000000074fc00000, 0x000000074fc00000, 0x000000074fe00000|  0%| F|  |TAMS 0x000000074fc00000, 0x000000074fc00000| Untracked 
| 127|0x000000074fe00000, 0x000000074fe00000, 0x0000000750000000|  0%| F|  |TAMS 0x000000074fe00000, 0x000000074fe00000| Untracked 
| 128|0x0000000750000000, 0x0000000750000000, 0x0000000750200000|  0%| F|  |TAMS 0x0000000750000000, 0x0000000750000000| Untracked 
| 129|0x0000000750200000, 0x0000000750200000, 0x0000000750400000|  0%| F|  |TAMS 0x0000000750200000, 0x0000000750200000| Untracked 
| 130|0x0000000750400000, 0x0000000750400000, 0x0000000750600000|  0%| F|  |TAMS 0x0000000750400000, 0x0000000750400000| Untracked 
| 131|0x0000000750600000, 0x0000000750600000, 0x0000000750800000|  0%| F|  |TAMS 0x0000000750600000, 0x0000000750600000| Untracked 
| 132|0x0000000750800000, 0x0000000750800000, 0x0000000750a00000|  0%| F|  |TAMS 0x0000000750800000, 0x0000000750800000| Untracked 
| 133|0x0000000750a00000, 0x0000000750a00000, 0x0000000750c00000|  0%| F|  |TAMS 0x0000000750a00000, 0x0000000750a00000| Untracked 
| 134|0x0000000750c00000, 0x0000000750c00000, 0x0000000750e00000|  0%| F|  |TAMS 0x0000000750c00000, 0x0000000750c00000| Untracked 
| 135|0x0000000750e00000, 0x0000000750e00000, 0x0000000751000000|  0%| F|  |TAMS 0x0000000750e00000, 0x0000000750e00000| Untracked 
| 136|0x0000000751000000, 0x0000000751000000, 0x0000000751200000|  0%| F|  |TAMS 0x0000000751000000, 0x0000000751000000| Untracked 
| 137|0x0000000751200000, 0x0000000751200000, 0x0000000751400000|  0%| F|  |TAMS 0x0000000751200000, 0x0000000751200000| Untracked 
| 138|0x0000000751400000, 0x0000000751400000, 0x0000000751600000|  0%| F|  |TAMS 0x0000000751400000, 0x0000000751400000| Untracked 
| 139|0x0000000751600000, 0x0000000751600000, 0x0000000751800000|  0%| F|  |TAMS 0x0000000751600000, 0x0000000751600000| Untracked 
| 140|0x0000000751800000, 0x0000000751800000, 0x0000000751a00000|  0%| F|  |TAMS 0x0000000751800000, 0x0000000751800000| Untracked 
| 141|0x0000000751a00000, 0x0000000751a00000, 0x0000000751c00000|  0%| F|  |TAMS 0x0000000751a00000, 0x0000000751a00000| Untracked 
| 142|0x0000000751c00000, 0x0000000751c00000, 0x0000000751e00000|  0%| F|  |TAMS 0x0000000751c00000, 0x0000000751c00000| Untracked 
| 143|0x0000000751e00000, 0x0000000751e00000, 0x0000000752000000|  0%| F|  |TAMS 0x0000000751e00000, 0x0000000751e00000| Untracked 
| 144|0x0000000752000000, 0x0000000752000000, 0x0000000752200000|  0%| F|  |TAMS 0x0000000752000000, 0x0000000752000000| Untracked 
| 145|0x0000000752200000, 0x0000000752200000, 0x0000000752400000|  0%| F|  |TAMS 0x0000000752200000, 0x0000000752200000| Untracked 
| 146|0x0000000752400000, 0x0000000752400000, 0x0000000752600000|  0%| F|  |TAMS 0x0000000752400000, 0x0000000752400000| Untracked 
| 147|0x0000000752600000, 0x0000000752600000, 0x0000000752800000|  0%| F|  |TAMS 0x0000000752600000, 0x0000000752600000| Untracked 
| 148|0x0000000752800000, 0x0000000752800000, 0x0000000752a00000|  0%| F|  |TAMS 0x0000000752800000, 0x0000000752800000| Untracked 
| 149|0x0000000752a00000, 0x0000000752a00000, 0x0000000752c00000|  0%| F|  |TAMS 0x0000000752a00000, 0x0000000752a00000| Untracked 
| 150|0x0000000752c00000, 0x0000000752c00000, 0x0000000752e00000|  0%| F|  |TAMS 0x0000000752c00000, 0x0000000752c00000| Untracked 
| 151|0x0000000752e00000, 0x0000000752e00000, 0x0000000753000000|  0%| F|  |TAMS 0x0000000752e00000, 0x0000000752e00000| Untracked 
| 152|0x0000000753000000, 0x0000000753000000, 0x0000000753200000|  0%| F|  |TAMS 0x0000000753000000, 0x0000000753000000| Untracked 
| 153|0x0000000753200000, 0x0000000753400000, 0x0000000753400000|100%| S|CS|TAMS 0x0000000753200000, 0x0000000753200000| Complete 
| 154|0x0000000753400000, 0x0000000753600000, 0x0000000753600000|100%| S|CS|TAMS 0x0000000753400000, 0x0000000753400000| Complete 
| 155|0x0000000753600000, 0x0000000753600000, 0x0000000753800000|  0%| F|  |TAMS 0x0000000753600000, 0x0000000753600000| Untracked 
| 156|0x0000000753800000, 0x0000000753800000, 0x0000000753a00000|  0%| F|  |TAMS 0x0000000753800000, 0x0000000753800000| Untracked 
| 157|0x0000000753a00000, 0x0000000753a00000, 0x0000000753c00000|  0%| F|  |TAMS 0x0000000753a00000, 0x0000000753a00000| Untracked 
|1534|0x00000007ffc00000, 0x00000007ffe00000, 0x00000007ffe00000|100%| O|  |TAMS 0x00000007ffe00000, 0x00000007ffc00000| Untracked 
|1535|0x00000007ffe00000, 0x0000000800000000, 0x0000000800000000|100%| O|  |TAMS 0x0000000800000000, 0x00000007ffe00000| Updating 

Card table byte_map: [0x0000025c99880000,0x0000025c99e80000] _byte_map_base: 0x0000025c95e80000

Marking Bits (Prev, Next): (CMBitMap*) 0x0000025c81cbb3d0, (CMBitMap*) 0x0000025c81cbb410
 Prev Bits: [0x0000025c9a480000, 0x0000025c9d480000)
 Next Bits: [0x0000025c9d480000, 0x0000025ca0480000)

Polling page: 0x0000025c81410000

Metaspace:

Usage:
  Non-class:     69.69 MB used.
      Class:     11.04 MB used.
       Both:     80.73 MB used.

Virtual space:
  Non-class space:      128.00 MB reserved,      70.50 MB ( 55%) committed,  2 nodes.
      Class space:        1.00 GB reserved,      11.44 MB (  1%) committed,  1 nodes.
             Both:        1.12 GB reserved,      81.94 MB (  7%) committed. 

Chunk freelists:
   Non-Class:  9.79 MB
       Class:  4.53 MB
        Both:  14.33 MB

MaxMetaspaceSize: unlimited
CompressedClassSpaceSize: 1.00 GB
Initial GC threshold: 21.00 MB
Current GC threshold: 136.56 MB
CDS: on
MetaspaceReclaimPolicy: balanced
 - commit_granule_bytes: 65536.
 - commit_granule_words: 8192.
 - virtual_space_node_default_size: 8388608.
 - enlarge_chunks_in_place: 1.
 - new_chunks_are_fully_committed: 0.
 - uncommit_free_chunks: 1.
 - use_allocation_guard: 0.
 - handle_deallocations: 1.


Internal statistics:

num_allocs_failed_limit: 9.
num_arena_births: 826.
num_arena_deaths: 10.
num_vsnodes_births: 3.
num_vsnodes_deaths: 0.
num_space_committed: 1335.
num_space_uncommitted: 24.
num_chunks_returned_to_freelist: 95.
num_chunks_taken_from_freelist: 4130.
num_chunk_merges: 35.
num_chunk_splits: 2694.
num_chunks_enlarged: 1802.
num_inconsistent_stats: 0.

CodeHeap 'non-profiled nmethods': size=119168Kb used=8366Kb max_used=8366Kb free=110801Kb
 bounds [0x0000025c91370000, 0x0000025c91ba0000, 0x0000025c987d0000]
CodeHeap 'profiled nmethods': size=119104Kb used=23211Kb max_used=23211Kb free=95892Kb
 bounds [0x0000025c897d0000, 0x0000025c8ae80000, 0x0000025c90c20000]
CodeHeap 'non-nmethods': size=7488Kb used=4085Kb max_used=4172Kb free=3402Kb
 bounds [0x0000025c90c20000, 0x0000025c91040000, 0x0000025c91370000]
 total_blobs=12346 nmethods=11426 adapters=827
 compilation: enabled
              stopped_count=0, restarted_count=0
 full_count=0

Compilation events (20 events):
Event: 19.518 Thread 0x0000025ca2b45580 nmethod 13720 0x0000025c8ae73a90 code [0x0000025c8ae73ca0, 0x0000025c8ae745b8]
Event: 19.522 Thread 0x0000025ce9065b00 13721       4       net.minecraftforge.srgutils.NamedMappingFile$Cls$Method::parameter (36 bytes)
Event: 19.523 Thread 0x0000025cef008500 13722       4       net.minecraftforge.srgutils.InternalUtils::swapFirst (15 bytes)
Event: 19.523 Thread 0x0000025cef0094f0 13723       4       net.minecraftforge.srgutils.NamedMappingFile$Cls::method (7 bytes)
Event: 19.523 Thread 0x0000025ca2b44c70 13724       4       net.minecraftforge.srgutils.NamedMappingFile$Cls::method (49 bytes)
Event: 19.524 Thread 0x0000025cef007fb0 13725       4       net.minecraftforge.srgutils.NamedMappingFile$Cls$Method::<init> (42 bytes)
Event: 19.525 Thread 0x0000025cef008500 nmethod 13722 0x0000025c91b98f10 code [0x0000025c91b990a0, 0x0000025c91b992d8]
Event: 19.534 Thread 0x0000025cef008500 13726       4       jdk.internal.misc.InnocuousThread::eraseThreadLocals (23 bytes)
Event: 19.535 Thread 0x0000025cef007fb0 nmethod 13725 0x0000025c91b99390 code [0x0000025c91b99520, 0x0000025c91b99bd8]
Event: 19.536 Thread 0x0000025cef008500 nmethod 13726 0x0000025c91b99d10 code [0x0000025c91b99e80, 0x0000025c91b99f98]
Event: 19.539 Thread 0x0000025cef007fb0 13727       4       net.minecraftforge.srgutils.NamedMappingFile$Cls::field (6 bytes)
Event: 19.539 Thread 0x0000025cef008500 13728       4       net.minecraftforge.srgutils.NamedMappingFile$Cls::field (31 bytes)
Event: 19.547 Thread 0x0000025ce9065b00 nmethod 13721 0x0000025c91b9a010 code [0x0000025c91b9a220, 0x0000025c91b9afb0]
Event: 19.551 Thread 0x0000025ca2b45580 13729 %     3       net.minecraftforge.srgutils.InternalUtils::loadTSrg2 @ 100 (661 bytes)
Event: 19.556 Thread 0x0000025ce9067040 13730       4       net.minecraftforge.srgutils.NamedMappingFile$Cls$Method::meta (14 bytes)
Event: 19.566 Thread 0x0000025ce9065b00 13731       4       java.lang.Integer::parseInt (264 bytes)
Event: 19.568 Thread 0x0000025cef008a50 13732       4       java.lang.CharacterDataLatin1::digit (32 bytes)
Event: 19.569 Thread 0x0000025ca2b45580 nmethod 13729% 0x0000025c8ae74810 code [0x0000025c8ae75320, 0x0000025c8ae7b9b8]
Event: 19.590 Thread 0x0000025cef008a50 nmethod 13732 0x0000025c91b9b790 code [0x0000025c91b9b920, 0x0000025c91b9b9f8]
Event: 19.590 Thread 0x0000025ca2b45580 13733       3       net.minecraftforge.srgutils.InternalUtils::loadTSrg2 (661 bytes)

GC Heap History (20 events):
Event: 13.527 GC heap after
{Heap after GC invocations=30 (full 0):
 garbage-first heap   total 282624K, used 66638K [0x0000000740000000, 0x0000000800000000)
  region size 2048K, 4 young (8192K), 4 survivors (8192K)
 Metaspace       used 66499K, committed 67136K, reserved 1114112K
  class space    used 9222K, committed 9472K, reserved 1048576K
}
Event: 14.785 GC heap before
{Heap before GC invocations=30 (full 0):
 garbage-first heap   total 282624K, used 259150K [0x0000000740000000, 0x0000000800000000)
  region size 2048K, 67 young (137216K), 4 survivors (8192K)
 Metaspace       used 71633K, committed 72384K, reserved 1114112K
  class space    used 10019K, committed 10368K, reserved 1048576K
}
Event: 14.796 GC heap after
{Heap after GC invocations=31 (full 0):
 garbage-first heap   total 290816K, used 84464K [0x0000000740000000, 0x0000000800000000)
  region size 2048K, 11 young (22528K), 11 survivors (22528K)
 Metaspace       used 71633K, committed 72384K, reserved 1114112K
  class space    used 10019K, committed 10368K, reserved 1048576K
}
Event: 16.848 GC heap before
{Heap before GC invocations=31 (full 0):
 garbage-first heap   total 290816K, used 236016K [0x0000000740000000, 0x0000000800000000)
  region size 2048K, 80 young (163840K), 11 survivors (22528K)
 Metaspace       used 79581K, committed 80256K, reserved 1179648K
  class space    used 10953K, committed 11264K, reserved 1048576K
}
Event: 16.861 GC heap after
{Heap after GC invocations=32 (full 0):
 garbage-first heap   total 290816K, used 114567K [0x0000000740000000, 0x0000000800000000)
  region size 2048K, 10 young (20480K), 10 survivors (20480K)
 Metaspace       used 79581K, committed 80256K, reserved 1179648K
  class space    used 10953K, committed 11264K, reserved 1048576K
}
Event: 17.044 GC heap before
{Heap before GC invocations=32 (full 0):
 garbage-first heap   total 290816K, used 219015K [0x0000000740000000, 0x0000000800000000)
  region size 2048K, 61 young (124928K), 10 survivors (20480K)
 Metaspace       used 79628K, committed 80384K, reserved 1179648K
  class space    used 10957K, committed 11264K, reserved 1048576K
}
Event: 17.052 GC heap after
{Heap after GC invocations=33 (full 0):
 garbage-first heap   total 290816K, used 143895K [0x0000000740000000, 0x0000000800000000)
  region size 2048K, 8 young (16384K), 8 survivors (16384K)
 Metaspace       used 79628K, committed 80384K, reserved 1179648K
  class space    used 10957K, committed 11264K, reserved 1048576K
}
Event: 17.121 GC heap before
{Heap before GC invocations=33 (full 0):
 garbage-first heap   total 290816K, used 219671K [0x0000000740000000, 0x0000000800000000)
  region size 2048K, 45 young (92160K), 8 survivors (16384K)
 Metaspace       used 79638K, committed 80384K, reserved 1179648K
  class space    used 10957K, committed 11264K, reserved 1048576K
}
Event: 17.128 GC heap after
{Heap after GC invocations=34 (full 0):
 garbage-first heap   total 290816K, used 160087K [0x0000000740000000, 0x0000000800000000)
  region size 2048K, 6 young (12288K), 6 survivors (12288K)
 Metaspace       used 79638K, committed 80384K, reserved 1179648K
  class space    used 10957K, committed 11264K, reserved 1048576K
}
Event: 17.286 GC heap before
{Heap before GC invocations=34 (full 0):
 garbage-first heap   total 290816K, used 225623K [0x0000000740000000, 0x0000000800000000)
  region size 2048K, 38 young (77824K), 6 survivors (12288K)
 Metaspace       used 80197K, committed 80896K, reserved 1179648K
  class space    used 11037K, committed 11328K, reserved 1048576K
}
Event: 17.293 GC heap after
{Heap after GC invocations=35 (full 0):
 garbage-first heap   total 290816K, used 175299K [0x0000000740000000, 0x0000000800000000)
  region size 2048K, 5 young (10240K), 5 survivors (10240K)
 Metaspace       used 80197K, committed 80896K, reserved 1179648K
  class space    used 11037K, committed 11328K, reserved 1048576K
}
Event: 18.821 GC heap before
{Heap before GC invocations=36 (full 0):
 garbage-first heap   total 301056K, used 230595K [0x0000000740000000, 0x0000000800000000)
  region size 2048K, 32 young (65536K), 5 survivors (10240K)
 Metaspace       used 82883K, committed 83648K, reserved 1179648K
  class space    used 11327K, committed 11648K, reserved 1048576K
}
Event: 18.825 GC heap after
{Heap after GC invocations=37 (full 0):
 garbage-first heap   total 301056K, used 182544K [0x0000000740000000, 0x0000000800000000)
  region size 2048K, 4 young (8192K), 4 survivors (8192K)
 Metaspace       used 82883K, committed 83648K, reserved 1179648K
  class space    used 11327K, committed 11648K, reserved 1048576K
}
Event: 18.978 GC heap before
{Heap before GC invocations=37 (full 0):
 garbage-first heap   total 301056K, used 188688K [0x0000000740000000, 0x0000000800000000)
  region size 2048K, 7 young (14336K), 4 survivors (8192K)
 Metaspace       used 83095K, committed 83904K, reserved 1179648K
  class space    used 11362K, committed 11712K, reserved 1048576K
}
Event: 18.981 GC heap after
{Heap after GC invocations=38 (full 0):
 garbage-first heap   total 301056K, used 181637K [0x0000000740000000, 0x0000000800000000)
  region size 2048K, 1 young (2048K), 1 survivors (2048K)
 Metaspace       used 83095K, committed 83904K, reserved 1179648K
  class space    used 11362K, committed 11712K, reserved 1048576K
}
Event: 19.527 GC heap before
{Heap before GC invocations=38 (full 0):
 garbage-first heap   total 301056K, used 238981K [0x0000000740000000, 0x0000000800000000)
  region size 2048K, 30 young (61440K), 1 survivors (2048K)
 Metaspace       used 84660K, committed 85440K, reserved 1179648K
  class space    used 11564K, committed 11904K, reserved 1048576K
}
Event: 19.533 GC heap after
{Heap after GC invocations=39 (full 0):
 garbage-first heap   total 301056K, used 210779K [0x0000000740000000, 0x0000000800000000)
  region size 2048K, 4 young (8192K), 4 survivors (8192K)
 Metaspace       used 84660K, committed 85440K, reserved 1179648K
  class space    used 11564K, committed 11904K, reserved 1048576K
}
Event: 19.559 GC heap before
{Heap before GC invocations=39 (full 0):
 garbage-first heap   total 301056K, used 239451K [0x0000000740000000, 0x0000000800000000)
  region size 2048K, 18 young (36864K), 4 survivors (8192K)
 Metaspace       used 84667K, committed 85440K, reserved 1179648K
  class space    used 11564K, committed 11904K, reserved 1048576K
}
Event: 19.564 GC heap after
{Heap after GC invocations=40 (full 0):
 garbage-first heap   total 301056K, used 230464K [0x0000000740000000, 0x0000000800000000)
  region size 2048K, 3 young (6144K), 3 survivors (6144K)
 Metaspace       used 84667K, committed 85440K, reserved 1179648K
  class space    used 11564K, committed 11904K, reserved 1048576K
}
Event: 19.596 GC heap before
{Heap before GC invocations=40 (full 0):
 garbage-first heap   total 327680K, used 201792K [0x0000000740000000, 0x0000000800000000)
  region size 2048K, 11 young (22528K), 3 survivors (6144K)
 Metaspace       used 82670K, committed 83904K, reserved 1179648K
  class space    used 11309K, committed 11712K, reserved 1048576K
}

Dll operation events (15 events):
Event: 0.010 Loaded shared library D:\JAVA\JAVA_17\bin\java.dll
Event: 0.023 Loaded shared library D:\JAVA\JAVA_17\bin\jsvml.dll
Event: 0.063 Loaded shared library D:\JAVA\JAVA_17\bin\zip.dll
Event: 0.069 Loaded shared library D:\JAVA\JAVA_17\bin\instrument.dll
Event: 0.073 Loaded shared library D:\JAVA\JAVA_17\bin\net.dll
Event: 0.075 Loaded shared library D:\JAVA\JAVA_17\bin\nio.dll
Event: 0.079 Loaded shared library D:\JAVA\JAVA_17\bin\zip.dll
Event: 0.291 Loaded shared library D:\JAVA\JAVA_17\bin\jimage.dll
Event: 0.372 Loaded shared library D:\JAVA\JAVA_17\bin\verify.dll
Event: 0.500 Loaded shared library C:\Users\Lenovo\.gradle\native\c067742578af261105cb4f569cf0c3c89f3d7b1fecec35dd04571415982c5e48\windows-amd64\native-platform.dll
Event: 0.514 Loaded shared library C:\Users\Lenovo\.gradle\native\100fb08df4bc3b14c8652ba06237920a3bd2aa13389f12d3474272988ae205f9\windows-amd64\native-platform-file-events.dll
Event: 1.314 Loaded shared library D:\JAVA\JAVA_17\bin\management.dll
Event: 1.317 Loaded shared library D:\JAVA\JAVA_17\bin\management_ext.dll
Event: 1.465 Loaded shared library D:\JAVA\JAVA_17\bin\extnet.dll
Event: 1.836 Loaded shared library D:\JAVA\JAVA_17\bin\sunmscapi.dll

Deoptimization events (20 events):
Event: 19.411 Thread 0x0000025cf0b75f80 Uncommon trap: trap_request=0xffffffc6 fr.pc=0x0000025c917177e4 relative=0x0000000000000c44
Event: 19.411 Thread 0x0000025cf0b75f80 Uncommon trap: reason=bimorphic_or_optimized_type_check action=maybe_recompile pc=0x0000025c917177e4 method=java.util.Hashtable.put(Ljava/lang/Object;Ljava/lang/Object;)Ljava/lang/Object; @ 18 c2
Event: 19.411 Thread 0x0000025cf0b75f80 DEOPT PACKING pc=0x0000025c917177e4 sp=0x000000d09f4f82d0
Event: 19.411 Thread 0x0000025cf0b75f80 DEOPT UNPACKING pc=0x0000025c90c769a3 sp=0x000000d09f4f8298 mode 2
Event: 19.411 Thread 0x0000025cf0b75f80 Uncommon trap: trap_request=0xffffffc6 fr.pc=0x0000025c917177e4 relative=0x0000000000000c44
Event: 19.411 Thread 0x0000025cf0b75f80 Uncommon trap: reason=bimorphic_or_optimized_type_check action=maybe_recompile pc=0x0000025c917177e4 method=java.util.Hashtable.put(Ljava/lang/Object;Ljava/lang/Object;)Ljava/lang/Object; @ 18 c2
Event: 19.411 Thread 0x0000025cf0b75f80 DEOPT PACKING pc=0x0000025c917177e4 sp=0x000000d09f4f82d0
Event: 19.411 Thread 0x0000025cf0b75f80 DEOPT UNPACKING pc=0x0000025c90c769a3 sp=0x000000d09f4f8298 mode 2
Event: 19.426 Thread 0x0000025cf0b75f80 DEOPT PACKING pc=0x0000025c89b75666 sp=0x000000d09f4f82d0
Event: 19.426 Thread 0x0000025cf0b75f80 DEOPT UNPACKING pc=0x0000025c90c77143 sp=0x000000d09f4f7798 mode 0
Event: 19.439 Thread 0x0000025cf0b75f80 DEOPT PACKING pc=0x0000025c8a4951b6 sp=0x000000d09f4f61b0
Event: 19.439 Thread 0x0000025cf0b75f80 DEOPT UNPACKING pc=0x0000025c90c77143 sp=0x000000d09f4f5698 mode 0
Event: 19.478 Thread 0x0000025cf0b75f80 DEOPT PACKING pc=0x0000025c89b13f81 sp=0x000000d09f4fa4f0
Event: 19.478 Thread 0x0000025cf0b75f80 DEOPT UNPACKING pc=0x0000025c90c77143 sp=0x000000d09f4f99a8 mode 0
Event: 19.494 Thread 0x0000025cf0b75f80 Uncommon trap: trap_request=0xffffff45 fr.pc=0x0000025c91b90f84 relative=0x0000000000000164
Event: 19.494 Thread 0x0000025cf0b75f80 Uncommon trap: reason=unstable_if action=reinterpret pc=0x0000025c91b90f84 method=java.io.BufferedReader$1.hasNext()Z @ 24 c2
Event: 19.494 Thread 0x0000025cf0b75f80 DEOPT PACKING pc=0x0000025c91b90f84 sp=0x000000d09f4fa4b0
Event: 19.494 Thread 0x0000025cf0b75f80 DEOPT UNPACKING pc=0x0000025c90c769a3 sp=0x000000d09f4fa460 mode 2
Event: 19.503 Thread 0x0000025cf0b75f80 DEOPT PACKING pc=0x0000025c8a23f0e8 sp=0x000000d09f4fa4e0
Event: 19.503 Thread 0x0000025cf0b75f80 DEOPT UNPACKING pc=0x0000025c90c77143 sp=0x000000d09f4f9980 mode 0

Classes loaded (20 events):
Event: 19.359 Loading class java/beans/PropertyChangeSupport$PropertyChangeListenerMap
Event: 19.359 Loading class java/beans/ChangeListenerMap
Event: 19.360 Loading class java/beans/ChangeListenerMap done
Event: 19.360 Loading class java/beans/PropertyChangeSupport$PropertyChangeListenerMap done
Event: 19.361 Loading class java/beans/PropertyChangeListenerProxy
Event: 19.361 Loading class java/util/EventListenerProxy
Event: 19.361 Loading class java/util/EventListenerProxy done
Event: 19.361 Loading class java/beans/PropertyChangeListenerProxy done
Event: 19.399 Loading class org/xml/sax/ContentHandler
Event: 19.399 Loading class org/xml/sax/ContentHandler done
Event: 19.399 Loading class org/xml/sax/DTDHandler
Event: 19.399 Loading class org/xml/sax/DTDHandler done
Event: 19.407 Loading class java/util/Spliterators$IntArraySpliterator
Event: 19.408 Loading class java/util/Spliterators$IntArraySpliterator done
Event: 19.410 Loading class java/text/ParsePosition
Event: 19.411 Loading class java/text/ParsePosition done
Event: 19.419 Loading class java/text/CharacterIterator
Event: 19.420 Loading class java/text/CharacterIterator done
Event: 19.471 Loading class java/io/BufferedReader$1
Event: 19.471 Loading class java/io/BufferedReader$1 done

Classes unloaded (20 events):
Event: 19.572 Thread 0x0000025ca2b23100 Unloading class 0x0000025ca5af25a0 'org/spongepowered/asm/util/logging/MessageRouter$DebugInterceptingMessager'
Event: 19.572 Thread 0x0000025ca2b23100 Unloading class 0x0000025ca5af23a0 'org/spongepowered/asm/util/logging/MessageRouter'
Event: 19.572 Thread 0x0000025ca2b23100 Unloading class 0x0000025ca5af1f68 'org/spongepowered/tools/obfuscation/interfaces/IMessagerEx$MessageType'
Event: 19.572 Thread 0x0000025ca2b23100 Unloading class 0x0000025ca5af1b10 'org/spongepowered/tools/obfuscation/interfaces/IMixinAnnotationProcessor$CompilerEnvironment$2'
Event: 19.572 Thread 0x0000025ca2b23100 Unloading class 0x0000025ca5af18a8 'org/spongepowered/tools/obfuscation/interfaces/IMixinAnnotationProcessor$CompilerEnvironment$1'
Event: 19.572 Thread 0x0000025ca2b23100 Unloading class 0x0000025ca5af1640 'org/spongepowered/tools/obfuscation/interfaces/IMixinAnnotationProcessor$CompilerEnvironment'
Event: 19.572 Thread 0x0000025ca2b23100 Unloading class 0x0000025ca5af13b8 'org/spongepowered/tools/obfuscation/mirror/TypeHandleSimulated'
Event: 19.572 Thread 0x0000025ca2b23100 Unloading class 0x0000025ca5af1138 'org/spongepowered/tools/obfuscation/mirror/TypeHandle'
Event: 19.572 Thread 0x0000025ca2b23100 Unloading class 0x0000025ca5af0f40 'org/spongepowered/tools/obfuscation/interfaces/IObfuscationManager'
Event: 19.572 Thread 0x0000025ca2b23100 Unloading class 0x0000025ca5af0bd0 'org/spongepowered/tools/obfuscation/AnnotatedMixins'
Event: 19.572 Thread 0x0000025ca2b23100 Unloading class 0x0000025ca5af09d8 'org/spongepowered/tools/obfuscation/interfaces/IJavadocProvider'
Event: 19.572 Thread 0x0000025ca2b23100 Unloading class 0x0000025ca5af07e0 'org/spongepowered/tools/obfuscation/interfaces/ITypeHandleProvider'
Event: 19.572 Thread 0x0000025ca2b23100 Unloading class 0x0000025ca5af05e8 'org/spongepowered/asm/util/ITokenProvider'
Event: 19.572 Thread 0x0000025ca2b23100 Unloading class 0x0000025ca5af03f0 'org/spongepowered/tools/obfuscation/interfaces/IMixinAnnotationProcessor'
Event: 19.572 Thread 0x0000025ca2b23100 Unloading class 0x0000025ca5af01f8 'org/spongepowered/tools/obfuscation/interfaces/IOptionProvider'
Event: 19.572 Thread 0x0000025ca2b23100 Unloading class 0x0000025ca5af0000 'org/spongepowered/tools/obfuscation/interfaces/IMessagerSuppressible'
Event: 19.572 Thread 0x0000025ca2b23100 Unloading class 0x0000025ca5a40520 'org/spongepowered/tools/obfuscation/interfaces/IMessagerEx'
Event: 19.572 Thread 0x0000025ca2b23100 Unloading class 0x0000025ca5a40290 'org/spongepowered/tools/obfuscation/MixinObfuscationProcessorTargets'
Event: 19.572 Thread 0x0000025ca2b23100 Unloading class 0x0000025ca5a40000 'org/spongepowered/tools/obfuscation/MixinObfuscationProcessorInjection'
Event: 19.572 Thread 0x0000025ca2b23100 Unloading class 0x0000025ca5a39400 'org/spongepowered/tools/obfuscation/MixinObfuscationProcessor'

Classes redefined (0 events):
No events

Internal exceptions (20 events):
Event: 19.084 Thread 0x0000025cf0b6fa40 Exception <a 'java/lang/ClassNotFoundException'{0x000000075186d788}: org/gradle/api/internal/file/collections/DefaultConfigurableFileCollectionCustomizer> (0x000000075186d788) 
thrown [s\src\hotspot\share\classfile\systemDictionary.cpp, line 256]
Event: 19.144 Thread 0x0000025cf0b6fa40 Exception <a 'java/lang/ClassNotFoundException'{0x0000000751956a00}: org/gradle/api/internal/file/copy/CopySpecWrapper_DecoratedBeanInfo> (0x0000000751956a00) 
thrown [s\src\hotspot\share\classfile\systemDictionary.cpp, line 256]
Event: 19.145 Thread 0x0000025cf0b6fa40 Exception <a 'java/lang/ClassNotFoundException'{0x000000075196e7f0}: org/gradle/api/internal/file/copy/CopySpecWrapperBeanInfo> (0x000000075196e7f0) 
thrown [s\src\hotspot\share\classfile\systemDictionary.cpp, line 256]
Event: 19.145 Thread 0x0000025cf0b6fa40 Exception <a 'java/lang/ClassNotFoundException'{0x00000007519865d8}: org/gradle/api/internal/file/copy/CopySpecWrapperCustomizer> (0x00000007519865d8) 
thrown [s\src\hotspot\share\classfile\systemDictionary.cpp, line 256]
Event: 19.146 Thread 0x0000025cf0b6fa40 Exception <a 'java/lang/ClassNotFoundException'{0x00000007519efea8}: org/gradle/api/internal/file/copy/CopySpecWrapper_DecoratedCustomizer> (0x00000007519efea8) 
thrown [s\src\hotspot\share\classfile\systemDictionary.cpp, line 256]
Event: 19.152 Thread 0x0000025cf0b6fa40 Exception <a 'java/lang/ClassNotFoundException'{0x00000007516903e8}: org/gradle/api/java/archives/internal/DefaultAttributesBeanInfo> (0x00000007516903e8) 
thrown [s\src\hotspot\share\classfile\systemDictionary.cpp, line 256]
Event: 19.153 Thread 0x0000025cf0b6fa40 Exception <a 'java/lang/ClassNotFoundException'{0x00000007516a8890}: org/gradle/api/java/archives/internal/DefaultAttributesCustomizer> (0x00000007516a8890) 
thrown [s\src\hotspot\share\classfile\systemDictionary.cpp, line 256]
Event: 19.349 Thread 0x0000025cf0b75f80 Exception <a 'java/lang/ClassNotFoundException'{0x000000075103ef28}: java/lang/BooleanBeanInfo> (0x000000075103ef28) 
thrown [s\src\hotspot\share\classfile\systemDictionary.cpp, line 256]
Event: 19.349 Thread 0x0000025cf0b75f80 Exception <a 'java/lang/ClassNotFoundException'{0x00000007510417f8}: java/lang/BooleanCustomizer> (0x00000007510417f8) 
thrown [s\src\hotspot\share\classfile\systemDictionary.cpp, line 256]
Event: 19.399 Thread 0x0000025cf0b75f80 Exception <a 'java/lang/IncompatibleClassChangeError'{0x0000000750e571f0}: Found class java.lang.Object, but interface was expected> (0x0000000750e571f0) 
thrown [s\src\hotspot\share\interpreter\linkResolver.cpp, line 826]
Event: 19.434 Thread 0x0000025cf0b75f80 Exception <a 'java/lang/ClassNotFoundException'{0x0000000750c1a018}: org/gradle/api/internal/project/DefaultAntBuilderBeanInfo> (0x0000000750c1a018) 
thrown [s\src\hotspot\share\classfile\systemDictionary.cpp, line 256]
Event: 19.436 Thread 0x0000025cf0b75f80 Exception <a 'java/lang/ClassNotFoundException'{0x0000000750c2e5b8}: org/gradle/api/internal/project/ant/BasicAntBuilderBeanInfo> (0x0000000750c2e5b8) 
thrown [s\src\hotspot\share\classfile\systemDictionary.cpp, line 256]
Event: 19.436 Thread 0x0000025cf0b75f80 Exception <a 'java/lang/ClassNotFoundException'{0x0000000750c41bf0}: org/gradle/api/AntBuilderBeanInfo> (0x0000000750c41bf0) 
thrown [s\src\hotspot\share\classfile\systemDictionary.cpp, line 256]
Event: 19.438 Thread 0x0000025cf0b75f80 Exception <a 'java/lang/ClassNotFoundException'{0x0000000750c56930}: groovy/ant/AntBuilderBeanInfo> (0x0000000750c56930) 
thrown [s\src\hotspot\share\classfile\systemDictionary.cpp, line 256]
Event: 19.440 Thread 0x0000025cf0b75f80 Exception <a 'java/lang/ClassNotFoundException'{0x0000000750ca1bd8}: groovy/util/BuilderSupportBeanInfo> (0x0000000750ca1bd8) 
thrown [s\src\hotspot\share\classfile\systemDictionary.cpp, line 256]
Event: 19.441 Thread 0x0000025cf0b75f80 Exception <a 'java/lang/ClassNotFoundException'{0x0000000750cecea8}: groovy/util/BuilderSupportCustomizer> (0x0000000750cecea8) 
thrown [s\src\hotspot\share\classfile\systemDictionary.cpp, line 256]
Event: 19.441 Thread 0x0000025cf0b75f80 Exception <a 'java/lang/ClassNotFoundException'{0x0000000750d04570}: groovy/ant/AntBuilderCustomizer> (0x0000000750d04570) 
thrown [s\src\hotspot\share\classfile\systemDictionary.cpp, line 256]
Event: 19.443 Thread 0x0000025cf0b75f80 Exception <a 'java/lang/ClassNotFoundException'{0x0000000750d1cd10}: org/gradle/api/AntBuilderCustomizer> (0x0000000750d1cd10) 
thrown [s\src\hotspot\share\classfile\systemDictionary.cpp, line 256]
Event: 19.444 Thread 0x0000025cf0b75f80 Exception <a 'java/lang/ClassNotFoundException'{0x0000000750d3c918}: org/gradle/api/internal/project/ant/BasicAntBuilderCustomizer> (0x0000000750d3c918) 
thrown [s\src\hotspot\share\classfile\systemDictionary.cpp, line 256]
Event: 19.445 Thread 0x0000025cf0b75f80 Exception <a 'java/lang/ClassNotFoundException'{0x0000000750d641b0}: org/gradle/api/internal/project/DefaultAntBuilderCustomizer> (0x0000000750d641b0) 
thrown [s\src\hotspot\share\classfile\systemDictionary.cpp, line 256]

VM Operations (20 events):
Event: 18.825 Executing VM operation: G1CollectForAllocation done
Event: 18.902 Executing VM operation: HandshakeAllThreads
Event: 18.903 Executing VM operation: HandshakeAllThreads done
Event: 18.977 Executing VM operation: G1CollectForAllocation
Event: 18.981 Executing VM operation: G1CollectForAllocation done
Event: 19.267 Executing VM operation: HandshakeAllThreads
Event: 19.267 Executing VM operation: HandshakeAllThreads done
Event: 19.374 Executing VM operation: HandshakeAllThreads
Event: 19.388 Executing VM operation: HandshakeAllThreads done
Event: 19.493 Executing VM operation: HandshakeAllThreads
Event: 19.494 Executing VM operation: HandshakeAllThreads done
Event: 19.506 Executing VM operation: ICBufferFull
Event: 19.507 Executing VM operation: ICBufferFull done
Event: 19.526 Executing VM operation: G1CollectForAllocation
Event: 19.533 Executing VM operation: G1CollectForAllocation done
Event: 19.558 Executing VM operation: G1CollectForAllocation
Event: 19.564 Executing VM operation: G1CollectForAllocation done
Event: 19.571 Executing VM operation: G1PauseRemark
Event: 19.589 Executing VM operation: G1PauseRemark done
Event: 19.596 Executing VM operation: G1CollectForAllocation

Memory protections (0 events):
No events

Nmethod flushes (20 events):
Event: 17.628 Thread 0x0000025ca2b45e90 flushing  nmethod 0x0000025c8ab7b290
Event: 17.628 Thread 0x0000025ca2b45e90 flushing  nmethod 0x0000025c8ab7b610
Event: 17.628 Thread 0x0000025ca2b45e90 flushing  nmethod 0x0000025c8ab7bb10
Event: 17.628 Thread 0x0000025ca2b45e90 flushing  nmethod 0x0000025c8ab7c490
Event: 17.628 Thread 0x0000025ca2b45e90 flushing  nmethod 0x0000025c8ab80b90
Event: 17.628 Thread 0x0000025ca2b45e90 flushing  nmethod 0x0000025c8ab82e10
Event: 17.628 Thread 0x0000025ca2b45e90 flushing  nmethod 0x0000025c8ab84910
Event: 17.628 Thread 0x0000025ca2b45e90 flushing  nmethod 0x0000025c8ab86b90
Event: 17.628 Thread 0x0000025ca2b45e90 flushing  nmethod 0x0000025c8ab86f90
Event: 17.628 Thread 0x0000025ca2b45e90 flushing  nmethod 0x0000025c8ab88810
Event: 17.628 Thread 0x0000025ca2b45e90 flushing  nmethod 0x0000025c8ab89290
Event: 17.628 Thread 0x0000025ca2b45e90 flushing  nmethod 0x0000025c8ab8a810
Event: 17.628 Thread 0x0000025ca2b45e90 flushing osr nmethod 0x0000025c8ab8b090
Event: 17.628 Thread 0x0000025ca2b45e90 flushing  nmethod 0x0000025c8abbcc10
Event: 17.628 Thread 0x0000025ca2b45e90 flushing  nmethod 0x0000025c8abc5890
Event: 19.505 Thread 0x0000025ca2b45e90 flushing  nmethod 0x0000025c8aa59d90
Event: 19.505 Thread 0x0000025ca2b45e90 flushing  nmethod 0x0000025c8aa63a10
Event: 19.505 Thread 0x0000025ca2b45e90 flushing  nmethod 0x0000025c8aaec310
Event: 19.505 Thread 0x0000025ca2b45e90 flushing  nmethod 0x0000025c8aaf8b90
Event: 19.506 Thread 0x0000025ca2b45e90 flushing  nmethod 0x0000025c8abf9c10

Events (20 events):
Event: 14.193 Thread 0x0000025ca389f600 Thread added: 0x0000025cf2122f90
Event: 14.771 Thread 0x0000025cf2122f90 Thread exited: 0x0000025cf2122f90
Event: 14.977 Thread 0x0000025cef008500 Thread exited: 0x0000025cef008500
Event: 14.978 Thread 0x0000025cef007fb0 Thread exited: 0x0000025cef007fb0
Event: 15.106 Thread 0x0000025cef006fc0 Thread exited: 0x0000025cef006fc0
Event: 15.106 Thread 0x0000025cef009f90 Thread exited: 0x0000025cef009f90
Event: 15.187 Thread 0x0000025cef0094f0 Thread exited: 0x0000025cef0094f0
Event: 15.194 Thread 0x0000025cef008a50 Thread exited: 0x0000025cef008a50
Event: 15.303 Thread 0x0000025ca389f600 Thread added: 0x0000025cef008500
Event: 15.305 Thread 0x0000025ca389f600 Thread added: 0x0000025cef007fb0
Event: 15.346 Thread 0x0000025ca38b3fd0 Thread added: 0x0000025cef008a50
Event: 15.350 Thread 0x0000025ca38b3fd0 Thread added: 0x0000025cef0094f0
Event: 15.366 Thread 0x0000025cef008a50 Thread added: 0x0000025cef009f90
Event: 15.366 Thread 0x0000025cef008a50 Thread added: 0x0000025cef006fc0
Event: 15.468 Thread 0x0000025ca389f600 Thread added: 0x0000025ce9065b00
Event: 15.708 Thread 0x0000025ce9065b00 Thread exited: 0x0000025ce9065b00
Event: 15.748 Thread 0x0000025cef006fc0 Thread exited: 0x0000025cef006fc0
Event: 16.145 Thread 0x0000025cef007a60 Thread added: 0x0000025ce9065b00
Event: 16.148 Thread 0x0000025ca2b44c70 Thread added: 0x0000025ce9067040
Event: 17.327 Thread 0x0000025ce9f16e40 Thread exited: 0x0000025ce9f16e40


Dynamic libraries:
0x00007ff760330000 - 0x00007ff76033e000 	D:\JAVA\JAVA_17\bin\java.exe
0x00007ff966880000 - 0x00007ff966ae7000 	C:\WINDOWS\SYSTEM32\ntdll.dll
0x00007ff9664f0000 - 0x00007ff9665b9000 	C:\WINDOWS\System32\KERNEL32.DLL
0x00007ff963400000 - 0x00007ff9637f4000 	C:\WINDOWS\System32\KERNELBASE.dll
0x00007ff9644c0000 - 0x00007ff96460b000 	C:\WINDOWS\System32\ucrtbase.dll
0x00007ff906980000 - 0x00007ff906998000 	D:\JAVA\JAVA_17\bin\jli.dll
0x00007ff904b20000 - 0x00007ff904b3e000 	D:\JAVA\JAVA_17\bin\VCRUNTIME140.dll
0x00007ff9655e0000 - 0x00007ff9657a5000 	C:\WINDOWS\System32\USER32.dll
0x00007ff963150000 - 0x00007ff963177000 	C:\WINDOWS\System32\win32u.dll
0x00007ff941b30000 - 0x00007ff941dc3000 	C:\WINDOWS\WinSxS\amd64_microsoft.windows.common-controls_6595b64144ccf1df_6.0.26100.8115_none_3e075c82e3354f9c\COMCTL32.dll
0x00007ff964df0000 - 0x00007ff964e1b000 	C:\WINDOWS\System32\GDI32.dll
0x00007ff963180000 - 0x00007ff9632ab000 	C:\WINDOWS\System32\gdi32full.dll
0x00007ff965f80000 - 0x00007ff966029000 	C:\WINDOWS\System32\msvcrt.dll
0x00007ff964410000 - 0x00007ff9644b3000 	C:\WINDOWS\System32\msvcp_win.dll
0x00007ff9654d0000 - 0x00007ff965502000 	C:\WINDOWS\System32\IMM32.DLL
0x00007ff926da0000 - 0x00007ff926dac000 	D:\JAVA\JAVA_17\bin\vcruntime140_1.dll
0x00007ff8e6020000 - 0x00007ff8e60a9000 	D:\JAVA\JAVA_17\bin\msvcp140.dll
0x00007ff892a10000 - 0x00007ff89368a000 	D:\JAVA\JAVA_17\bin\server\jvm.dll
0x00007ff964750000 - 0x00007ff964806000 	C:\WINDOWS\System32\ADVAPI32.dll
0x00007ff964610000 - 0x00007ff9646b7000 	C:\WINDOWS\System32\sechost.dll
0x00007ff966130000 - 0x00007ff966248000 	C:\WINDOWS\System32\RPCRT4.dll
0x00007ff9665c0000 - 0x00007ff966640000 	C:\WINDOWS\System32\WS2_32.dll
0x00007ff962e00000 - 0x00007ff962e5e000 	C:\WINDOWS\SYSTEM32\POWRPROF.dll
0x00007ff953fd0000 - 0x00007ff954006000 	C:\WINDOWS\SYSTEM32\WINMM.dll
0x00007ff95c9d0000 - 0x00007ff95c9db000 	C:\WINDOWS\SYSTEM32\VERSION.dll
0x00007ff962de0000 - 0x00007ff962df4000 	C:\WINDOWS\SYSTEM32\UMPDC.dll
0x00007ff961ee0000 - 0x00007ff961efb000 	C:\WINDOWS\SYSTEM32\kernel.appcore.dll
0x00007ff926480000 - 0x00007ff92648a000 	D:\JAVA\JAVA_17\bin\jimage.dll
0x00007ff960b80000 - 0x00007ff960dc2000 	C:\WINDOWS\SYSTEM32\DBGHELP.DLL
0x00007ff964f20000 - 0x00007ff9652a2000 	C:\WINDOWS\System32\combase.dll
0x00007ff966050000 - 0x00007ff966128000 	C:\WINDOWS\System32\OLEAUT32.dll
0x00007ff94a8f0000 - 0x00007ff94a92b000 	C:\WINDOWS\SYSTEM32\dbgcore.DLL
0x00007ff964360000 - 0x00007ff964405000 	C:\WINDOWS\System32\bcryptPrimitives.dll
0x00007ff909970000 - 0x00007ff90997f000 	D:\JAVA\JAVA_17\bin\instrument.dll
0x00007ff8e6340000 - 0x00007ff8e6366000 	D:\JAVA\JAVA_17\bin\java.dll
0x00007ff8d6d80000 - 0x00007ff8d6e56000 	D:\JAVA\JAVA_17\bin\jsvml.dll
0x00007ff9657c0000 - 0x00007ff965f27000 	C:\WINDOWS\System32\SHELL32.dll
0x00007ff964070000 - 0x00007ff9641da000 	C:\WINDOWS\System32\wintypes.dll
0x00007ff963800000 - 0x00007ff964068000 	C:\WINDOWS\System32\windows.storage.dll
0x00007ff964e20000 - 0x00007ff964f18000 	C:\WINDOWS\System32\SHCORE.dll
0x00007ff965510000 - 0x00007ff965576000 	C:\WINDOWS\System32\shlwapi.dll
0x00007ff963070000 - 0x00007ff963099000 	C:\WINDOWS\SYSTEM32\profapi.dll
0x00007ff8e6e50000 - 0x00007ff8e6e68000 	D:\JAVA\JAVA_17\bin\zip.dll
0x00007ff8e6320000 - 0x00007ff8e633b000 	D:\JAVA\JAVA_17\bin\net.dll
0x00007ff95bfc0000 - 0x00007ff95c0ed000 	C:\WINDOWS\SYSTEM32\WINHTTP.dll
0x00007ff962440000 - 0x00007ff9624ac000 	C:\WINDOWS\system32\mswsock.dll
0x00007ff8e6000000 - 0x00007ff8e6016000 	D:\JAVA\JAVA_17\bin\nio.dll
0x00007ff909900000 - 0x00007ff909910000 	D:\JAVA\JAVA_17\bin\verify.dll
0x00007ff8ec860000 - 0x00007ff8ec887000 	C:\Users\Lenovo\.gradle\native\c067742578af261105cb4f569cf0c3c89f3d7b1fecec35dd04571415982c5e48\windows-amd64\native-platform.dll
0x00007ff8ceeb0000 - 0x00007ff8ceff4000 	C:\Users\Lenovo\.gradle\native\100fb08df4bc3b14c8652ba06237920a3bd2aa13389f12d3474272988ae205f9\windows-amd64\native-platform-file-events.dll
0x00007ff9098b0000 - 0x00007ff9098ba000 	D:\JAVA\JAVA_17\bin\management.dll
0x00007ff9094e0000 - 0x00007ff9094ec000 	D:\JAVA\JAVA_17\bin\management_ext.dll
0x00007ff966650000 - 0x00007ff966658000 	C:\WINDOWS\System32\PSAPI.DLL
0x00007ff962720000 - 0x00007ff96273b000 	C:\WINDOWS\SYSTEM32\CRYPTSP.dll
0x00007ff961e40000 - 0x00007ff961e79000 	C:\WINDOWS\system32\rsaenh.dll
0x00007ff9624f0000 - 0x00007ff962523000 	C:\WINDOWS\SYSTEM32\USERENV.dll
0x00007ff963040000 - 0x00007ff96306a000 	C:\WINDOWS\SYSTEM32\bcrypt.dll
0x00007ff962d80000 - 0x00007ff962d8c000 	C:\WINDOWS\SYSTEM32\CRYPTBASE.dll
0x00007ff9619e0000 - 0x00007ff961a12000 	C:\WINDOWS\SYSTEM32\IPHLPAPI.DLL
0x00007ff9646c0000 - 0x00007ff9646ca000 	C:\WINDOWS\System32\NSI.dll
0x00007ff95c9a0000 - 0x00007ff95c9bd000 	C:\WINDOWS\SYSTEM32\dhcpcsvc6.DLL
0x00007ff95c970000 - 0x00007ff95c995000 	C:\WINDOWS\SYSTEM32\dhcpcsvc.DLL
0x00007ff961a20000 - 0x00007ff961b52000 	C:\WINDOWS\SYSTEM32\DNSAPI.dll
0x00007ff907830000 - 0x00007ff907839000 	D:\JAVA\JAVA_17\bin\extnet.dll
0x00007ff8ede20000 - 0x00007ff8ede2e000 	D:\JAVA\JAVA_17\bin\sunmscapi.dll
0x00007ff9641e0000 - 0x00007ff964357000 	C:\WINDOWS\System32\CRYPT32.dll
0x00007ff962930000 - 0x00007ff962960000 	C:\WINDOWS\SYSTEM32\ncrypt.dll
0x00007ff9628e0000 - 0x00007ff96291f000 	C:\WINDOWS\SYSTEM32\NTASN1.dll
0x00007ff940520000 - 0x00007ff940528000 	C:\WINDOWS\system32\wshunix.dll
0x00007ff95c9c0000 - 0x00007ff95c9cb000 	C:\Windows\System32\rasadhlp.dll
0x00007ff95d1d0000 - 0x00007ff95d256000 	C:\WINDOWS\System32\fwpuclnt.dll

dbghelp: loaded successfully - version: 4.0.5 - missing functions: none
symbol engine: initialized successfully - sym options: 0x614 - pdb path: .;D:\JAVA\JAVA_17\bin;C:\WINDOWS\SYSTEM32;C:\WINDOWS\WinSxS\amd64_microsoft.windows.common-controls_6595b64144ccf1df_6.0.26100.8115_none_3e075c82e3354f9c;D:\JAVA\JAVA_17\bin\server;C:\Users\Lenovo\.gradle\native\c067742578af261105cb4f569cf0c3c89f3d7b1fecec35dd04571415982c5e48\windows-amd64;C:\Users\Lenovo\.gradle\native\100fb08df4bc3b14c8652ba06237920a3bd2aa13389f12d3474272988ae205f9\windows-amd64

VM Arguments:
jvm_args: --add-opens=java.base/java.util=ALL-UNNAMED --add-opens=java.base/java.lang=ALL-UNNAMED --add-opens=java.base/java.lang.invoke=ALL-UNNAMED --add-opens=java.prefs/java.util.prefs=ALL-UNNAMED --add-opens=java.base/java.nio.charset=ALL-UNNAMED --add-opens=java.base/java.net=ALL-UNNAMED --add-opens=java.base/java.util.concurrent.atomic=ALL-UNNAMED -Xmx3G -Dfile.encoding=UTF-8 -Duser.country=CN -Duser.language=zh -Duser.variant -javaagent:C:\Users\Lenovo\.gradle\wrapper\dists\gradle-8.8-bin\dl7vupf4psengwqhwktix4v1\gradle-8.8\lib\agents\gradle-instrumentation-agent-8.8.jar 
java_command: org.gradle.launcher.daemon.bootstrap.GradleDaemon 8.8
java_class_path (initial): C:\Users\Lenovo\.gradle\wrapper\dists\gradle-8.8-bin\dl7vupf4psengwqhwktix4v1\gradle-8.8\lib\gradle-launcher-8.8.jar
Launcher Type: SUN_STANDARD

[Global flags]
     intx CICompilerCount                          = 12                                        {product} {ergonomic}
     uint ConcGCThreads                            = 4                                         {product} {ergonomic}
     uint G1ConcRefinementThreads                  = 15                                        {product} {ergonomic}
   size_t G1HeapRegionSize                         = 2097152                                   {product} {ergonomic}
    uintx GCDrainStackTargetSize                   = 64                                        {product} {ergonomic}
   size_t InitialHeapSize                          = 266338304                                 {product} {ergonomic}
   size_t MarkStackSize                            = 4194304                                   {product} {ergonomic}
   size_t MaxHeapSize                              = 3221225472                                {product} {command line}
   size_t MaxNewSize                               = 1931476992                                {product} {ergonomic}
   size_t MinHeapDeltaBytes                        = 2097152                                   {product} {ergonomic}
   size_t MinHeapSize                              = 8388608                                   {product} {ergonomic}
    uintx NonNMethodCodeHeapSize                   = 7602480                                {pd product} {ergonomic}
    uintx NonProfiledCodeHeapSize                  = 122027880                              {pd product} {ergonomic}
    uintx ProfiledCodeHeapSize                     = 122027880                              {pd product} {ergonomic}
    uintx ReservedCodeCacheSize                    = 251658240                              {pd product} {ergonomic}
     bool SegmentedCodeCache                       = true                                      {product} {ergonomic}
   size_t SoftMaxHeapSize                          = 3221225472                             {manageable} {ergonomic}
     bool UseCompressedClassPointers               = true                           {product lp64_product} {ergonomic}
     bool UseCompressedOops                        = true                           {product lp64_product} {ergonomic}
     bool UseG1GC                                  = true                                      {product} {ergonomic}
     bool UseLargePagesIndividualAllocation        = false                                  {pd product} {ergonomic}

Logging:
Log output configuration:
 #0: stdout all=warning uptime,level,tags
 #1: stderr all=off uptime,level,tags

Environment Variables:
PATH=C:\Users\Lenovo\bin;D:\git\Git\mingw64\bin;D:\git\Git\usr\local\bin;D:\git\Git\usr\bin;D:\git\Git\usr\bin;D:\git\Git\mingw64\bin;D:\git\Git\usr\bin;C:\Users\Lenovo\bin;D:\Kubejs±‡“Î»Ìº˛\Microsoft VS Code;C:\Program Files\Common Files\Oracle\Java\javapath;C:\Program Files (x86)\Common Files\Oracle\Java\javapath;C:\ProgramData\Oracle\Java\javapath;C:\Windows\system32;C:\Windows;C:\Windows\System32\Wbem;C:\Windows\System32\WindowsPowerShell\v1.0;C:\Windows\System32\OpenSSH;C:\Program Files (x86)\NVIDIA Corporation\PhysX\Common;C:\WINDOWS\system32;C:\WINDOWS;C:\WINDOWS\System32\Wbem;C:\WINDOWS\System32\WindowsPowerShell\v1.0;C:\WINDOWS\System32\OpenSSH;C:\Program Files\dotnet;C:\WINDOWS\system32\downlevel;D:\git\Git\cmd;C:\Users\Lenovo\AppData\Local\Microsoft\WindowsApps;D:\Kubejs±‡“Î»Ìº˛\Microsoft VS Code\bin;D:\git\Git\usr\bin\vendor_perl;D:\git\Git\usr\bin\core_perl
USERNAME=Lenovo
SHELL=D:\git\Git\usr\bin\bash.exe
TERM=xterm-256color
OS=Windows_NT
PROCESSOR_IDENTIFIER=Intel64 Family 6 Model 154 Stepping 3, GenuineIntel
TMP=C:\Users\Lenovo\AppData\Local\Temp
TEMP=C:\Users\Lenovo\AppData\Local\Temp



Periodic native trim disabled


---------------  S Y S T E M  ---------------

OS:
 Windows 11 , 64 bit Build 26100 (10.0.26100.8246)
OS uptime: 0 days 20:27 hours
Hyper-V role detected

CPU: total 20 (initial active 20) (10 cores per cpu, 2 threads per core) family 6 model 154 stepping 3 microcode 0x424, cx8, cmov, fxsr, ht, mmx, 3dnowpref, sse, sse2, sse3, ssse3, sse4.1, sse4.2, popcnt, lzcnt, tsc, tscinvbit, avx, avx2, aes, erms, clmul, bmi1, bmi2, adx, sha, fma, vzeroupper, clflush, clflushopt, clwb, hv
Processor Information for processor 0
  Max Mhz: 2300, Current Mhz: 2300, Mhz Limit: 2300
Processor Information for processor 1
  Max Mhz: 2300, Current Mhz: 2300, Mhz Limit: 2300
Processor Information for processor 2
  Max Mhz: 2300, Current Mhz: 2300, Mhz Limit: 2300
Processor Information for processor 3
  Max Mhz: 2300, Current Mhz: 2300, Mhz Limit: 2300
Processor Information for processor 4
  Max Mhz: 2300, Current Mhz: 2300, Mhz Limit: 2300
Processor Information for processor 5
  Max Mhz: 2300, Current Mhz: 2300, Mhz Limit: 2300
Processor Information for processor 6
  Max Mhz: 2300, Current Mhz: 2300, Mhz Limit: 2300
Processor Information for processor 7
  Max Mhz: 2300, Current Mhz: 1506, Mhz Limit: 2300
Processor Information for processor 8
  Max Mhz: 2300, Current Mhz: 1506, Mhz Limit: 2300
Processor Information for processor 9
  Max Mhz: 2300, Current Mhz: 2300, Mhz Limit: 2300
Processor Information for processor 10
  Max Mhz: 2300, Current Mhz: 2300, Mhz Limit: 2300
Processor Information for processor 11
  Max Mhz: 2300, Current Mhz: 1506, Mhz Limit: 2300
Processor Information for processor 12
  Max Mhz: 2300, Current Mhz: 2300, Mhz Limit: 2300
Processor Information for processor 13
  Max Mhz: 2300, Current Mhz: 2300, Mhz Limit: 2300
Processor Information for processor 14
  Max Mhz: 2300, Current Mhz: 2300, Mhz Limit: 2300
Processor Information for processor 15
  Max Mhz: 2300, Current Mhz: 2300, Mhz Limit: 2300
Processor Information for processor 16
  Max Mhz: 2300, Current Mhz: 2300, Mhz Limit: 2300
Processor Information for processor 17
  Max Mhz: 2300, Current Mhz: 2300, Mhz Limit: 2300
Processor Information for processor 18
  Max Mhz: 2300, Current Mhz: 2300, Mhz Limit: 2300
Processor Information for processor 19
  Max Mhz: 2300, Current Mhz: 2300, Mhz Limit: 2300

Memory: 4k page, system-wide physical 16193M (4351M free)
TotalPageFile size 41793M (AvailPageFile size 152M)
current process WorkingSet (physical memory assigned to process): 640M, peak: 714M
current process commit charge ("private bytes"): 708M, peak: 1276M

vm_info: OpenJDK 64-Bit Server VM (17.0.18+8-LTS) for windows-amd64 JRE (17.0.18+8-LTS), built on Jan 15 2026 18:50:45 by "MicrosoftCorporation" with MS VC++ 17.14 (VS2022)

END.
